age,job,marital,education,default,balance,housing,loan,contact,day,month,duration,campaign,pdays,previous,poutcome,y
56,admin.,single,unknown,no,3192,no,no,cellular,19,jun,25,6,-1,0,unknown,no
69,unemployed,divorced,secondary,no,-2520,yes,no,cellular,31,mar,83,3,-1,0,unknown,no
46,technician,divorced,secondary,no,1401,yes,no,telephone,24,jun,275,5,-1,0,unknown,no
32,unknown,divorced,primary,no,485,no,no,cellular,26,oct,97,1,-1,0,unknown,no
60,student,single,primary,no,3414,yes,yes,cellular,2,jul,109,6,-1,0,unknown,no
25,blue-collar,single,secondary,no,2109,yes,no,telephone,26,feb,575,7,-1,0,unknown,yes
38,student,single,unknown,no,5470,no,no,unknown,28,mar,223,5,-1,0,unknown,no
56,technician,married,unknown,no,-388,yes,no,telephone,8,jun,28,5,-1,0,unknown,no
36,technician,single,secondary,no,3556,yes,no,cellular,7,oct,96,6,-1,0,unknown,no
40,unknown,married,tertiary,no,1911,yes,no,telephone,28,sep,20,7,-1,0,unknown,no
28,entrepreneur,married,tertiary,no,-3497,no,no,telephone,5,sep,209,4,-1,0,unknown,no
28,student,single,unknown,no,-1341,yes,no,cellular,4,aug,49,7,-1,0,unknown,no
41,technician,single,primary,no,972,no,no,unknown,11,aug,501,5,-1,0,unknown,yes
70,unemployed,single,tertiary,no,4769,yes,no,telephone,26,sep,222,7,-1,0,unknown,no
53,services,married,tertiary,no,2818,yes,no,unknown,28,nov,15,1,-1,0,unknown,no
57,entrepreneur,divorced,primary,no,-2090,yes,no,telephone,30,nov,92,2,94,1,failure,no
41,unemployed,single,tertiary,no,1000,yes,no,cellular,10,sep,247,2,-1,0,unknown,no
20,entrepreneur,single,secondary,no,7494,no,yes,cellular,1,oct,105,7,-1,0,unknown,no
39,unemployed,single,tertiary,no,1757,yes,yes,telephone,29,nov,185,9,111,1,success,no
70,self-employed,married,primary,no,438,no,yes,telephone,4,sep,619,7,263,2,other,yes
19,blue-collar,married,secondary,no,2902,yes,no,telephone,22,may,111,6,-1,0,unknown,no
41,unemployed,divorced,tertiary,no,3720,yes,no,cellular,31,jun,105,3,-1,0,unknown,no
61,retired,single,unknown,no,50,yes,no,telephone,6,may,442,5,-1,0,unknown,yes
47,unemployed,married,secondary,no,2935,no,no,cellular,18,jan,99,2,-1,0,unknown,no
55,admin.,divorced,secondary,no,433,no,no,telephone,25,apr,20,9,-1,0,unknown,no
19,admin.,single,unknown,no,3587,no,no,cellular,13,nov,51,6,-1,0,unknown,no
38,housemaid,married,unknown,no,1933,yes,no,telephone,13,jan,766,9,-1,0,unknown,yes
50,retired,single,tertiary,no,2873,no,no,unknown,1,dec,698,9,46,4,other,yes
29,retired,single,tertiary,no,-861,yes,no,unknown,4,jan,65,7,-1,0,unknown,no
39,services,married,primary,no,-1048,no,no,cellular,4,mar,208,5,38,4,other,no
61,retired,married,primary,no,4268,no,no,telephone,18,jul,38,4,95,1,other,no
42,services,married,secondary,no,1184,yes,yes,unknown,24,jan,289,1,-1,0,unknown,no
66,housemaid,single,unknown,no,2280,yes,no,telephone,27,jul,52,9,-1,0,unknown,no
44,housemaid,single,unknown,no,501,no,no,telephone,18,oct,13,6,-1,0,unknown,no
59,blue-collar,divorced,primary,no,4127,no,no,telephone,18,oct,449,2,-1,0,unknown,yes
45,admin.,single,secondary,no,-405,yes,no,unknown,15,jan,101,7,-1,0,unknown,no
33,unemployed,married,secondary,no,1014,no,no,cellular,18,sep,29,6,-1,0,unknown,no
32,unemployed,single,primary,no,3788,no,yes,unknown,15,may,463,4,287,2,failure,yes
64,unknown,divorced,primary,no,4952,yes,no,cellular,17,jun,370,6,-1,0,unknown,yes
68,unknown,divorced,primary,no,-152,yes,no,unknown,29,dec,297,6,-1,0,unknown,no
61,management,married,tertiary,no,7319,no,yes,telephone,5,sep,624,5,213,3,failure,yes
72,entrepreneur,married,secondary,no,2365,yes,no,telephone,11,nov,173,1,-1,0,unknown,no
69,blue-collar,divorced,secondary,no,-1715,yes,no,telephone,16,mar,35,3,-1,0,unknown,no
74,management,divorced,secondary,no,2533,no,no,unknown,20,mar,16,7,-1,0,unknown,no
20,management,divorced,primary,no,270,no,no,unknown,2,may,98,2,-1,0,unknown,no
54,technician,married,primary,no,2729,no,no,cellular,17,jul,23,1,-1,0,unknown,no
68,technician,divorced,primary,no,1294,yes,no,unknown,1,mar,197,8,-1,0,unknown,no
24,student,divorced,primary,no,1646,no,no,cellular,18,apr,3,7,-1,0,unknown,no
38,management,married,unknown,no,-1319,no,no,unknown,17,feb,151,6,-1,0,unknown,no
26,retired,single,primary,no,4402,yes,no,telephone,25,sep,50,5,-1,0,unknown,no
56,entrepreneur,single,tertiary,no,-2055,no,yes,unknown,31,oct,118,6,395,3,other,no
35,blue-collar,divorced,unknown,no,-1913,no,no,telephone,18,sep,290,1,-1,0,unknown,no
21,management,single,unknown,no,2528,no,no,unknown,19,nov,111,9,-1,0,unknown,no
42,self-employed,single,primary,no,6245,no,no,cellular,25,feb,107,1,-1,0,unknown,no
31,unemployed,single,secondary,no,362,yes,no,unknown,5,may,1208,4,166,3,other,yes
67,entrepreneur,single,primary,no,3532,yes,no,telephone,30,jan,327,3,-1,0,unknown,yes
26,technician,divorced,secondary,no,4652,no,yes,unknown,13,aug,186,4,-1,0,unknown,no
43,student,single,primary,no,3874,no,no,cellular,24,jun,223,1,-1,0,unknown,no
70,unemployed,single,primary,no,486,no,no,cellular,23,oct,249,4,-1,0,unknown,no
19,technician,married,secondary,no,-1859,yes,no,cellular,31,oct,6,4,-1,0,unknown,no
37,technician,divorced,secondary,no,-5219,yes,no,cellular,30,feb,21,3,-1,0,unknown,no
45,entrepreneur,married,secondary,no,632,yes,yes,unknown,6,feb,270,8,-1,0,unknown,no
64,technician,married,secondary,no,4967,no,no,cellular,13,oct,116,7,-1,0,unknown,no
24,self-employed,divorced,tertiary,no,-1959,yes,no,unknown,18,may,14,9,-1,0,unknown,no
61,housemaid,single,secondary,no,3529,no,no,unknown,30,jul,91,2,211,4,failure,no
25,student,married,primary,no,-1436,yes,no,unknown,29,sep,36,3,-1,0,unknown,no
64,admin.,divorced,primary,no,1742,yes,no,cellular,4,sep,640,6,-1,0,unknown,yes
52,housemaid,single,tertiary,no,3552,yes,yes,cellular,9,dec,58,2,-1,0,unknown,no
31,admin.,divorced,secondary,no,-561,no,no,unknown,23,nov,40,2,-1,0,unknown,no
34,unknown,married,primary,no,1935,no,no,unknown,3,jun,253,2,-1,0,unknown,no
53,unknown,single,tertiary,no,173,no,no,unknown,22,feb,190,2,-1,0,unknown,no
67,technician,single,primary,no,3544,no,no,telephone,24,jun,221,5,-1,0,unknown,no
57,blue-collar,divorced,tertiary,no,2131,yes,no,telephone,24,jan,147,1,-1,0,unknown,no
21,blue-collar,single,tertiary,no,1593,yes,no,cellular,8,nov,162,7,-1,0,unknown,no
19,admin.,married,unknown,no,6112,no,no,telephone,13,nov,389,1,-1,0,unknown,yes
23,unemployed,married,unknown,no,3415,no,no,unknown,24,feb,64,1,-1,0,unknown,no
71,entrepreneur,married,secondary,no,-654,yes,no,unknown,26,dec,130,5,-1,0,unknown,no
59,technician,divorced,unknown,no,1164,no,no,cellular,31,mar,816,7,-1,0,unknown,yes
21,entrepreneur,single,tertiary,no,1194,yes,no,cellular,22,may,54,3,-1,0,unknown,no
71,housemaid,single,primary,no,1664,yes,no,telephone,11,oct,89,7,389,4,other,no
46,blue-collar,single,primary,no,9019,yes,yes,unknown,31,jan,54,9,-1,0,unknown,no
35,retired,married,secondary,no,2538,no,no,cellular,10,dec,5,4,-1,0,unknown,no
43,student,single,unknown,no,-4703,yes,no,cellular,11,oct,81,5,-1,0,unknown,no
61,housemaid,married,secondary,no,-210,yes,no,telephone,3,may,12,8,249,4,success,no
51,student,single,tertiary,no,-4391,yes,no,cellular,25,may,43,9,-1,0,unknown,no
27,self-employed,married,unknown,no,430,yes,no,telephone,14,apr,116,5,-1,0,unknown,no
53,housemaid,single,secondary,no,-4556,yes,yes,unknown,14,mar,5,5,-1,0,unknown,no
31,admin.,divorced,primary,no,-1199,yes,no,telephone,30,jul,360,2,-1,0,unknown,yes
48,self-employed,divorced,primary,no,-3152,yes,no,cellular,19,nov,409,9,239,1,success,yes
65,services,married,secondary,no,2578,no,no,telephone,28,jul,136,6,-1,0,unknown,no
32,housemaid,married,secondary,no,1424,yes,yes,telephone,28,jan,1077,5,-1,0,unknown,yes
25,self-employed,single,secondary,no,2334,yes,yes,unknown,31,jul,293,5,-1,0,unknown,yes
31,technician,single,tertiary,no,1108,yes,no,telephone,4,mar,351,4,-1,0,unknown,yes
40,student,divorced,tertiary,no,-2772,no,no,cellular,31,mar,55,1,-1,0,unknown,no
74,management,single,primary,no,2968,no,no,cellular,26,jun,468,6,-1,0,unknown,yes
57,management,married,tertiary,no,7206,yes,no,unknown,1,jun,748,1,-1,0,unknown,yes
38,technician,married,tertiary,no,2654,no,no,unknown,2,nov,69,2,-1,0,unknown,no
33,services,married,unknown,no,141,no,no,unknown,6,apr,299,7,-1,0,unknown,no
62,services,married,tertiary,no,-2874,no,no,cellular,30,may,354,1,-1,0,unknown,no
35,admin.,married,unknown,no,-1309,yes,yes,telephone,13,mar,93,8,-1,0,unknown,no
64,blue-collar,divorced,tertiary,no,2786,yes,no,cellular,14,mar,166,8,-1,0,unknown,no
70,entrepreneur,divorced,primary,no,4652,no,no,cellular,28,sep,26,7,-1,0,unknown,no
41,student,married,secondary,no,2207,no,no,unknown,1,may,49,7,-1,0,unknown,no
43,services,single,primary,no,3829,no,no,unknown,28,jan,16,1,-1,0,unknown,no
42,retired,married,tertiary,no,3552,yes,yes,telephone,25,sep,211,3,-1,0,unknown,no
62,admin.,divorced,secondary,no,2947,yes,no,telephone,8,oct,253,9,-1,0,unknown,no
58,unknown,married,secondary,no,-558,no,no,telephone,18,jun,639,5,-1,0,unknown,yes
46,unemployed,divorced,secondary,no,1946,no,yes,telephone,14,sep,201,5,-1,0,unknown,no
32,unknown,divorced,unknown,no,-1129,yes,no,cellular,2,nov,77,7,-1,0,unknown,no
62,admin.,married,primary,no,1475,yes,no,telephone,24,jul,15,8,-1,0,unknown,no
18,student,married,unknown,no,2418,yes,no,cellular,12,nov,557,6,234,2,success,yes
42,self-employed,single,secondary,no,6474,no,no,cellular,27,oct,168,5,-1,0,unknown,no
24,housemaid,divorced,primary,no,-2517,no,no,telephone,24,oct,344,1,357,4,failure,no
26,entrepreneur,single,primary,no,2871,no,no,telephone,1,jul,3,9,230,2,other,no
41,unemployed,married,tertiary,no,5880,no,no,cellular,30,may,172,6,-1,0,unknown,no
18,unknown,divorced,unknown,no,3706,yes,no,unknown,21,jul,101,3,-1,0,unknown,no
61,unemployed,single,unknown,no,3929,no,yes,telephone,15,oct,7,7,-1,0,unknown,no
25,retired,single,tertiary,no,3191,no,no,unknown,11,apr,385,4,-1,0,unknown,no
41,retired,single,unknown,no,5329,no,no,cellular,18,nov,185,3,7,4,other,no
28,self-employed,married,secondary,no,-1849,no,yes,unknown,17,nov,104,7,-1,0,unknown,no
68,retired,married,secondary,no,-2747,yes,no,cellular,3,jun,422,6,-1,0,unknown,yes
34,admin.,married,unknown,no,1403,no,yes,unknown,15,feb,152,4,-1,0,unknown,no
25,entrepreneur,divorced,tertiary,yes,-5079,no,no,unknown,13,oct,0,8,-1,0,unknown,no
52,student,married,primary,no,5126,no,no,unknown,3,mar,745,2,-1,0,unknown,yes
52,self-employed,divorced,unknown,no,5096,yes,no,cellular,13,feb,76,6,-1,0,unknown,no
50,admin.,single,primary,no,119,no,yes,cellular,26,oct,458,3,-1,0,unknown,yes
22,management,single,tertiary,no,307,yes,no,cellular,9,feb,437,8,-1,0,unknown,yes
59,housemaid,married,primary,no,1205,yes,no,telephone,10,jul,45,8,-1,0,unknown,no
56,housemaid,single,tertiary,no,1579,yes,no,cellular,1,may,165,1,-1,0,unknown,no
58,retired,married,tertiary,no,1805,no,no,telephone,27,jun,10,2,-1,0,unknown,no
45,management,divorced,secondary,no,3102,yes,no,cellular,2,mar,112,4,-1,0,unknown,no
24,services,single,secondary,no,903,yes,no,telephone,25,oct,338,1,-1,0,unknown,yes
26,services,married,tertiary,no,4261,no,no,unknown,14,may,69,3,-1,0,unknown,no
25,student,single,unknown,no,2764,no,no,unknown,5,may,32,4,-1,0,unknown,no
29,retired,single,secondary,no,-403,no,yes,cellular,25,nov,182,3,-1,0,unknown,no
51,unknown,married,tertiary,no,5440,yes,no,telephone,22,apr,198,5,249,4,other,no
50,admin.,single,primary,no,-2663,no,no,unknown,10,oct,290,7,-1,0,unknown,no
65,retired,single,primary,no,1145,yes,no,unknown,26,apr,367,8,-1,0,unknown,no
72,blue-collar,single,unknown,no,4332,yes,no,telephone,19,dec,307,8,167,1,failure,no
40,unemployed,single,primary,no,-752,yes,no,cellular,8,aug,481,2,-1,0,unknown,yes
41,student,divorced,primary,no,2354,no,no,unknown,13,jun,65,1,-1,0,unknown,no
54,housemaid,single,tertiary,no,3057,yes,no,cellular,9,nov,217,6,-1,0,unknown,no
52,services,single,primary,no,-1166,yes,no,cellular,18,feb,115,1,-1,0,unknown,no
61,technician,married,primary,no,1204,yes,no,telephone,25,feb,844,6,-1,0,unknown,yes
57,services,divorced,primary,no,952,yes,no,telephone,4,feb,149,7,-1,0,unknown,no
39,student,married,primary,no,-237,no,yes,unknown,8,jun,828,9,-1,0,unknown,yes
44,housemaid,married,tertiary,no,8348,no,no,telephone,5,dec,378,1,-1,0,unknown,yes
52,student,married,primary,no,-873,yes,no,unknown,29,jan,327,7,-1,0,unknown,yes
18,unemployed,divorced,unknown,no,4446,yes,no,unknown,6,mar,174,4,-1,0,unknown,no
52,housemaid,married,secondary,no,241,yes,no,unknown,20,jan,151,9,-1,0,unknown,no
54,technician,married,unknown,no,-1846,no,no,cellular,5,apr,192,4,-1,0,unknown,no
64,retired,married,secondary,no,1732,yes,no,cellular,28,jan,89,2,-1,0,unknown,no
31,management,single,unknown,no,3376,yes,no,telephone,1,sep,605,1,-1,0,unknown,yes
20,technician,married,secondary,no,4192,yes,no,telephone,31,nov,408,7,-1,0,unknown,yes
18,housemaid,divorced,secondary,no,6123,yes,yes,unknown,28,dec,417,7,-1,0,unknown,yes
22,housemaid,divorced,secondary,no,10285,yes,no,unknown,19,nov,146,3,-1,0,unknown,no
43,blue-collar,single,secondary,no,2176,yes,no,cellular,30,jun,19,5,152,1,other,no
72,self-employed,divorced,tertiary,no,-572,yes,no,cellular,4,aug,296,7,-1,0,unknown,yes
31,blue-collar,divorced,unknown,no,2785,yes,no,unknown,1,feb,121,8,-1,0,unknown,no
56,entrepreneur,single,secondary,no,621,no,no,unknown,29,jun,527,9,-1,0,unknown,yes
44,blue-collar,married,unknown,no,4209,yes,no,telephone,19,apr,391,1,-1,0,unknown,yes
26,admin.,single,primary,no,-2480,yes,yes,unknown,4,jul,40,9,-1,0,unknown,no
32,management,married,secondary,no,8549,no,no,unknown,14,aug,237,6,361,1,failure,no
32,unemployed,married,unknown,no,3998,no,yes,unknown,14,jun,304,6,-1,0,unknown,no
43,technician,divorced,tertiary,no,-3644,yes,no,cellular,9,jan,216,7,359,3,failure,no
59,housemaid,single,unknown,no,-710,no,no,cellular,19,aug,186,9,-1,0,unknown,no
30,entrepreneur,divorced,secondary,no,3878,yes,no,telephone,11,nov,66,7,-1,0,unknown,no
68,entrepreneur,divorced,primary,no,4962,no,no,telephone,16,jan,69,7,330,3,success,no
49,unemployed,married,unknown,no,-2405,no,no,telephone,19,sep,376,3,-1,0,unknown,yes
56,management,divorced,primary,no,3568,yes,no,unknown,4,feb,4,9,-1,0,unknown,no
66,technician,single,tertiary,no,-4436,yes,no,unknown,9,nov,389,4,163,1,failure,yes
69,services,divorced,unknown,no,1154,yes,no,cellular,25,oct,193,6,-1,0,unknown,no
49,student,divorced,unknown,no,4769,no,no,unknown,17,jun,710,7,-1,0,unknown,yes
21,blue-collar,married,tertiary,no,-236,no,no,unknown,15,aug,1528,9,-1,0,unknown,yes
47,student,single,tertiary,no,-3111,no,no,cellular,8,may,280,3,-1,0,unknown,yes
54,student,divorced,tertiary,no,1862,yes,no,telephone,26,feb,137,2,-1,0,unknown,no
40,retired,married,secondary,no,-396,yes,no,unknown,13,may,166,2,-1,0,unknown,no
56,student,divorced,secondary,no,3317,no,no,cellular,1,jan,58,2,-1,0,unknown,no
62,entrepreneur,single,unknown,no,-1240,yes,no,cellular,2,aug,26,9,-1,0,unknown,no
32,blue-collar,divorced,unknown,no,-901,yes,no,telephone,10,aug,223,8,-1,0,unknown,no
60,blue-collar,divorced,unknown,no,-4658,yes,no,cellular,27,feb,422,9,-1,0,unknown,yes
46,admin.,married,primary,no,1934,no,no,telephone,21,jun,78,9,-1,0,unknown,no
53,management,divorced,tertiary,no,938,no,no,telephone,27,nov,140,1,-1,0,unknown,no
30,retired,married,unknown,no,-2152,no,no,telephone,13,aug,208,9,-1,0,unknown,no
49,student,single,tertiary,no,2006,yes,no,telephone,31,oct,615,1,-1,0,unknown,yes
24,self-employed,divorced,secondary,no,4513,no,no,telephone,11,aug,38,5,226,3,other,no
68,services,single,tertiary,no,774,no,yes,cellular,14,dec,69,4,-1,0,unknown,no
39,housemaid,single,primary,no,2229,yes,no,unknown,16,jul,646,8,-1,0,unknown,yes
45,admin.,divorced,primary,no,2245,yes,no,telephone,28,mar,10,5,-1,0,unknown,no
19,blue-collar,married,tertiary,no,-2200,yes,no,telephone,29,dec,275,9,-1,0,unknown,no
59,blue-collar,single,primary,no,7611,no,no,unknown,6,nov,263,1,-1,0,unknown,no
62,unknown,single,primary,no,6,yes,no,unknown,2,apr,124,8,-1,0,unknown,no
74,retired,divorced,secondary,no,3397,yes,no,telephone,26,jan,162,6,-1,0,unknown,no
70,student,divorced,unknown,no,3737,yes,no,unknown,5,sep,498,1,-1,0,unknown,yes
23,retired,divorced,primary,no,1002,no,no,telephone,19,oct,46,2,-1,0,unknown,no
45,unknown,divorced,unknown,no,3248,yes,no,cellular,7,oct,67,4,263,3,success,no
45,retired,divorced,tertiary,no,2162,yes,yes,unknown,28,feb,185,5,-1,0,unknown,no
61,blue-collar,divorced,tertiary,no,-2842,yes,no,unknown,28,oct,136,1,-1,0,unknown,no
61,entrepreneur,married,primary,no,423,yes,no,cellular,17,jul,220,7,240,3,failure,no
37,technician,single,tertiary,no,-420,yes,no,unknown,5,aug,654,4,-1,0,unknown,yes
47,blue-collar,married,secondary,no,33,yes,no,cellular,12,apr,642,1,-1,0,unknown,yes
28,admin.,married,primary,no,-2500,no,no,telephone,19,nov,67,6,-1,0,unknown,no
72,management,divorced,primary,no,4812,no,yes,unknown,27,nov,92,9,43,3,failure,no
45,unknown,single,primary,no,6243,no,no,unknown,18,oct,45,9,-1,0,unknown,no
42,services,married,tertiary,no,4365,yes,no,cellular,28,jan,678,4,-1,0,unknown,yes
56,housemaid,divorced,tertiary,no,5246,no,no,telephone,12,may,130,7,-1,0,unknown,no
50,services,divorced,primary,no,385,yes,no,telephone,3,oct,154,1,-1,0,unknown,no
18,blue-collar,single,unknown,no,-491,yes,no,cellular,26,oct,418,9,-1,0,unknown,yes
74,admin.,married,tertiary,no,-919,no,no,unknown,4,jun,185,1,-1,0,unknown,no
44,student,married,tertiary,no,3360,no,no,unknown,15,jul,32,9,-1,0,unknown,no
74,blue-collar,married,primary,no,2106,yes,no,cellular,15,jan,148,6,-1,0,unknown,no
69,management,divorced,unknown,no,1190,no,no,cellular,11,apr,256,7,-1,0,unknown,no
30,entrepreneur,single,primary,no,5320,no,yes,cellular,2,dec,327,4,-1,0,unknown,yes
58,self-employed,single,tertiary,no,2641,no,no,unknown,18,may,267,9,-1,0,unknown,no
20,housemaid,married,primary,no,-1100,no,yes,cellular,3,may,32,6,-1,0,unknown,no
56,management,divorced,primary,no,-625,no,no,telephone,18,jul,93,6,-1,0,unknown,no
23,unknown,married,primary,no,3475,yes,no,cellular,14,apr,341,6,-1,0,unknown,no
25,student,single,unknown,no,4557,yes,no,telephone,6,oct,547,4,-1,0,unknown,yes
44,unknown,divorced,primary,no,3083,no,no,telephone,2,jul,12,7,-1,0,unknown,no
26,blue-collar,married,tertiary,no,7130,yes,no,cellular,1,aug,11,2,-1,0,unknown,no
54,admin.,married,primary,no,6342,yes,no,telephone,8,feb,266,2,-1,0,unknown,no
50,management,divorced,unknown,no,2750,yes,no,unknown,10,jan,204,6,-1,0,unknown,no
68,unemployed,single,secondary,no,-1100,yes,yes,cellular,31,oct,43,9,59,4,failure,no
59,student,divorced,unknown,no,-2518,no,no,unknown,20,oct,205,3,68,2,failure,no
61,admin.,married,primary,no,257,no,no,unknown,18,jan,946,7,-1,0,unknown,yes
41,entrepreneur,married,secondary,no,3689,yes,no,telephone,20,jan,257,9,-1,0,unknown,no
32,student,married,primary,no,6919,no,yes,unknown,11,sep,153,9,-1,0,unknown,no
71,unknown,married,unknown,yes,2679,no,no,unknown,18,apr,453,3,-1,0,unknown,yes
49,student,single,secondary,no,4939,yes,no,cellular,27,sep,61,1,-1,0,unknown,no
49,self-employed,single,secondary,no,684,no,no,cellular,16,jul,138,2,-1,0,unknown,no
41,blue-collar,married,primary,no,3296,yes,no,unknown,5,jul,193,8,-1,0,unknown,no
58,retired,single,primary,no,3900,yes,no,telephone,7,feb,181,7,-1,0,unknown,no
69,unknown,single,unknown,no,-4533,yes,no,telephone,22,feb,654,1,-1,0,unknown,yes
66,self-employed,single,primary,no,178,no,no,cellular,2,dec,89,3,-1,0,unknown,no
66,housemaid,married,secondary,no,4280,yes,no,cellular,11,may,15,8,-1,0,unknown,no
69,technician,divorced,tertiary,no,2248,no,no,cellular,13,oct,640,7,-1,0,unknown,yes
29,retired,divorced,tertiary,no,-2177,no,no,telephone,20,jan,63,5,-1,0,unknown,no
56,blue-collar,divorced,unknown,no,-5889,yes,no,cellular,24,jul,122,3,-1,0,unknown,no
19,unemployed,married,primary,no,322,yes,no,unknown,28,nov,195,7,116,4,failure,no
20,retired,single,unknown,no,1207,yes,no,telephone,16,jul,960,5,-1,0,unknown,yes
66,housemaid,single,tertiary,no,-1236,yes,yes,unknown,30,nov,197,1,-1,0,unknown,no
54,admin.,married,tertiary,no,1853,no,no,cellular,14,aug,153,5,-1,0,unknown,no
66,unemployed,married,primary,no,2946,yes,yes,telephone,7,jul,226,3,-1,0,unknown,no
73,unknown,divorced,secondary,no,3441,no,no,cellular,7,aug,911,2,-1,0,unknown,yes
34,unemployed,divorced,primary,no,-5665,yes,yes,telephone,12,mar,439,3,-1,0,unknown,yes
66,management,married,tertiary,no,-2531,no,no,cellular,12,mar,47,4,-1,0,unknown,no
19,housemaid,divorced,secondary,no,506,no,no,telephone,20,aug,419,1,-1,0,unknown,yes
19,student,single,unknown,no,3144,no,no,telephone,1,sep,474,4,-1,0,unknown,yes
45,self-employed,married,tertiary,no,2895,no,no,telephone,23,oct,302,9,-1,0,unknown,no
71,retired,married,unknown,no,2842,yes,no,unknown,6,apr,276,1,-1,0,unknown,no
40,management,single,secondary,no,269,yes,no,cellular,8,aug,149,7,-1,0,unknown,no
54,unemployed,single,unknown,no,437,no,no,cellular,27,jan,264,8,-1,0,unknown,no
49,management,single,tertiary,no,-768,no,no,telephone,13,feb,345,9,66,2,other,yes
50,services,divorced,primary,yes,3734,yes,no,unknown,5,oct,33,7,-1,0,unknown,no
18,housemaid,married,unknown,no,-1346,yes,no,telephone,24,oct,76,9,-1,0,unknown,no
36,self-employed,divorced,tertiary,no,3980,yes,no,cellular,10,oct,55,3,-1,0,unknown,no
19,entrepreneur,single,tertiary,no,2048,no,no,cellular,27,sep,474,1,-1,0,unknown,yes
70,admin.,divorced,secondary,no,1287,yes,no,telephone,14,feb,293,2,-1,0,unknown,no
61,unemployed,single,tertiary,no,-553,yes,no,telephone,24,feb,154,1,-1,0,unknown,no
43,housemaid,divorced,primary,no,-2655,no,no,telephone,9,aug,451,2,-1,0,unknown,yes
49,entrepreneur,divorced,primary,no,-525,yes,no,cellular,17,may,325,9,-1,0,unknown,no
23,entrepreneur,single,unknown,no,430,yes,no,telephone,3,may,631,5,-1,0,unknown,yes
49,blue-collar,divorced,unknown,no,-5705,yes,yes,telephone,12,nov,20,4,-1,0,unknown,no
72,self-employed,married,unknown,no,829,yes,no,cellular,12,jun,183,2,188,2,success,no
21,management,divorced,unknown,no,4204,yes,no,telephone,11,aug,316,3,-1,0,unknown,no
72,entrepreneur,divorced,primary,no,3129,yes,no,unknown,22,aug,59,9,-1,0,unknown,no
28,services,married,secondary,no,-70,yes,no,cellular,29,sep,102,3,-1,0,unknown,no
73,housemaid,single,unknown,no,1564,no,yes,telephone,4,oct,140,8,-1,0,unknown,no
34,technician,married,secondary,no,-250,no,no,telephone,8,nov,408,1,-1,0,unknown,no
55,technician,divorced,tertiary,no,1870,yes,no,cellular,10,mar,175,5,-1,0,unknown,no
41,student,single,tertiary,no,6057,yes,no,cellular,14,sep,175,2,-1,0,unknown,no
22,student,divorced,unknown,no,4337,no,no,unknown,30,nov,145,4,33,4,other,no
69,unemployed,divorced,tertiary,yes,2990,yes,no,telephone,1,mar,66,2,-1,0,unknown,no
51,student,married,secondary,no,-60,yes,yes,telephone,31,jan,661,3,-1,0,unknown,yes
23,unknown,married,secondary,no,3679,yes,no,telephone,12,dec,98,5,355,4,failure,no
39,management,single,tertiary,no,-3652,no,no,cellular,5,nov,216,2,-1,0,unknown,no
28,unknown,single,unknown,no,663,yes,no,cellular,14,may,41,9,-1,0,unknown,no
65,entrepreneur,single,secondary,no,3179,no,yes,cellular,4,jul,146,8,-1,0,unknown,no
33,housemaid,divorced,secondary,no,3650,no,yes,telephone,28,mar,604,5,-1,0,unknown,yes
50,unemployed,married,primary,no,3438,no,no,telephone,17,sep,1392,1,-1,0,unknown,yes
26,retired,married,unknown,no,2310,yes,no,cellular,26,jan,115,5,5,1,other,no
23,entrepreneur,married,primary,no,834,no,no,unknown,22,jun,43,4,284,1,failure,no
33,management,single,tertiary,no,3041,yes,yes,telephone,31,dec,97,9,343,1,failure,no
46,technician,married,tertiary,no,-1444,no,no,unknown,26,dec,102,2,-1,0,unknown,no
20,self-employed,married,primary,no,-1118,yes,yes,cellular,13,jun,266,7,352,2,failure,no
37,student,married,unknown,no,1608,yes,no,telephone,31,aug,176,2,-1,0,unknown,no
53,blue-collar,single,secondary,no,1944,no,no,unknown,3,mar,377,3,-1,0,unknown,yes
36,housemaid,married,tertiary,no,-4070,yes,no,telephone,11,dec,311,3,-1,0,unknown,yes
43,admin.,single,unknown,no,2792,yes,no,unknown,31,may,74,8,-1,0,unknown,no
20,self-employed,married,unknown,no,3748,yes,no,telephone,11,nov,395,2,-1,0,unknown,yes
36,unknown,married,tertiary,no,1190,no,yes,unknown,5,oct,485,1,-1,0,unknown,yes
37,student,married,tertiary,no,8567,yes,no,unknown,6,nov,235,6,-1,0,unknown,no
49,unemployed,single,unknown,no,-631,no,no,cellular,4,may,677,6,168,4,success,yes
24,unknown,single,secondary,no,336,no,no,cellular,10,aug,394,1,-1,0,unknown,yes
69,housemaid,married,primary,no,234,no,no,unknown,10,jul,233,5,-1,0,unknown,no
58,unknown,divorced,tertiary,no,1193,yes,no,telephone,12,mar,610,9,375,2,other,yes
50,housemaid,single,primary,no,433,no,no,unknown,22,jul,236,5,-1,0,unknown,no
57,unknown,single,unknown,no,-2810,yes,no,telephone,23,oct,190,7,323,4,failure,no
56,self-employed,married,primary,no,-221,no,no,telephone,18,aug,113,6,-1,0,unknown,no
35,services,divorced,secondary,no,1129,no,no,telephone,30,may,553,4,-1,0,unknown,yes
57,self-employed,married,unknown,no,5119,yes,no,telephone,15,nov,33,2,-1,0,unknown,no
18,retired,single,secondary,no,8049,no,no,cellular,23,may,165,5,-1,0,unknown,no
28,entrepreneur,single,unknown,no,5441,yes,yes,unknown,23,nov,198,9,-1,0,unknown,no
45,entrepreneur,married,secondary,no,-910,yes,no,telephone,18,jan,208,3,-1,0,unknown,no
74,management,married,unknown,no,-670,yes,yes,cellular,3,aug,272,3,-1,0,unknown,no
42,student,divorced,secondary,no,943,no,no,telephone,3,jun,181,7,-1,0,unknown,no
67,self-employed,divorced,unknown,no,6792,no,no,telephone,1,jun,76,2,-1,0,unknown,no
40,self-employed,single,secondary,no,925,no,no,cellular,17,may,501,8,-1,0,unknown,yes
48,admin.,divorced,unknown,no,-2571,no,no,cellular,10,may,276,7,2,2,failure,no
47,admin.,divorced,secondary,no,-85,yes,no,telephone,27,mar,503,8,-1,0,unknown,yes
59,management,single,tertiary,no,3700,no,no,unknown,6,dec,83,6,231,3,other,no
52,blue-collar,single,primary,no,3499,yes,yes,cellular,25,mar,261,5,-1,0,unknown,no
24,entrepreneur,single,unknown,yes,820,no,no,unknown,25,feb,323,4,-1,0,unknown,no
33,blue-collar,single,secondary,no,3479,no,no,telephone,11,sep,124,8,-1,0,unknown,no
43,student,married,tertiary,no,-5416,yes,no,telephone,14,aug,431,2,76,3,success,yes
65,housemaid,single,unknown,no,1735,yes,no,telephone,17,nov,0,6,-1,0,unknown,no
74,housemaid,single,unknown,no,4012,yes,no,telephone,28,mar,233,6,-1,0,unknown,no
69,technician,single,unknown,no,-1083,no,no,telephone,7,may,245,5,-1,0,unknown,no
66,unknown,divorced,primary,no,-1093,yes,no,telephone,22,oct,196,2,-1,0,unknown,no
19,admin.,single,secondary,no,-4193,yes,no,unknown,4,may,256,5,-1,0,unknown,no
18,technician,married,secondary,no,6206,no,no,cellular,11,aug,47,3,-1,0,unknown,no
65,retired,married,unknown,no,-743,yes,no,telephone,19,jun,297,7,376,1,other,yes
29,management,single,unknown,no,2148,yes,no,cellular,9,jul,105,7,-1,0,unknown,no
22,management,married,unknown,no,3240,no,no,unknown,26,may,155,8,-1,0,unknown,no
54,housemaid,divorced,tertiary,no,5972,yes,no,telephone,21,dec,104,9,351,1,failure,no
49,self-employed,single,unknown,no,959,no,no,telephone,8,jan,165,1,-1,0,unknown,no
72,entrepreneur,married,primary,no,-200,yes,no,cellular,20,aug,250,4,322,3,success,no
26,blue-collar,married,secondary,no,1943,yes,yes,cellular,4,apr,470,6,-1,0,unknown,yes
58,admin.,single,primary,no,5286,yes,no,cellular,16,may,170,7,-1,0,unknown,no
52,technician,married,unknown,no,910,yes,no,telephone,6,jan,100,5,-1,0,unknown,no
36,blue-collar,single,tertiary,no,-1450,no,no,cellular,6,mar,172,6,146,1,success,no
65,self-employed,married,unknown,no,-3213,no,no,cellular,19,feb,301,1,65,4,success,no
33,technician,divorced,unknown,no,-2251,yes,no,unknown,31,dec,109,5,-1,0,unknown,no
20,unknown,married,unknown,no,4023,yes,no,telephone,2,feb,138,2,-1,0,unknown,no
37,retired,married,unknown,no,458,yes,no,telephone,11,jan,213,2,292,3,other,no
41,retired,single,unknown,no,-405,yes,no,telephone,25,jun,89,1,370,2,other,no
71,blue-collar,married,secondary,no,-731,yes,no,cellular,18,aug,60,9,-1,0,unknown,no
73,blue-collar,single,primary,no,1678,no,no,unknown,9,mar,39,4,-1,0,unknown,no
50,blue-collar,divorced,tertiary,no,702,yes,no,cellular,28,jan,112,4,142,4,success,no
41,technician,single,unknown,no,601,yes,no,telephone,16,oct,12,9,-1,0,unknown,no
69,unknown,single,tertiary,no,5483,yes,no,cellular,11,feb,225,5,-1,0,unknown,no
28,services,married,secondary,no,6050,yes,no,telephone,14,mar,49,4,237,1,success,no
66,blue-collar,divorced,primary,no,-3421,no,no,cellular,8,jun,122,7,-1,0,unknown,no
25,entrepreneur,single,unknown,no,2408,yes,yes,cellular,27,mar,80,5,306,1,failure,no
53,student,married,secondary,no,-914,yes,no,telephone,13,sep,256,8,-1,0,unknown,no
55,self-employed,married,secondary,no,676,yes,yes,cellular,10,dec,490,3,-1,0,unknown,yes
57,student,single,primary,no,2353,no,no,telephone,23,jan,258,8,-1,0,unknown,no
37,admin.,married,unknown,no,782,yes,no,cellular,12,jul,201,6,-1,0,unknown,no
52,admin.,single,primary,no,2116,no,no,cellular,21,oct,285,9,-1,0,unknown,no
65,self-employed,single,primary,no,3447,yes,no,cellular,29,aug,7,6,-1,0,unknown,no
42,technician,single,tertiary,no,2309,no,no,telephone,3,sep,33,4,-1,0,unknown,no
52,self-employed,divorced,tertiary,no,-523,no,no,cellular,2,aug,25,2,-1,0,unknown,no
42,student,single,primary,no,-470,yes,no,cellular,11,may,26,3,112,2,success,no
46,student,married,tertiary,no,-2909,no,no,unknown,24,jan,77,7,-1,0,unknown,no
35,blue-collar,divorced,secondary,no,-1146,no,no,unknown,18,jan,195,5,-1,0,unknown,no
63,housemaid,married,primary,no,7326,yes,no,telephone,24,aug,31,7,-1,0,unknown,no
35,management,divorced,unknown,no,-960,yes,no,telephone,21,jul,705,7,-1,0,unknown,yes
19,services,divorced,unknown,no,-2167,no,no,telephone,25,may,496,6,-1,0,unknown,yes
71,student,divorced,secondary,yes,2385,no,no,telephone,4,oct,919,2,-1,0,unknown,yes
52,entrepreneur,divorced,unknown,no,1090,no,no,cellular,8,mar,11,5,159,4,other,no
33,self-employed,married,unknown,no,834,no,no,cellular,29,sep,491,6,-1,0,unknown,yes
58,unknown,single,primary,no,5662,no,no,telephone,11,apr,420,8,8,3,success,yes
53,housemaid,married,secondary,no,3075,no,no,telephone,15,jun,599,1,95,4,other,yes
50,student,single,primary,no,-171,no,no,unknown,23,nov,193,7,-1,0,unknown,no
21,self-employed,married,secondary,no,145,yes,no,telephone,28,apr,400,5,-1,0,unknown,yes
50,retired,divorced,primary,no,-89,no,no,unknown,24,sep,13,7,182,4,failure,no
31,housemaid,divorced,primary,no,4055,yes,no,telephone,21,apr,20,3,96,4,success,no
38,technician,single,tertiary,no,495,yes,no,telephone,2,aug,32,4,-1,0,unknown,no
65,services,single,unknown,no,-3972,no,yes,cellular,23,nov,635,2,-1,0,unknown,yes
37,unemployed,married,secondary,no,1277,yes,no,telephone,19,dec,16,6,-1,0,unknown,no
73,unemployed,single,unknown,no,-3201,yes,no,unknown,15,dec,27,5,-1,0,unknown,no
25,blue-collar,married,tertiary,no,7995,yes,no,cellular,29,mar,687,1,289,2,other,yes
24,blue-collar,single,secondary,no,-1482,no,no,unknown,26,aug,29,1,386,2,failure,no
20,technician,single,tertiary,no,935,no,yes,telephone,26,nov,525,8,-1,0,unknown,yes
34,unknown,single,unknown,no,2199,yes,no,cellular,26,mar,401,8,-1,0,unknown,no
50,blue-collar,divorced,primary,no,554,yes,no,unknown,31,nov,10,6,-1,0,unknown,no
65,management,divorced,tertiary,no,550,yes,no,telephone,28,may,5,9,-1,0,unknown,no
29,student,married,tertiary,no,2692,yes,no,unknown,27,jan,197,1,-1,0,unknown,no
68,services,single,primary,no,6015,yes,no,telephone,26,jun,1514,8,-1,0,unknown,yes
39,self-employed,married,unknown,no,3732,yes,yes,unknown,13,nov,544,2,-1,0,unknown,yes
72,technician,single,tertiary,no,5871,yes,no,telephone,2,feb,95,8,-1,0,unknown,no
39,admin.,divorced,unknown,no,-1726,yes,no,unknown,3,dec,125,3,-1,0,unknown,no
63,self-employed,divorced,primary,no,2377,yes,no,cellular,30,mar,126,6,-1,0,unknown,no
47,self-employed,single,secondary,no,1890,no,no,telephone,14,nov,341,7,66,1,success,yes
55,retired,single,tertiary,no,2479,no,no,telephone,20,jan,107,3,135,2,success,no
55,technician,divorced,unknown,no,5564,no,yes,unknown,26,nov,41,2,-1,0,unknown,no
62,technician,divorced,primary,no,758,no,no,telephone,13,jun,354,1,-1,0,unknown,no
68,unemployed,married,primary,no,202,yes,yes,cellular,27,may,158,5,-1,0,unknown,no
71,entrepreneur,divorced,tertiary,no,3029,no,yes,unknown,23,oct,20,1,-1,0,unknown,no
25,unknown,single,secondary,no,-3927,yes,no,unknown,26,feb,402,1,-1,0,unknown,no
44,entrepreneur,married,tertiary,no,710,no,no,unknown,16,nov,227,5,-1,0,unknown,no
44,management,single,unknown,no,1019,no,yes,cellular,31,aug,173,3,148,3,success,no
51,admin.,married,primary,no,-1346,no,no,cellular,12,sep,288,3,261,1,failure,no
38,self-employed,single,secondary,no,4603,no,no,telephone,1,mar,181,7,324,4,failure,no
47,unemployed,divorced,unknown,no,-1773,no,no,unknown,6,dec,269,3,-1,0,unknown,no
50,admin.,single,tertiary,no,1014,no,no,cellular,13,jun,521,2,-1,0,unknown,yes
45,self-employed,married,primary,no,2305,yes,no,telephone,22,jun,245,3,-1,0,unknown,no
64,management,single,tertiary,no,5495,no,no,cellular,24,oct,278,4,-1,0,unknown,no
50,entrepreneur,married,secondary,no,1391,yes,yes,cellular,2,jun,245,9,-1,0,unknown,no
22,technician,single,secondary,no,4239,no,no,cellular,18,aug,195,2,-1,0,unknown,no
65,blue-collar,divorced,secondary,no,3531,yes,no,telephone,17,dec,48,6,-1,0,unknown,no
36,blue-collar,divorced,secondary,no,1794,yes,yes,cellular,19,may,105,5,-1,0,unknown,no
21,student,single,secondary,no,-1855,no,yes,cellular,23,oct,304,6,220,2,success,no
52,housemaid,single,tertiary,no,-2893,yes,yes,cellular,15,oct,142,5,-1,0,unknown,no
66,retired,single,secondary,no,1743,no,yes,unknown,8,aug,134,6,-1,0,unknown,no
34,unknown,married,secondary,no,-209,yes,no,cellular,23,dec,367,4,-1,0,unknown,no
61,management,single,primary,no,4189,no,no,unknown,9,mar,1,8,-1,0,unknown,no
45,retired,single,secondary,no,3667,no,no,cellular,31,jul,293,9,-1,0,unknown,no
47,student,married,primary,no,867,no,no,unknown,8,jan,173,7,-1,0,unknown,no
46,student,divorced,primary,no,-2060,yes,no,cellular,8,apr,121,1,-1,0,unknown,no
63,unknown,single,primary,no,2959,yes,no,unknown,11,may,107,5,-1,0,unknown,no
70,self-employed,single,tertiary,no,-1640,no,no,unknown,18,jul,48,7,-1,0,unknown,no
23,retired,divorced,tertiary,no,-859,yes,yes,unknown,17,jun,104,5,-1,0,unknown,no
52,entrepreneur,divorced,unknown,no,-1524,yes,no,cellular,22,jun,128,5,-1,0,unknown,no
58,unknown,married,unknown,no,1006,no,no,telephone,23,feb,148,5,366,4,failure,no
54,student,single,primary,no,4944,yes,no,unknown,6,nov,287,5,-1,0,unknown,no
41,entrepreneur,single,tertiary,no,1407,yes,yes,unknown,23,feb,155,5,-1,0,unknown,no
46,technician,married,secondary,no,89,yes,no,unknown,24,feb,410,1,-1,0,unknown,yes
66,unemployed,divorced,unknown,no,-3167,yes,no,unknown,2,oct,263,6,-1,0,unknown,no
63,entrepreneur,married,tertiary,no,3084,no,no,unknown,1,dec,54,6,-1,0,unknown,no
70,self-employed,divorced,secondary,no,-925,yes,yes,telephone,10,aug,83,8,-1,0,unknown,no
48,blue-collar,married,secondary,no,1776,no,no,cellular,8,jul,21,5,-1,0,unknown,no
52,retired,divorced,tertiary,no,357,yes,no,telephone,16,jan,751,2,-1,0,unknown,yes
50,self-employed,married,unknown,no,3945,yes,no,cellular,24,sep,561,7,-1,0,unknown,yes
69,housemaid,divorced,tertiary,no,949,no,no,telephone,14,nov,22,1,-1,0,unknown,no
38,services,divorced,unknown,no,1245,yes,no,cellular,24,nov,220,5,-1,0,unknown,no
49,student,divorced,primary,no,2884,no,no,unknown,16,aug,833,5,-1,0,unknown,yes
40,unknown,divorced,tertiary,no,7762,no,no,cellular,14,sep,354,3,-1,0,unknown,no
50,management,divorced,tertiary,no,4096,yes,no,cellular,26,apr,174,2,-1,0,unknown,no
20,housemaid,single,unknown,no,1156,no,yes,unknown,7,may,71,4,-1,0,unknown,no
35,blue-collar,divorced,unknown,no,1432,yes,no,unknown,18,nov,84,7,-1,0,unknown,no
42,entrepreneur,single,tertiary,no,-156,yes,no,cellular,20,may,343,3,-1,0,unknown,no
59,unemployed,divorced,secondary,no,-1435,yes,no,cellular,9,nov,391,6,-1,0,unknown,no
48,self-employed,single,secondary,no,-240,no,no,unknown,24,sep,194,7,-1,0,unknown,no
71,technician,single,secondary,no,-900,yes,no,telephone,4,aug,33,2,126,4,failure,no
20,services,married,primary,no,3388,no,yes,unknown,24,oct,700,3,-1,0,unknown,yes
57,admin.,divorced,primary,no,-1800,yes,no,cellular,26,jun,480,9,194,2,other,yes
63,housemaid,married,unknown,no,5434,yes,no,cellular,29,nov,39,1,-1,0,unknown,no
41,unemployed,married,primary,no,3685,yes,no,cellular,16,oct,15,8,-1,0,unknown,no
67,admin.,divorced,secondary,no,1484,no,no,unknown,22,nov,198,1,-1,0,unknown,no
49,services,married,tertiary,no,1423,no,no,unknown,11,oct,86,3,192,1,failure,no
64,management,divorced,primary,no,-253,yes,no,telephone,9,jan,85,6,-1,0,unknown,no
39,management,married,primary,no,2235,no,no,cellular,17,jul,23,8,-1,0,unknown,no
40,retired,divorced,secondary,no,4697,yes,no,cellular,22,sep,790,7,246,2,success,yes
19,services,divorced,primary,no,-692,no,no,unknown,11,dec,457,3,-1,0,unknown,yes
44,services,divorced,unknown,no,-3190,no,no,cellular,20,apr,31,6,-1,0,unknown,no
59,admin.,single,tertiary,no,3538,no,no,telephone,3,apr,539,1,-1,0,unknown,yes
19,unemployed,married,secondary,no,2399,no,no,unknown,21,may,296,8,109,1,failure,no
43,self-employed,single,unknown,no,-1947,yes,no,cellular,26,aug,101,9,-1,0,unknown,no
34,unknown,married,secondary,no,-783,no,no,unknown,11,nov,528,9,-1,0,unknown,yes
57,admin.,married,unknown,no,-1162,no,no,unknown,8,may,235,4,-1,0,unknown,no
50,technician,married,tertiary,no,-757,yes,yes,telephone,31,apr,487,4,292,3,failure,yes
26,management,single,tertiary,no,449,no,no,unknown,27,aug,163,7,-1,0,unknown,no
60,management,married,unknown,no,620,yes,no,cellular,10,nov,179,7,-1,0,unknown,no
71,retired,single,unknown,no,-535,yes,no,telephone,6,may,88,6,-1,0,unknown,no
65,self-employed,divorced,unknown,no,-858,yes,no,unknown,17,aug,126,7,-1,0,unknown,no
56,technician,married,unknown,no,734,yes,yes,cellular,6,jan,216,1,-1,0,unknown,no
46,management,married,unknown,no,1927,yes,no,unknown,7,mar,758,9,69,1,success,yes
59,admin.,divorced,unknown,no,471,no,no,unknown,13,jul,236,6,-1,0,unknown,no
72,technician,divorced,tertiary,no,4909,yes,no,telephone,6,dec,41,8,56,3,other,no
43,admin.,married,unknown,no,2951,no,yes,telephone,3,jan,1,5,-1,0,unknown,no
52,unknown,divorced,primary,no,-3363,yes,yes,telephone,27,nov,491,7,-1,0,unknown,yes
67,unknown,single,tertiary,no,2998,yes,no,telephone,25,may,116,3,-1,0,unknown,no
42,management,single,secondary,no,3245,yes,no,cellular,13,jun,97,1,-1,0,unknown,no
41,management,married,tertiary,no,114,yes,yes,unknown,10,dec,416,7,-1,0,unknown,yes
30,unemployed,single,secondary,no,-3076,no,yes,telephone,26,jan,750,5,-1,0,unknown,yes
24,unknown,single,secondary,no,1447,no,no,cellular,4,jul,355,1,389,4,success,no
74,self-employed,married,primary,no,1399,yes,no,telephone,5,sep,49,9,-1,0,unknown,no
53,self-employed,divorced,unknown,no,-1952,yes,yes,unknown,21,sep,128,9,194,1,failure,no
62,housemaid,married,unknown,no,-2943,no,no,telephone,19,mar,367,6,71,3,other,yes
37,housemaid,single,tertiary,no,1159,yes,no,unknown,28,apr,612,9,-1,0,unknown,yes
18,retired,married,unknown,no,721,yes,no,unknown,18,jan,1695,7,337,3,success,yes
25,unknown,married,primary,no,167,no,no,cellular,24,apr,184,8,-1,0,unknown,no
63,admin.,single,tertiary,no,1172,yes,no,telephone,7,may,446,2,-1,0,unknown,yes
33,admin.,single,tertiary,no,-1895,no,no,telephone,21,jul,12,2,321,1,failure,no
31,blue-collar,married,tertiary,no,114,no,no,unknown,29,may,86,4,-1,0,unknown,no
29,technician,single,unknown,no,3027,yes,no,telephone,1,aug,119,1,-1,0,unknown,no
68,entrepreneur,single,unknown,no,369,yes,no,unknown,26,jul,957,8,-1,0,unknown,yes
40,housemaid,single,unknown,no,-3607,no,no,cellular,17,jan,0,5,-1,0,unknown,no
32,management,single,tertiary,no,0,yes,no,telephone,24,dec,94,7,-1,0,unknown,no
45,retired,single,tertiary,no,-1797,no,no,unknown,20,feb,687,2,-1,0,unknown,yes
51,self-employed,single,secondary,no,2226,no,no,telephone,29,jul,94,5,-1,0,unknown,no
19,entrepreneur,divorced,secondary,no,2382,yes,no,telephone,20,mar,65,9,336,2,other,no
49,services,married,unknown,no,-3568,no,no,cellular,30,feb,337,9,137,1,success,yes
40,retired,single,tertiary,no,3706,yes,yes,unknown,25,nov,352,2,-1,0,unknown,no
39,services,married,unknown,no,-1923,yes,yes,cellular,18,dec,164,2,-1,0,unknown,no
68,student,divorced,unknown,no,6114,no,no,cellular,5,sep,757,5,-1,0,unknown,yes
42,unknown,single,secondary,no,1276,no,no,cellular,22,dec,58,3,353,1,success,no
39,services,married,primary,no,-2327,no,no,unknown,6,oct,631,1,-1,0,unknown,yes
39,services,single,unknown,no,-2013,yes,no,unknown,10,aug,363,1,-1,0,unknown,yes
66,student,single,primary,no,2470,no,no,telephone,28,aug,118,5,65,1,failure,no
69,unemployed,single,primary,no,245,yes,no,unknown,30,mar,424,3,-1,0,unknown,yes
59,unemployed,single,tertiary,no,1132,no,no,cellular,19,nov,36,9,-1,0,unknown,no
23,unemployed,single,tertiary,no,6275,yes,yes,unknown,10,oct,36,3,-1,0,unknown,no
32,unknown,single,unknown,no,-681,no,yes,telephone,6,sep,685,3,201,4,failure,yes
71,entrepreneur,single,secondary,no,1603,no,yes,cellular,10,aug,25,3,-1,0,unknown,no
60,retired,divorced,secondary,no,5695,no,no,telephone,10,dec,1,1,-1,0,unknown,no
54,retired,divorced,unknown,no,2236,no,no,unknown,21,feb,127,3,50,1,failure,no
50,management,single,unknown,no,-3411,no,no,telephone,12,jul,28,5,379,1,success,no
25,unemployed,single,secondary,no,2943,no,no,telephone,24,aug,512,8,-1,0,unknown,yes
70,unknown,divorced,primary,no,-2076,no,no,unknown,4,dec,660,7,-1,0,unknown,yes
61,management,divorced,unknown,no,5656,no,no,telephone,13,jul,169,4,-1,0,unknown,no
61,technician,divorced,primary,no,-1053,no,no,unknown,26,sep,142,4,-1,0,unknown,no
22,management,single,unknown,no,10358,yes,no,cellular,10,jul,199,4,-1,0,unknown,no
56,entrepreneur,married,unknown,no,5838,yes,yes,telephone,16,dec,66,8,-1,0,unknown,no
21,housemaid,married,primary,no,-974,no,no,cellular,19,jul,91,8,-1,0,unknown,no
23,services,married,primary,no,1483,yes,yes,unknown,6,jan,27,2,-1,0,unknown,no
62,unemployed,married,secondary,no,3690,no,no,unknown,26,feb,152,7,-1,0,unknown,no
49,student,single,unknown,no,3781,yes,no,telephone,30,may,244,5,-1,0,unknown,no
69,housemaid,married,tertiary,no,2753,yes,no,telephone,9,nov,686,2,313,4,failure,yes
47,self-employed,divorced,tertiary,no,5190,no,no,unknown,14,jan,346,3,-1,0,unknown,yes
64,management,divorced,unknown,no,1052,no,no,unknown,24,dec,331,7,-1,0,unknown,no
52,unknown,married,unknown,no,319,yes,no,cellular,10,oct,94,6,-1,0,unknown,no
72,services,divorced,unknown,no,379,no,yes,cellular,8,jul,565,6,-1,0,unknown,yes
57,retired,single,primary,no,4005,no,no,telephone,3,may,757,7,-1,0,unknown,yes
69,admin.,married,tertiary,no,2521,yes,no,telephone,17,may,694,6,-1,0,unknown,yes
33,services,married,tertiary,no,2299,yes,no,telephone,19,aug,10,2,-1,0,unknown,no
30,entrepreneur,single,tertiary,no,3815,yes,no,telephone,30,sep,239,8,-1,0,unknown,no
67,self-employed,divorced,unknown,no,-4748,yes,yes,telephone,3,oct,265,7,-1,0,unknown,no
59,entrepreneur,single,primary,no,2355,yes,no,telephone,14,jan,90,6,-1,0,unknown,no
47,management,single,unknown,no,2080,yes,no,telephone,28,oct,1259,5,-1,0,unknown,yes
36,technician,divorced,secondary,no,6444,yes,no,telephone,6,apr,88,6,-1,0,unknown,no
34,entrepreneur,single,secondary,no,-3176,no,no,cellular,29,nov,62,3,-1,0,unknown,no
73,entrepreneur,divorced,tertiary,no,6108,no,no,unknown,19,feb,170,2,-1,0,unknown,no
36,unknown,divorced,unknown,no,1649,no,yes,unknown,18,sep,100,9,-1,0,unknown,no
45,management,single,secondary,no,2894,yes,no,telephone,12,sep,664,1,-1,0,unknown,yes
72,services,divorced,secondary,no,6465,no,yes,unknown,15,jan,149,2,-1,0,unknown,no
43,technician,single,unknown,no,3110,no,no,telephone,25,mar,136,1,-1,0,unknown,no
54,housemaid,divorced,primary,no,2627,yes,no,cellular,6,oct,253,8,-1,0,unknown,no
43,admin.,married,unknown,no,2152,no,no,telephone,21,aug,21,4,44,2,other,no
70,unemployed,divorced,unknown,no,-31,no,no,cellular,12,feb,364,6,-1,0,unknown,no
40,retired,divorced,primary,no,1337,no,no,cellular,19,feb,377,5,99,4,failure,no
26,entrepreneur,single,tertiary,no,-729,no,no,cellular,7,feb,165,8,342,1,success,no
29,management,divorced,tertiary,no,1288,yes,no,telephone,23,may,804,7,-1,0,unknown,yes
70,unemployed,married,tertiary,no,-5605,yes,no,cellular,20,sep,223,1,-1,0,unknown,no
18,retired,married,primary,no,2713,yes,no,telephone,10,jul,306,8,-1,0,unknown,no
18,retired,divorced,secondary,no,1056,yes,yes,cellular,18,jul,666,4,-1,0,unknown,yes
64,housemaid,divorced,primary,no,411,yes,no,cellular,2,feb,283,7,-1,0,unknown,no
51,housemaid,married,unknown,no,2084,no,no,unknown,13,feb,145,3,-1,0,unknown,no
49,housemaid,single,primary,no,-2890,yes,no,telephone,15,may,6,2,-1,0,unknown,no
71,student,married,secondary,yes,7228,no,no,unknown,28,dec,336,1,-1,0,unknown,yes
65,blue-collar,married,secondary,no,1113,no,no,cellular,24,jul,863,5,239,2,other,yes
42,blue-collar,divorced,unknown,no,984,yes,no,unknown,4,jul,163,3,-1,0,unknown,no
57,retired,divorced,tertiary,no,-1481,yes,no,cellular,7,sep,107,3,175,2,failure,no
62,housemaid,married,secondary,no,1495,yes,no,unknown,3,mar,188,8,-1,0,unknown,no
70,unknown,single,secondary,no,5596,no,no,unknown,25,jan,336,1,-1,0,unknown,no
18,entrepreneur,married,secondary,no,4540,no,no,telephone,16,sep,0,2,26,1,failure,no
33,unemployed,married,unknown,no,3994,yes,no,telephone,26,jan,563,1,-1,0,unknown,yes
56,unemployed,single,secondary,no,3067,no,no,unknown,9,aug,561,7,-1,0,unknown,yes
22,blue-collar,married,tertiary,no,344,no,yes,unknown,23,may,201,4,-1,0,unknown,no
39,retired,married,unknown,no,-2940,yes,no,telephone,23,aug,33,3,319,1,failure,no
46,management,divorced,tertiary,no,818,no,no,cellular,17,jul,287,3,145,2,other,no
72,services,single,secondary,no,713,no,no,cellular,26,sep,38,3,-1,0,unknown,no
20,services,divorced,secondary,no,4578,yes,no,cellular,8,feb,182,2,-1,0,unknown,no
29,blue-collar,divorced,tertiary,no,2353,no,no,cellular,18,sep,25,5,-1,0,unknown,no
43,management,single,unknown,no,6274,yes,no,unknown,24,oct,229,1,41,1,success,no
33,student,single,unknown,no,5026,yes,no,cellular,27,may,98,5,-1,0,unknown,no
68,student,married,tertiary,no,49,yes,no,unknown,13,may,458,8,129,4,other,yes
54,blue-collar,divorced,secondary,no,-3978,no,no,unknown,2,jan,415,7,-1,0,unknown,yes
39,services,single,primary,no,5592,no,no,cellular,1,jun,1673,3,54,3,failure,yes
74,management,divorced,tertiary,no,5513,yes,no,cellular,16,oct,76,9,-1,0,unknown,no
46,housemaid,divorced,tertiary,yes,-2687,yes,no,cellular,16,oct,16,7,-1,0,unknown,no
31,retired,single,tertiary,no,5964,yes,yes,telephone,31,oct,150,1,-1,0,unknown,no
45,unemployed,married,secondary,no,2572,no,no,unknown,11,oct,22,6,-1,0,unknown,no
22,unknown,divorced,unknown,no,1906,yes,no,cellular,24,mar,50,4,-1,0,unknown,no
64,technician,single,secondary,no,6281,no,no,telephone,4,oct,234,6,210,2,failure,no
66,retired,married,tertiary,no,5469,no,no,unknown,31,mar,231,3,242,3,failure,no
47,housemaid,divorced,secondary,no,3382,no,no,unknown,11,mar,11,5,-1,0,unknown,no
63,self-employed,single,secondary,no,2846,yes,no,unknown,26,apr,150,3,-1,0,unknown,no
69,services,divorced,tertiary,no,3277,yes,no,cellular,31,sep,194,7,-1,0,unknown,no
22,housemaid,single,secondary,no,219,yes,no,cellular,6,aug,80,5,-1,0,unknown,no
29,self-employed,single,primary,no,1257,no,no,unknown,26,dec,530,4,-1,0,unknown,yes
33,blue-collar,divorced,secondary,no,-1292,no,no,unknown,29,jun,45,7,-1,0,unknown,no
43,management,divorced,secondary,no,420,yes,yes,telephone,11,aug,75,7,-1,0,unknown,no
43,unemployed,single,unknown,no,319,yes,no,telephone,26,aug,44,9,-1,0,unknown,no
65,entrepreneur,married,unknown,no,-488,no,no,unknown,1,jan,31,3,-1,0,unknown,no
38,blue-collar,divorced,tertiary,no,1834,yes,no,telephone,9,sep,544,8,-1,0,unknown,yes
56,retired,single,tertiary,no,448,yes,no,unknown,27,jan,83,7,-1,0,unknown,no
53,blue-collar,single,unknown,no,2934,no,no,telephone,7,nov,330,9,-1,0,unknown,yes
50,retired,married,primary,no,-3458,yes,no,unknown,21,feb,144,2,-1,0,unknown,no
47,entrepreneur,married,secondary,no,1081,no,no,cellular,22,sep,260,6,289,4,success,no
54,admin.,married,primary,no,1818,no,no,unknown,3,jul,679,5,-1,0,unknown,yes
40,self-employed,divorced,primary,no,488,no,no,cellular,29,oct,480,3,89,1,other,yes
27,unemployed,single,unknown,no,904,yes,no,unknown,9,jan,18,7,-1,0,unknown,no
71,unknown,single,tertiary,no,-3347,yes,no,cellular,2,mar,481,5,-1,0,unknown,yes
22,unknown,single,secondary,no,2495,yes,no,telephone,28,jan,155,6,-1,0,unknown,no
53,self-employed,married,tertiary,no,3371,yes,no,cellular,10,may,111,4,179,1,success,no
51,technician,single,primary,no,2908,no,no,telephone,17,apr,287,7,220,2,other,no
69,housemaid,divorced,primary,no,4548,no,no,unknown,30,aug,773,7,-1,0,unknown,yes
48,admin.,married,tertiary,no,2029,yes,no,telephone,31,sep,25,5,-1,0,unknown,no
27,self-employed,married,tertiary,no,2863,no,no,telephone,1,dec,377,7,-1,0,unknown,yes
36,unknown,married,unknown,no,1892,no,no,telephone,26,apr,58,7,116,3,other,no
49,blue-collar,married,tertiary,no,3491,yes,yes,unknown,18,mar,123,8,-1,0,unknown,no
18,housemaid,divorced,tertiary,no,-3322,yes,no,cellular,6,apr,534,1,299,4,success,yes
73,admin.,single,unknown,no,-1265,yes,no,telephone,6,mar,203,4,-1,0,unknown,no
22,management,divorced,tertiary,no,6197,no,no,unknown,9,jun,18,1,-1,0,unknown,no
62,management,single,primary,no,-5980,yes,no,telephone,10,jan,183,3,-1,0,unknown,no
21,housemaid,divorced,tertiary,no,1001,no,no,cellular,15,feb,402,8,-1,0,unknown,no
33,self-employed,married,secondary,no,4950,yes,no,telephone,4,aug,194,7,-1,0,unknown,no
41,retired,married,primary,no,1142,no,no,telephone,8,mar,47,3,353,2,failure,no
33,retired,divorced,unknown,no,204,yes,no,telephone,4,apr,151,4,28,2,other,no
72,blue-collar,divorced,primary,no,1812,no,no,cellular,3,dec,666,2,-1,0,unknown,yes
19,admin.,single,unknown,no,360,no,no,cellular,4,jan,276,2,-1,0,unknown,no
66,admin.,divorced,secondary,no,1515,yes,no,unknown,1,mar,337,5,-1,0,unknown,no
45,housemaid,divorced,secondary,no,-633,no,yes,telephone,9,jan,397,2,-1,0,unknown,yes
49,services,single,primary,no,4759,no,no,telephone,11,nov,24,7,370,2,other,no
44,management,single,tertiary,no,5705,no,no,telephone,31,oct,224,1,-1,0,unknown,no
37,admin.,single,primary,no,1021,yes,no,telephone,21,may,121,9,-1,0,unknown,no
41,housemaid,divorced,primary,no,-2748,yes,yes,cellular,23,jan,38,1,-1,0,unknown,no
29,entrepreneur,single,secondary,no,-153,no,no,cellular,19,dec,58,1,-1,0,unknown,no
67,technician,married,unknown,no,869,no,no,telephone,21,sep,392,9,-1,0,unknown,yes
52,entrepreneur,married,primary,no,2944,yes,no,telephone,29,jul,45,7,-1,0,unknown,no
50,unemployed,married,tertiary,no,-1610,no,no,telephone,26,nov,96,4,-1,0,unknown,no
50,self-employed,divorced,secondary,no,-891,yes,no,telephone,30,aug,86,3,-1,0,unknown,no
68,blue-collar,married,primary,no,2959,no,no,unknown,20,sep,12,5,-1,0,unknown,no
60,admin.,divorced,primary,no,4248,yes,yes,unknown,7,oct,160,2,-1,0,unknown,no
54,unemployed,divorced,tertiary,no,-447,yes,no,telephone,5,aug,374,6,-1,0,unknown,no
29,unknown,married,primary,no,-2588,yes,yes,telephone,2,mar,5,6,-1,0,unknown,no
20,unemployed,single,primary,no,11304,yes,no,telephone,19,jul,30,1,-1,0,unknown,no
18,housemaid,divorced,primary,no,3779,yes,no,unknown,24,jul,328,9,-1,0,unknown,yes
50,admin.,married,primary,no,619,yes,no,cellular,3,jul,232,1,-1,0,unknown,no
57,technician,divorced,tertiary,no,4037,yes,yes,unknown,15,dec,324,6,-1,0,unknown,yes
27,self-employed,single,primary,no,1048,yes,no,unknown,7,aug,67,7,-1,0,unknown,no
60,housemaid,single,primary,no,4032,no,yes,telephone,5,apr,420,8,-1,0,unknown,no
61,housemaid,married,primary,no,1902,yes,no,telephone,23,nov,168,2,-1,0,unknown,no
46,blue-collar,divorced,secondary,no,1697,yes,no,cellular,10,jun,243,8,219,3,other,no
30,blue-collar,divorced,tertiary,no,1081,no,no,telephone,9,feb,24,2,-1,0,unknown,no
29,management,divorced,secondary,yes,-2932,no,yes,telephone,23,jul,59,2,-1,0,unknown,no
48,management,divorced,secondary,no,7254,no,no,cellular,14,sep,382,9,-1,0,unknown,yes
63,retired,married,tertiary,no,-1410,yes,yes,telephone,22,may,65,7,66,3,other,no
19,services,single,secondary,no,-2669,no,no,telephone,28,apr,25,8,-1,0,unknown,no
68,admin.,married,secondary,no,782,no,no,telephone,13,feb,234,1,17,1,failure,no
67,admin.,divorced,secondary,no,-1470,yes,no,unknown,1,jul,204,6,-1,0,unknown,no
52,student,divorced,tertiary,no,1267,no,no,telephone,16,feb,241,1,-1,0,unknown,no
40,unemployed,single,primary,no,3492,yes,no,unknown,20,feb,248,5,-1,0,unknown,no
34,admin.,divorced,unknown,no,4417,yes,no,telephone,8,sep,178,2,-1,0,unknown,no
43,admin.,married,unknown,no,3874,yes,no,telephone,17,feb,175,9,76,1,success,no
25,services,married,tertiary,no,503,no,no,unknown,6,oct,665,3,-1,0,unknown,yes
46,unknown,single,unknown,no,1572,yes,no,unknown,2,mar,196,7,-1,0,unknown,no
43,management,married,tertiary,no,2650,yes,no,telephone,31,mar,247,2,51,3,failure,no
27,management,married,tertiary,no,-3866,yes,no,cellular,13,feb,80,4,-1,0,unknown,no
43,technician,married,unknown,no,3139,yes,no,telephone,25,oct,528,3,-1,0,unknown,yes
51,admin.,married,secondary,no,-2962,yes,no,unknown,8,mar,6,1,-1,0,unknown,no
68,services,divorced,primary,no,7562,yes,no,telephone,25,sep,210,6,-1,0,unknown,no
58,self-employed,married,unknown,no,205,yes,no,telephone,9,nov,124,5,-1,0,unknown,no
24,management,single,unknown,yes,866,no,no,unknown,30,nov,238,6,-1,0,unknown,no
21,services,single,unknown,no,-893,yes,no,cellular,13,nov,115,1,84,3,success,no
70,entrepreneur,married,unknown,no,-472,yes,yes,cellular,18,mar,326,8,49,4,success,no
67,unknown,single,tertiary,no,8265,yes,no,unknown,18,may,5,4,-1,0,unknown,no
62,admin.,married,tertiary,no,4252,yes,yes,unknown,9,dec,134,7,-1,0,unknown,no
28,technician,single,primary,no,-3238,yes,yes,telephone,2,jul,459,8,-1,0,unknown,yes
46,unemployed,single,primary,no,5949,yes,no,unknown,4,jan,74,3,143,4,failure,no
73,management,married,unknown,no,5013,no,yes,unknown,18,jan,13,4,247,4,failure,no
53,entrepreneur,married,unknown,no,576,yes,no,telephone,17,oct,177,9,-1,0,unknown,no
42,self-employed,divorced,unknown,no,2345,yes,no,telephone,12,feb,968,9,156,2,success,yes
38,services,married,primary,no,1378,yes,no,telephone,16,jan,17,7,-1,0,unknown,no
74,blue-collar,married,unknown,no,7358,no,no,cellular,13,jan,18,3,-1,0,unknown,no
53,housemaid,divorced,secondary,no,-973,no,no,cellular,11,oct,233,4,-1,0,unknown,no
27,admin.,married,primary,no,1862,yes,no,unknown,14,apr,74,7,-1,0,unknown,no
54,admin.,married,secondary,no,134,yes,no,telephone,10,oct,136,6,-1,0,unknown,no
26,entrepreneur,divorced,unknown,no,-2889,no,no,unknown,23,dec,457,6,-1,0,unknown,yes
41,services,married,tertiary,no,8017,yes,no,unknown,28,dec,57,4,-1,0,unknown,no
52,retired,married,secondary,no,-2132,yes,no,cellular,27,mar,327,8,-1,0,unknown,no
66,admin.,divorced,primary,no,2085,yes,no,cellular,21,jan,181,9,-1,0,unknown,no
52,retired,divorced,secondary,no,-3814,no,no,unknown,19,mar,607,7,-1,0,unknown,yes
65,self-employed,single,primary,no,222,no,no,telephone,24,jan,931,8,307,2,other,yes
53,blue-collar,married,unknown,no,2692,no,no,cellular,21,mar,171,2,20,1,other,no
35,entrepreneur,single,secondary,no,-1058,no,no,cellular,17,apr,226,4,-1,0,unknown,no
66,services,single,tertiary,no,3188,yes,no,cellular,9,nov,353,3,-1,0,unknown,no
56,services,divorced,secondary,no,613,yes,no,unknown,14,nov,98,6,-1,0,unknown,no
49,student,married,tertiary,no,4913,yes,no,cellular,30,aug,66,2,-1,0,unknown,no
41,self-employed,married,primary,no,5520,no,no,telephone,5,mar,862,7,-1,0,unknown,yes
40,self-employed,divorced,unknown,yes,-342,no,no,cellular,3,mar,146,8,-1,0,unknown,no
49,unknown,single,unknown,no,1653,yes,no,unknown,22,sep,0,4,-1,0,unknown,no
54,housemaid,divorced,tertiary,no,1975,yes,no,unknown,8,nov,469,8,-1,0,unknown,yes
29,management,married,primary,no,3286,yes,no,unknown,18,sep,236,8,-1,0,unknown,no
66,management,divorced,unknown,no,1466,no,yes,unknown,27,jun,47,3,-1,0,unknown,no
72,student,married,primary,no,1995,yes,no,telephone,30,oct,7,1,-1,0,unknown,no
30,unemployed,single,tertiary,no,690,yes,no,unknown,3,apr,88,3,117,2,other,no
40,technician,married,tertiary,no,1769,yes,no,cellular,23,oct,678,1,-1,0,unknown,yes
42,entrepreneur,single,secondary,no,5328,yes,no,telephone,2,may,699,2,-1,0,unknown,yes
52,blue-collar,single,unknown,no,3367,no,yes,unknown,27,sep,96,8,-1,0,unknown,no
58,services,married,unknown,no,3533,no,no,unknown,11,jan,466,4,-1,0,unknown,yes
47,housemaid,married,secondary,no,3598,no,yes,telephone,28,jul,150,9,-1,0,unknown,no
34,retired,single,tertiary,no,960,no,yes,cellular,5,nov,274,7,-1,0,unknown,no
66,entrepreneur,divorced,tertiary,no,2382,yes,no,telephone,25,jul,105,3,-1,0,unknown,no
37,unemployed,married,tertiary,no,-1842,no,no,cellular,30,oct,187,1,59,3,failure,no
65,entrepreneur,single,tertiary,no,5240,yes,no,cellular,7,jan,89,1,-1,0,unknown,no
42,unemployed,single,primary,no,-6950,no,no,unknown,30,jan,16,1,-1,0,unknown,no
39,services,divorced,unknown,no,1160,yes,yes,telephone,14,sep,38,3,-1,0,unknown,no
30,technician,married,unknown,no,4855,no,no,telephone,29,jul,88,5,-1,0,unknown,no
36,unemployed,single,tertiary,no,-2680,yes,no,unknown,19,apr,965,8,-1,0,unknown,yes
66,services,divorced,tertiary,no,2625,yes,no,unknown,2,sep,869,8,-1,0,unknown,yes
53,services,single,tertiary,no,-625,no,no,cellular,26,dec,453,2,-1,0,unknown,yes
29,technician,married,unknown,no,313,no,no,unknown,9,may,68,9,-1,0,unknown,no
58,management,divorced,unknown,no,4269,yes,no,telephone,25,mar,150,9,-1,0,unknown,no
36,entrepreneur,single,tertiary,no,2018,yes,no,unknown,25,feb,149,7,-1,0,unknown,no
29,student,divorced,primary,no,-4698,no,no,unknown,10,sep,126,5,85,2,failure,no
26,admin.,married,secondary,no,-1515,no,no,unknown,19,apr,11,5,-1,0,unknown,no
24,admin.,divorced,secondary,no,4357,yes,no,unknown,17,jul,197,8,-1,0,unknown,no
45,student,married,secondary,no,2773,no,no,unknown,25,jan,19,8,-1,0,unknown,no
31,retired,single,unknown,no,6683,yes,no,cellular,7,sep,417,5,-1,0,unknown,yes
48,self-employed,married,unknown,no,6486,yes,no,unknown,18,dec,303,6,-1,0,unknown,yes
69,retired,single,secondary,no,393,no,no,unknown,6,sep,112,6,-1,0,unknown,no
36,self-employed,single,secondary,no,8955,yes,no,telephone,27,oct,268,6,-1,0,unknown,no
64,student,married,primary,no,1496,yes,no,unknown,9,jun,68,5,-1,0,unknown,no
33,admin.,single,unknown,no,-1473,yes,no,telephone,8,jun,79,9,-1,0,unknown,no
70,blue-collar,divorced,unknown,no,-483,yes,no,telephone,27,jun,97,1,44,4,other,no
22,admin.,single,secondary,no,-5367,yes,no,telephone,28,may,411,3,-1,0,unknown,no
52,retired,married,primary,no,6258,yes,no,telephone,22,nov,61,7,-1,0,unknown,no
29,housemaid,divorced,primary,no,6221,yes,no,cellular,22,jan,213,9,-1,0,unknown,no
42,student,divorced,secondary,no,-1632,yes,no,cellular,24,apr,57,2,-1,0,unknown,no
69,retired,single,secondary,no,737,yes,yes,telephone,9,oct,86,4,-1,0,unknown,no
38,blue-collar,single,unknown,no,1710,yes,no,cellular,24,jan,69,8,-1,0,unknown,no
53,entrepreneur,married,secondary,no,-1466,no,no,cellular,1,may,267,5,-1,0,unknown,no
70,self-employed,divorced,tertiary,no,-3858,no,no,unknown,31,apr,193,8,-1,0,unknown,no
40,admin.,married,primary,no,790,yes,no,cellular,2,aug,329,2,336,1,success,no
33,technician,single,secondary,no,456,no,no,telephone,22,jan,64,8,-1,0,unknown,no
74,housemaid,divorced,tertiary,no,254,no,no,telephone,24,aug,2,6,-1,0,unknown,no
56,services,married,primary,no,2093,no,no,telephone,31,aug,294,5,-1,0,unknown,no
62,blue-collar,married,tertiary,no,5724,yes,no,telephone,4,jan,31,2,-1,0,unknown,no
70,retired,married,tertiary,no,510,no,no,unknown,28,sep,72,7,302,2,success,no
59,self-employed,married,secondary,no,1935,yes,no,cellular,20,sep,94,1,-1,0,unknown,no
56,technician,married,primary,no,3610,yes,no,telephone,29,jun,354,6,-1,0,unknown,yes
31,unemployed,divorced,tertiary,no,3090,yes,no,unknown,18,jan,253,3,-1,0,unknown,no
48,management,married,unknown,no,-425,yes,no,telephone,10,jul,52,6,274,2,success,no
22,admin.,divorced,primary,no,1712,yes,no,cellular,1,jul,235,1,-1,0,unknown,no
52,management,married,unknown,no,3070,no,no,unknown,10,sep,317,1,-1,0,unknown,yes
40,blue-collar,single,secondary,no,-1972,no,yes,cellular,9,jan,127,2,208,3,failure,no
46,unemployed,single,unknown,no,5224,yes,no,unknown,23,aug,72,7,-1,0,unknown,no
60,unemployed,married,primary,no,5730,yes,no,telephone,25,dec,293,4,-1,0,unknown,no
28,unemployed,single,tertiary,no,-751,yes,no,telephone,13,nov,243,4,-1,0,unknown,no
35,services,divorced,tertiary,no,2005,yes,no,cellular,15,aug,20,4,-1,0,unknown,no
64,blue-collar,married,primary,no,3355,no,no,cellular,18,jul,283,5,-1,0,unknown,yes
29,entrepreneur,divorced,tertiary,no,-218,no,no,unknown,26,dec,172,2,-1,0,unknown,no
26,management,married,unknown,no,2872,no,yes,cellular,13,jun,361,7,213,1,other,yes
27,entrepreneur,single,tertiary,no,1914,no,yes,cellular,5,jan,54,3,-1,0,unknown,no
61,technician,divorced,tertiary,no,-2993,yes,no,telephone,31,nov,77,3,-1,0,unknown,no
34,unknown,single,unknown,no,2804,yes,no,telephone,31,oct,202,2,-1,0,unknown,no
55,housemaid,single,unknown,no,-1887,yes,no,telephone,2,nov,169,6,29,1,other,no
24,housemaid,married,unknown,no,4249,yes,no,telephone,26,aug,125,4,-1,0,unknown,no
63,entrepreneur,divorced,secondary,no,-596,no,no,telephone,7,dec,353,4,380,4,other,yes
30,unknown,single,unknown,no,937,yes,no,telephone,9,may,214,8,-1,0,unknown,no
57,unknown,married,unknown,no,5552,yes,no,telephone,19,apr,319,2,73,2,other,no
59,admin.,married,secondary,no,2916,no,no,unknown,14,may,42,7,-1,0,unknown,no
26,technician,married,tertiary,no,-1825,no,no,telephone,17,may,336,2,206,4,failure,no
67,blue-collar,single,unknown,no,-1630,yes,no,telephone,20,oct,159,6,-1,0,unknown,no
44,unknown,married,primary,no,-380,no,no,telephone,20,mar,8,5,-1,0,unknown,no
19,retired,divorced,unknown,no,2610,yes,no,telephone,11,apr,68,8,-1,0,unknown,no
22,student,divorced,unknown,no,2501,yes,yes,telephone,22,apr,6,6,-1,0,unknown,no
46,housemaid,single,secondary,no,-1113,yes,no,cellular,5,aug,157,7,-1,0,unknown,no
54,retired,divorced,primary,no,-2089,yes,no,cellular,12,may,101,6,115,2,failure,no
55,technician,married,tertiary,no,2270,no,no,telephone,29,jun,1129,8,-1,0,unknown,yes
36,unknown,single,tertiary,no,875,yes,no,telephone,21,oct,523,2,-1,0,unknown,yes
25,management,married,primary,no,7914,no,no,telephone,9,feb,450,7,62,2,failure,yes
65,housemaid,single,unknown,no,1533,no,no,unknown,29,sep,179,5,-1,0,unknown,no
62,admin.,single,secondary,no,6882,yes,no,telephone,27,aug,424,9,258,1,failure,yes
18,self-employed,married,primary,no,-2098,no,no,unknown,17,aug,80,9,198,4,failure,no
39,admin.,divorced,primary,no,-3310,yes,yes,unknown,8,oct,212,8,-1,0,unknown,no
69,student,divorced,tertiary,no,-1947,yes,no,telephone,24,may,128,8,-1,0,unknown,no
34,unemployed,single,secondary,no,5001,no,no,cellular,27,may,48,4,11,1,other,no
24,self-employed,married,primary,no,6707,no,no,telephone,8,mar,19,8,-1,0,unknown,no
42,services,married,secondary,no,-930,yes,no,telephone,29,nov,210,2,-1,0,unknown,no
62,unknown,single,unknown,no,37,no,no,cellular,12,feb,26,5,85,2,other,no
21,technician,divorced,tertiary,no,-2094,yes,no,cellular,30,sep,326,4,-1,0,unknown,yes
53,housemaid,married,unknown,no,-4028,no,no,telephone,29,jun,656,5,-1,0,unknown,yes
23,services,divorced,secondary,no,3584,yes,no,telephone,19,aug,45,5,-1,0,unknown,no
48,technician,divorced,unknown,no,2094,yes,no,unknown,10,apr,164,5,-1,0,unknown,no
36,student,single,tertiary,no,1454,yes,yes,cellular,24,may,346,7,-1,0,unknown,yes
61,entrepreneur,single,secondary,no,-2789,yes,no,unknown,2,oct,87,1,43,2,other,no
71,unknown,divorced,primary,no,6357,no,no,unknown,24,may,654,2,-1,0,unknown,yes
56,blue-collar,married,unknown,no,-91,no,no,unknown,28,nov,565,7,89,3,success,yes
44,blue-collar,married,tertiary,no,3028,yes,no,unknown,8,oct,28,1,-1,0,unknown,no
27,unknown,single,primary,no,-2953,yes,no,cellular,31,apr,7,9,-1,0,unknown,no
43,self-employed,divorced,tertiary,no,849,yes,no,cellular,14,nov,967,3,350,3,failure,yes
36,unemployed,married,secondary,no,2299,yes,no,cellular,19,feb,808,6,-1,0,unknown,yes
56,unemployed,married,secondary,no,2407,no,no,telephone,4,jun,141,4,-1,0,unknown,no
20,self-employed,single,unknown,no,1888,no,no,unknown,9,apr,13,3,-1,0,unknown,no
62,blue-collar,divorced,tertiary,no,2911,no,no,telephone,13,nov,248,8,-1,0,unknown,no
30,management,married,tertiary,no,-1978,yes,no,cellular,31,apr,89,2,-1,0,unknown,no
67,self-employed,single,tertiary,no,2016,yes,no,cellular,9,oct,712,3,-1,0,unknown,yes
45,housemaid,married,secondary,no,1765,no,no,telephone,26,mar,408,8,-1,0,unknown,yes
37,blue-collar,married,unknown,no,2120,no,no,unknown,13,aug,270,3,-1,0,unknown,no
45,management,married,tertiary,no,1640,no,no,cellular,25,jun,86,8,-1,0,unknown,no
25,student,single,tertiary,no,-2408,yes,no,unknown,16,sep,311,7,-1,0,unknown,no
58,services,divorced,primary,no,-2542,yes,no,unknown,26,may,88,2,180,2,failure,no
56,management,single,tertiary,no,-5239,no,no,cellular,22,jun,9,1,-1,0,unknown,no
18,services,divorced,unknown,no,3882,no,no,telephone,1,sep,183,1,377,4,failure,no
20,technician,married,primary,no,3913,no,no,unknown,8,apr,173,2,-1,0,unknown,no
30,retired,divorced,primary,no,3961,yes,no,telephone,29,oct,371,7,-1,0,unknown,yes
45,technician,married,primary,no,2346,no,yes,unknown,9,jul,517,9,-1,0,unknown,yes
74,blue-collar,married,secondary,no,-4995,yes,no,unknown,31,oct,112,7,-1,0,unknown,no
66,services,single,primary,no,-1666,no,yes,cellular,24,dec,153,3,113,4,failure,no
42,blue-collar,married,tertiary,no,1935,no,no,telephone,31,oct,163,8,-1,0,unknown,no
73,self-employed,single,secondary,no,1830,no,yes,unknown,13,nov,101,8,-1,0,unknown,no
50,unknown,divorced,secondary,no,752,no,yes,telephone,17,nov,350,9,156,2,other,no
55,housemaid,divorced,secondary,no,2533,yes,no,unknown,28,jun,190,9,-1,0,unknown,no
70,admin.,married,secondary,no,1458,yes,no,telephone,22,jun,632,9,-1,0,unknown,yes
23,blue-collar,single,secondary,no,1786,yes,no,telephone,25,jun,271,4,-1,0,unknown,no
61,housemaid,married,secondary,no,-499,yes,no,cellular,9,apr,61,4,-1,0,unknown,no
62,self-employed,single,secondary,no,4377,yes,no,unknown,7,oct,46,2,-1,0,unknown,no
49,management,single,primary,no,126,yes,no,unknown,23,jun,120,8,285,3,other,no
62,self-employed,single,unknown,no,-2580,no,no,unknown,20,dec,109,2,-1,0,unknown,no
64,student,divorced,tertiary,no,-896,yes,no,unknown,23,jul,134,3,-1,0,unknown,no
38,technician,single,tertiary,no,374,no,no,cellular,10,feb,52,9,204,2,success,no
33,management,divorced,primary,no,4413,no,no,cellular,21,nov,987,2,200,3,other,yes
71,admin.,single,primary,no,1295,yes,no,unknown,27,sep,40,1,-1,0,unknown,no
38,services,divorced,secondary,no,862,yes,yes,telephone,26,jul,272,5,-1,0,unknown,yes
28,unknown,divorced,unknown,no,-2334,yes,no,cellular,5,mar,3,7,-1,0,unknown,no
54,housemaid,divorced,secondary,no,3786,no,no,telephone,17,oct,134,4,59,4,other,no
53,unknown,married,primary,no,-538,no,yes,telephone,2,oct,95,4,-1,0,unknown,no
52,retired,single,secondary,no,1122,yes,no,telephone,9,jul,124,3,-1,0,unknown,no
36,self-employed,married,tertiary,no,5876,no,yes,unknown,2,oct,177,6,333,2,failure,no
37,blue-collar,single,tertiary,yes,2953,yes,no,cellular,10,oct,236,8,-1,0,unknown,no
74,services,single,secondary,no,-3476,no,no,unknown,27,may,225,2,219,2,failure,no
35,retired,married,unknown,no,-3901,yes,no,telephone,12,sep,257,6,-1,0,unknown,no
64,self-employed,divorced,secondary,no,1229,no,no,unknown,2,jun,480,8,258,3,other,yes
58,entrepreneur,single,secondary,no,-2226,no,no,telephone,15,nov,561,1,284,3,success,yes
66,blue-collar,divorced,unknown,no,3374,no,no,unknown,25,jul,344,4,-1,0,unknown,yes
31,management,married,unknown,no,1550,yes,no,unknown,3,apr,21,1,-1,0,unknown,no
32,technician,divorced,unknown,no,1920,yes,yes,cellular,2,feb,838,4,-1,0,unknown,yes
48,housemaid,single,tertiary,no,-703,no,no,cellular,7,nov,759,9,316,4,success,yes
18,student,single,secondary,no,6662,yes,no,telephone,28,apr,320,6,231,4,other,no
70,admin.,single,primary,no,9976,yes,no,telephone,9,sep,187,6,-1,0,unknown,no
71,admin.,married,unknown,no,584,no,no,telephone,11,mar,74,5,-1,0,unknown,no
71,management,single,unknown,no,2485,yes,no,unknown,29,jul,364,3,-1,0,unknown,yes
20,unemployed,married,secondary,no,1716,yes,no,telephone,22,apr,542,2,-1,0,unknown,yes
33,admin.,divorced,primary,no,641,no,yes,cellular,28,mar,282,9,-1,0,unknown,no
40,housemaid,single,secondary,no,-1080,yes,no,telephone,16,may,255,9,-1,0,unknown,no
74,management,single,secondary,no,-1841,yes,no,telephone,7,feb,55,7,-1,0,unknown,no
28,services,single,unknown,yes,-1994,no,no,unknown,29,nov,114,2,-1,0,unknown,no
29,admin.,divorced,unknown,no,2642,no,no,cellular,13,oct,331,4,-1,0,unknown,no
27,unknown,single,tertiary,no,-140,yes,yes,telephone,3,apr,4,8,178,3,success,no
49,management,married,primary,no,-6335,no,no,cellular,11,jul,264,6,-1,0,unknown,no
33,housemaid,divorced,primary,yes,2761,no,no,telephone,3,dec,375,5,-1,0,unknown,yes
25,unknown,divorced,unknown,no,1307,yes,yes,cellular,15,dec,105,2,-1,0,unknown,no
55,blue-collar,divorced,unknown,no,5475,yes,no,telephone,8,feb,20,1,-1,0,unknown,no
29,blue-collar,divorced,unknown,no,2545,yes,yes,telephone,7,oct,441,1,89,4,failure,yes
41,admin.,divorced,primary,no,-3026,no,no,unknown,5,jun,39,1,-1,0,unknown,no
45,unknown,married,tertiary,no,-5286,no,no,unknown,6,may,119,6,-1,0,unknown,no
70,technician,divorced,primary,no,-741,yes,yes,cellular,25,mar,316,4,-1,0,unknown,yes
25,self-employed,single,unknown,no,-457,no,no,cellular,19,may,438,9,-1,0,unknown,yes
45,blue-collar,divorced,unknown,no,4260,no,no,cellular,28,oct,511,9,-1,0,unknown,yes
53,technician,divorced,tertiary,no,1396,yes,no,cellular,3,jul,195,3,-1,0,unknown,no
43,services,divorced,secondary,no,4834,no,no,unknown,30,mar,166,6,-1,0,unknown,no
25,management,divorced,secondary,no,-2563,yes,yes,cellular,11,aug,486,6,-1,0,unknown,yes
67,self-employed,divorced,primary,no,4327,no,no,telephone,6,jul,213,1,-1,0,unknown,no
45,retired,married,secondary,no,3592,yes,no,telephone,27,apr,222,9,-1,0,unknown,no
45,housemaid,married,secondary,no,-4649,no,no,telephone,24,may,146,4,150,1,success,no
54,student,divorced,primary,no,5402,no,no,unknown,21,oct,120,6,59,4,success,no
58,management,married,unknown,no,1704,no,no,cellular,14,nov,168,8,-1,0,unknown,no
53,self-employed,single,secondary,no,2602,no,no,telephone,17,apr,117,1,-1,0,unknown,no
44,housemaid,divorced,unknown,no,-1179,no,no,telephone,3,feb,108,8,-1,0,unknown,no
71,self-employed,single,primary,no,5260,no,no,unknown,29,dec,1305,6,-1,0,unknown,yes
34,unknown,single,unknown,no,-2145,no,no,unknown,24,sep,105,1,312,1,other,no
26,services,divorced,unknown,no,3926,yes,no,unknown,4,jan,76,9,-1,0,unknown,no
50,entrepreneur,single,primary,no,3892,no,no,telephone,9,aug,112,9,247,4,other,no
70,student,single,unknown,no,-1508,no,no,unknown,13,apr,230,8,187,4,failure,no
37,admin.,single,secondary,no,7390,no,no,telephone,6,sep,624,7,-1,0,unknown,yes
30,self-employed,divorced,secondary,no,2119,no,no,cellular,10,mar,400,1,-1,0,unknown,yes
45,housemaid,divorced,secondary,no,3390,yes,no,telephone,20,jul,476,1,332,2,success,yes
65,housemaid,single,secondary,no,-3172,yes,yes,cellular,20,mar,505,8,-1,0,unknown,yes
46,unknown,divorced,unknown,no,7795,yes,no,telephone,26,oct,653,8,-1,0,unknown,yes
30,technician,divorced,secondary,no,-2261,no,no,cellular,21,dec,69,1,-1,0,unknown,no
63,management,single,unknown,no,4506,no,no,telephone,13,jul,158,8,-1,0,unknown,no
52,entrepreneur,divorced,tertiary,no,-1570,no,no,telephone,23,feb,125,8,5,4,failure,no
23,unemployed,married,unknown,no,-439,yes,no,telephone,14,mar,124,3,-1,0,unknown,no
35,admin.,divorced,secondary,no,3796,no,no,telephone,12,aug,272,1,-1,0,unknown,no
68,retired,married,tertiary,no,4514,no,no,unknown,23,jul,132,3,-1,0,unknown,no
22,unemployed,single,primary,no,-2402,no,no,telephone,13,nov,247,8,312,1,other,no
64,management,divorced,unknown,no,4704,yes,no,telephone,10,mar,124,8,136,3,other,no
42,admin.,single,secondary,no,4567,no,yes,unknown,7,aug,96,7,-1,0,unknown,no
19,housemaid,single,secondary,no,-1399,no,no,unknown,5,sep,112,2,-1,0,unknown,no
27,retired,single,secondary,no,6233,no,no,unknown,12,feb,420,5,-1,0,unknown,yes
73,self-employed,single,primary,no,-2960,no,no,unknown,29,feb,237,8,-1,0,unknown,no
47,technician,single,tertiary,no,-456,no,no,unknown,25,jul,941,3,251,2,other,yes
67,entrepreneur,divorced,tertiary,no,2864,yes,yes,unknown,2,nov,461,6,311,1,other,yes
62,self-employed,married,secondary,no,-1145,yes,no,unknown,8,aug,171,2,182,3,other,no
22,technician,divorced,unknown,no,2216,no,no,unknown,26,may,71,8,-1,0,unknown,no
72,services,divorced,secondary,no,2148,yes,no,unknown,8,feb,289,9,325,4,failure,yes
73,unknown,divorced,secondary,yes,860,yes,no,unknown,19,oct,334,1,-1,0,unknown,no
50,admin.,divorced,unknown,no,3927,yes,no,unknown,5,may,160,4,-1,0,unknown,no
71,self-employed,married,secondary,no,735,no,no,cellular,30,mar,67,6,316,4,success,no
18,technician,divorced,primary,no,2119,no,no,telephone,8,sep,210,2,-1,0,unknown,no
35,unemployed,single,secondary,no,4872,yes,yes,telephone,10,feb,75,6,-1,0,unknown,no
49,unknown,divorced,primary,no,3802,no,no,unknown,13,sep,725,7,-1,0,unknown,yes
64,technician,divorced,secondary,no,3788,no,no,unknown,9,feb,255,6,-1,0,unknown,no
66,blue-collar,married,tertiary,no,-2034,yes,no,cellular,7,jan,89,8,-1,0,unknown,no
28,services,married,unknown,no,3002,yes,no,unknown,20,oct,62,5,-1,0,unknown,no
38,management,single,tertiary,no,-1220,no,yes,cellular,20,jun,325,3,-1,0,unknown,yes
43,self-employed,divorced,secondary,no,-2432,no,no,telephone,19,nov,317,2,-1,0,unknown,no
42,entrepreneur,divorced,secondary,no,1207,yes,no,telephone,11,jun,234,2,-1,0,unknown,no
39,services,divorced,primary,no,-1298,yes,no,unknown,8,apr,245,2,-1,0,unknown,no
44,unknown,single,secondary,no,3801,yes,yes,cellular,22,feb,238,5,-1,0,unknown,no
66,blue-collar,married,secondary,no,3873,yes,no,cellular,16,oct,115,4,-1,0,unknown,no
30,admin.,single,secondary,no,-4302,yes,no,telephone,10,dec,714,2,-1,0,unknown,yes
50,unemployed,divorced,tertiary,no,-1069,no,no,telephone,6,nov,168,5,-1,0,unknown,no
51,entrepreneur,married,primary,no,-2969,no,no,cellular,10,mar,5,7,-1,0,unknown,no
58,self-employed,married,tertiary,no,30,no,no,cellular,10,jun,110,5,105,1,other,no
52,entrepreneur,single,primary,no,2792,yes,yes,telephone,25,apr,36,8,-1,0,unknown,no
18,services,married,tertiary,no,693,no,no,cellular,27,may,116,6,277,2,success,no
38,unknown,married,secondary,no,-351,yes,no,telephone,19,nov,241,9,-1,0,unknown,no
65,admin.,divorced,tertiary,no,5335,yes,yes,cellular,4,sep,5,5,-1,0,unknown,no
72,housemaid,divorced,tertiary,no,-5512,no,yes,unknown,19,may,526,8,278,2,other,yes
23,blue-collar,married,primary,no,5144,no,no,telephone,3,oct,243,6,-1,0,unknown,no
45,self-employed,married,primary,no,-214,yes,no,cellular,17,nov,90,7,-1,0,unknown,no
34,housemaid,single,tertiary,no,1187,no,no,telephone,14,aug,96,8,-1,0,unknown,no
22,unemployed,single,primary,no,-163,no,yes,cellular,10,feb,161,4,-1,0,unknown,no
48,admin.,married,primary,no,6065,no,no,unknown,6,dec,73,4,-1,0,unknown,no
22,student,divorced,primary,no,-2281,no,yes,unknown,31,jun,1,6,-1,0,unknown,no
55,student,married,unknown,no,1458,no,no,unknown,31,nov,6,2,-1,0,unknown,no
20,admin.,married,primary,no,3010,no,no,telephone,16,nov,114,9,-1,0,unknown,no
70,blue-collar,divorced,unknown,no,-3424,no,no,unknown,9,jun,34,8,-1,0,unknown,no
40,retired,divorced,unknown,no,-1344,yes,no,telephone,21,may,5,2,-1,0,unknown,no
54,housemaid,single,primary,no,977,yes,yes,unknown,12,jun,505,1,-1,0,unknown,yes
70,technician,single,tertiary,no,-1244,no,no,telephone,12,may,82,4,-1,0,unknown,no
54,entrepreneur,single,primary,yes,-1031,no,no,unknown,28,feb,180,4,-1,0,unknown,no
27,self-employed,single,secondary,no,370,yes,no,cellular,14,may,51,2,-1,0,unknown,no
27,retired,divorced,tertiary,no,3377,no,no,cellular,26,jan,12,5,-1,0,unknown,no
36,technician,married,unknown,no,391,yes,no,telephone,2,mar,352,3,-1,0,unknown,no
34,unknown,single,unknown,no,4667,no,no,unknown,10,jul,34,3,199,2,failure,no
38,self-employed,single,tertiary,no,-1579,yes,no,unknown,4,apr,6,3,-1,0,unknown,no
31,self-employed,divorced,tertiary,no,-2344,yes,no,cellular,28,aug,228,4,305,4,failure,no
26,student,divorced,primary,no,7219,no,no,unknown,6,mar,3,5,-1,0,unknown,no
63,blue-collar,married,unknown,no,-556,yes,no,unknown,30,jul,147,4,392,1,success,no
18,unknown,married,secondary,no,-2521,yes,no,telephone,23,feb,87,9,-1,0,unknown,no
68,entrepreneur,divorced,primary,no,-3818,yes,no,cellular,28,aug,99,4,-1,0,unknown,no
62,management,single,tertiary,no,4657,yes,no,unknown,29,mar,1,7,-1,0,unknown,no
30,technician,single,unknown,no,396,no,yes,unknown,13,jun,860,5,-1,0,unknown,yes
21,student,single,tertiary,no,659,no,no,telephone,23,feb,187,9,-1,0,unknown,no
18,self-employed,married,tertiary,no,943,yes,no,telephone,14,jul,219,9,-1,0,unknown,no
66,retired,single,tertiary,no,4470,no,yes,telephone,4,apr,283,8,-1,0,unknown,yes
57,student,single,primary,no,882,no,yes,telephone,10,jun,412,6,145,3,failure,no
49,technician,divorced,secondary,no,8476,no,no,unknown,10,feb,241,6,-1,0,unknown,no
51,technician,single,secondary,no,1825,no,no,unknown,5,mar,370,2,-1,0,unknown,no
45,blue-collar,divorced,unknown,no,4617,no,no,unknown,29,mar,153,7,158,4,other,no
48,self-employed,single,tertiary,no,3845,yes,no,telephone,4,apr,119,9,-1,0,unknown,no
25,unknown,married,secondary,no,1313,yes,yes,unknown,12,jan,446,9,-1,0,unknown,yes
56,housemaid,single,tertiary,no,-343,yes,no,cellular,26,jun,517,2,-1,0,unknown,yes
43,management,single,unknown,no,2421,no,no,cellular,22,nov,38,9,-1,0,unknown,no
51,blue-collar,divorced,tertiary,no,2957,no,no,unknown,27,jun,201,7,-1,0,unknown,no
71,unemployed,divorced,secondary,no,-299,no,no,telephone,14,apr,296,5,-1,0,unknown,no
71,self-employed,divorced,tertiary,no,1923,no,no,cellular,7,aug,22,5,-1,0,unknown,no
20,blue-collar,single,secondary,no,5142,yes,no,unknown,2,may,684,6,-1,0,unknown,yes
67,entrepreneur,single,unknown,no,7651,no,no,cellular,14,oct,189,8,-1,0,unknown,no
29,management,married,tertiary,no,3993,yes,no,cellular,10,apr,267,2,-1,0,unknown,no
18,student,single,secondary,no,7028,yes,no,cellular,28,jul,50,3,-1,0,unknown,no
71,admin.,married,unknown,yes,-470,yes,no,cellular,16,oct,79,7,-1,0,unknown,no
61,unemployed,divorced,tertiary,no,3534,no,no,unknown,3,oct,33,3,-1,0,unknown,no
22,services,divorced,unknown,no,5450,yes,yes,cellular,27,aug,79,1,-1,0,unknown,no
47,blue-collar,divorced,secondary,no,-1274,no,no,unknown,8,feb,174,6,-1,0,unknown,no
47,technician,married,tertiary,no,-38,yes,no,cellular,23,jan,462,7,-1,0,unknown,yes
74,housemaid,single,tertiary,no,6652,yes,no,cellular,28,jun,196,9,316,4,other,no
34,admin.,divorced,tertiary,no,-1511,no,no,cellular,17,feb,72,1,-1,0,unknown,no
65,blue-collar,single,unknown,no,-2612,no,no,unknown,4,nov,11,9,-1,0,unknown,no
64,blue-collar,single,unknown,no,6020,yes,no,cellular,21,aug,250,7,-1,0,unknown,no
40,retired,divorced,secondary,no,5024,yes,no,cellular,30,may,140,8,-1,0,unknown,no
32,retired,married,primary,no,2723,no,no,telephone,19,feb,1072,3,-1,0,unknown,yes
54,admin.,single,tertiary,no,1285,yes,no,cellular,15,nov,390,5,-1,0,unknown,yes
38,unknown,divorced,tertiary,no,103,no,no,telephone,20,dec,426,3,-1,0,unknown,yes
31,student,single,secondary,no,2271,yes,yes,unknown,26,may,3,7,170,3,other,no
19,retired,single,tertiary,no,6176,yes,no,cellular,10,feb,388,2,146,2,failure,yes
28,technician,single,unknown,no,2140,yes,yes,cellular,30,jun,55,6,-1,0,unknown,no
68,unemployed,single,unknown,no,7943,no,no,telephone,10,aug,227,2,-1,0,unknown,no
56,services,single,tertiary,no,-1278,no,no,telephone,23,feb,153,9,-1,0,unknown,no
55,management,married,tertiary,yes,1363,yes,no,cellular,24,jun,218,6,-1,0,unknown,no
51,services,married,unknown,no,300,no,no,unknown,12,jun,36,5,-1,0,unknown,no
55,services,divorced,tertiary,no,-1842,no,no,telephone,9,jan,157,6,-1,0,unknown,no
67,management,married,unknown,no,962,no,yes,cellular,15,sep,9,6,-1,0,unknown,no
51,retired,married,primary,no,2678,yes,no,telephone,29,dec,10,6,-1,0,unknown,no
35,admin.,married,primary,no,3000,yes,no,unknown,18,aug,276,6,-1,0,unknown,no
47,management,single,tertiary,no,7953,no,no,telephone,20,dec,781,9,-1,0,unknown,yes
32,student,single,tertiary,no,2820,yes,no,cellular,1,apr,387,7,380,1,success,yes
44,student,divorced,tertiary,no,4883,yes,yes,telephone,3,jul,163,1,-1,0,unknown,no
68,self-employed,divorced,unknown,no,1621,no,no,unknown,8,apr,14,9,-1,0,unknown,no
51,entrepreneur,divorced,primary,no,6472,yes,no,cellular,7,aug,11,6,-1,0,unknown,no
69,unknown,single,primary,yes,8639,yes,no,cellular,31,oct,44,8,-1,0,unknown,no
74,unemployed,married,secondary,yes,3021,yes,no,cellular,15,feb,960,3,-1,0,unknown,yes
55,housemaid,married,secondary,no,-1563,no,no,cellular,8,feb,131,3,-1,0,unknown,no
50,retired,single,tertiary,no,-228,yes,no,unknown,15,mar,478,9,-1,0,unknown,yes
41,unknown,divorced,unknown,no,2271,no,no,cellular,27,apr,315,9,-1,0,unknown,yes
32,management,divorced,tertiary,no,2796,no,no,unknown,22,nov,239,5,-1,0,unknown,no
47,entrepreneur,divorced,primary,no,3524,yes,no,unknown,5,jun,761,5,-1,0,unknown,yes
72,housemaid,single,tertiary,no,2807,yes,no,telephone,12,may,67,3,-1,0,unknown,no
59,unemployed,divorced,tertiary,no,1444,yes,yes,telephone,12,oct,156,7,58,1,failure,no
68,unemployed,divorced,primary,no,-491,no,no,cellular,26,oct,516,7,-1,0,unknown,yes
34,retired,single,primary,no,2630,yes,yes,cellular,9,jul,207,3,315,2,success,no
22,management,married,primary,no,7004,no,no,unknown,21,jun,73,8,76,1,other,no
46,unknown,single,primary,no,4491,yes,no,telephone,9,apr,60,6,-1,0,unknown,no
21,admin.,single,secondary,no,3031,yes,no,cellular,15,nov,360,3,-1,0,unknown,no
27,unknown,single,unknown,no,4520,yes,yes,cellular,15,oct,3,6,-1,0,unknown,no
73,unknown,single,unknown,no,306,no,no,unknown,31,sep,633,1,-1,0,unknown,yes
34,unemployed,married,primary,no,-106,yes,no,telephone,29,jul,4,6,-1,0,unknown,no
27,admin.,divorced,unknown,no,-827,yes,yes,cellular,20,jan,257,7,-1,0,unknown,no
34,admin.,single,unknown,no,1046,no,no,cellular,12,aug,239,4,-1,0,unknown,no
37,retired,married,unknown,no,153,no,no,cellular,5,apr,222,4,-1,0,unknown,no
41,housemaid,divorced,unknown,no,5058,no,yes,cellular,1,jul,165,3,-1,0,unknown,no
22,blue-collar,divorced,primary,no,-7,no,no,cellular,22,nov,493,5,-1,0,unknown,yes
51,services,divorced,tertiary,no,-992,no,no,cellular,19,feb,277,1,335,4,other,no
23,services,single,tertiary,no,7268,yes,no,telephone,11,dec,392,6,189,3,other,yes
70,unemployed,single,tertiary,no,64,yes,no,unknown,31,mar,31,2,-1,0,unknown,no
19,blue-collar,divorced,secondary,no,1884,no,no,unknown,26,jan,13,4,-1,0,unknown,no
30,housemaid,divorced,unknown,no,2781,yes,yes,unknown,18,feb,7,6,-1,0,unknown,no
60,blue-collar,divorced,primary,no,-1997,no,no,cellular,6,nov,41,6,-1,0,unknown,no
60,retired,divorced,primary,no,5140,yes,no,unknown,17,may,283,7,-1,0,unknown,no
65,unknown,divorced,secondary,no,3340,yes,no,telephone,14,feb,175,1,-1,0,unknown,no
28,unemployed,divorced,primary,no,6112,yes,no,cellular,12,jun,359,6,-1,0,unknown,yes
68,admin.,married,tertiary,no,-620,yes,yes,telephone,25,jun,54,9,-1,0,unknown,no
64,student,divorced,secondary,no,1721,no,yes,cellular,5,jun,117,8,-1,0,unknown,no
74,unemployed,single,primary,no,1541,yes,no,cellular,7,dec,565,8,74,4,other,yes
40,services,single,secondary,no,2217,yes,yes,unknown,27,nov,708,6,-1,0,unknown,yes
72,housemaid,single,secondary,no,-2953,no,no,telephone,26,mar,657,4,-1,0,unknown,yes
33,blue-collar,divorced,primary,no,1756,yes,no,unknown,16,nov,439,1,285,1,other,yes
48,housemaid,single,tertiary,no,-2869,no,no,cellular,25,mar,300,5,339,2,other,no
28,retired,married,primary,no,2501,no,no,telephone,9,oct,632,5,-1,0,unknown,yes
71,unemployed,divorced,unknown,no,-4982,no,no,telephone,29,jul,323,7,-1,0,unknown,yes
33,management,single,unknown,no,-4148,no,yes,cellular,23,apr,794,1,-1,0,unknown,yes
25,unemployed,married,primary,yes,3886,yes,no,unknown,15,jun,6,6,-1,0,unknown,no
21,admin.,married,tertiary,no,-222,no,no,cellular,4,dec,656,7,-1,0,unknown,yes
57,unemployed,single,unknown,no,-1549,no,no,telephone,31,aug,209,1,-1,0,unknown,no
21,entrepreneur,married,unknown,no,5246,no,no,telephone,20,mar,30,3,-1,0,unknown,no
73,retired,single,primary,no,2408,yes,no,telephone,23,sep,62,9,-1,0,unknown,no
42,technician,married,primary,no,4047,no,no,cellular,24,sep,493,8,-1,0,unknown,yes
20,retired,divorced,primary,no,922,no,yes,telephone,7,mar,182,6,-1,0,unknown,no
49,blue-collar,divorced,secondary,no,9486,no,no,telephone,27,jun,1048,8,-1,0,unknown,yes
20,student,divorced,secondary,no,-395,yes,no,unknown,14,may,32,2,-1,0,unknown,no
44,technician,divorced,secondary,no,6672,yes,no,unknown,30,apr,137,7,-1,0,unknown,no
46,blue-collar,divorced,primary,no,1238,no,no,telephone,26,aug,104,2,-1,0,unknown,no
49,blue-collar,single,tertiary,no,-3555,yes,no,unknown,4,oct,187,3,-1,0,unknown,no
67,admin.,divorced,unknown,no,2875,yes,no,cellular,4,sep,258,2,-1,0,unknown,no
68,admin.,divorced,secondary,no,2370,no,no,unknown,24,dec,279,5,-1,0,unknown,no
36,self-employed,divorced,tertiary,no,-1740,yes,no,unknown,28,sep,0,5,-1,0,unknown,no
38,unknown,divorced,primary,no,-1351,yes,no,unknown,14,may,24,6,-1,0,unknown,no
22,services,married,secondary,no,1348,yes,no,unknown,25,may,9,6,-1,0,unknown,no
35,unknown,divorced,primary,no,2475,yes,no,cellular,7,nov,515,7,-1,0,unknown,yes
45,unknown,divorced,tertiary,no,-6011,yes,no,unknown,15,mar,96,8,-1,0,unknown,no
59,student,single,secondary,no,4591,yes,no,telephone,12,sep,118,4,-1,0,unknown,no
39,services,married,secondary,no,-64,yes,no,unknown,14,jan,154,9,-1,0,unknown,no
38,management,single,secondary,no,-2584,no,no,unknown,13,dec,488,3,-1,0,unknown,yes
23,technician,divorced,secondary,no,4254,no,no,telephone,30,mar,3,5,-1,0,unknown,no
18,housemaid,single,tertiary,no,1351,yes,yes,cellular,19,jul,32,3,-1,0,unknown,no
22,unknown,single,secondary,no,5082,yes,no,telephone,12,jul,298,2,-1,0,unknown,no
58,student,divorced,unknown,no,2740,yes,no,telephone,16,may,856,5,-1,0,unknown,yes
29,self-employed,married,unknown,yes,1418,no,no,telephone,26,jun,265,9,345,4,failure,no
43,unemployed,married,primary,no,963,no,no,telephone,16,apr,78,6,-1,0,unknown,no
63,unemployed,single,secondary,no,2875,yes,no,unknown,1,aug,189,4,-1,0,unknown,no
51,blue-collar,divorced,unknown,no,178,yes,no,unknown,15,apr,951,7,139,2,other,yes
66,services,single,unknown,no,-1142,no,no,unknown,5,oct,193,5,-1,0,unknown,no
31,blue-collar,single,unknown,no,3258,no,yes,unknown,6,jun,120,7,-1,0,unknown,no
43,student,single,tertiary,no,988,yes,yes,cellular,27,may,124,2,-1,0,unknown,no
62,entrepreneur,divorced,secondary,no,1524,no,yes,unknown,25,dec,880,2,-1,0,unknown,yes
44,entrepreneur,divorced,tertiary,no,4700,no,no,unknown,21,oct,327,9,-1,0,unknown,no
26,self-employed,married,tertiary,no,1080,no,no,cellular,17,jun,299,4,-1,0,unknown,yes
43,housemaid,divorced,unknown,no,1468,yes,no,telephone,11,mar,68,1,-1,0,unknown,no
74,admin.,single,unknown,no,-381,no,yes,unknown,27,mar,211,9,-1,0,unknown,no
64,admin.,single,primary,no,2719,yes,no,unknown,4,oct,113,1,-1,0,unknown,no
74,services,married,secondary,no,2475,no,yes,telephone,18,jul,70,2,223,3,failure,no
39,services,divorced,secondary,no,4133,no,no,unknown,20,jan,582,9,-1,0,unknown,yes
64,unknown,single,unknown,no,-319,yes,no,telephone,14,jan,124,3,-1,0,unknown,no
73,entrepreneur,married,unknown,no,45,no,yes,telephone,23,jan,85,1,-1,0,unknown,no
47,unknown,married,secondary,no,3806,yes,no,telephone,9,jun,692,3,-1,0,unknown,yes
60,admin.,single,primary,no,2181,yes,no,unknown,28,apr,56,9,-1,0,unknown,no
65,technician,single,unknown,no,-1303,yes,no,telephone,3,jun,353,2,-1,0,unknown,no
34,technician,divorced,primary,no,5354,yes,no,unknown,3,jan,272,5,286,1,failure,no
43,services,married,tertiary,no,-3687,yes,no,cellular,11,apr,653,1,-1,0,unknown,yes
53,blue-collar,single,unknown,no,3782,no,no,telephone,20,apr,460,1,-1,0,unknown,yes
18,admin.,married,tertiary,no,-2384,yes,no,unknown,23,feb,315,7,-1,0,unknown,no
25,technician,divorced,unknown,no,7097,yes,no,telephone,22,jan,97,3,-1,0,unknown,no
66,admin.,single,tertiary,no,-3224,yes,no,unknown,30,aug,176,1,394,1,success,no
52,retired,divorced,unknown,no,4890,yes,no,unknown,5,jun,745,1,323,3,failure,yes
69,unemployed,married,primary,no,1177,yes,yes,cellular,4,apr,6,5,209,1,failure,no
32,entrepreneur,divorced,primary,no,319,yes,no,telephone,12,feb,408,3,-1,0,unknown,yes
64,unknown,divorced,primary,no,1980,yes,yes,unknown,24,dec,74,4,-1,0,unknown,no
73,admin.,married,tertiary,no,3324,yes,no,cellular,12,may,52,6,-1,0,unknown,no
39,unemployed,divorced,primary,no,-1298,no,yes,unknown,4,sep,68,2,292,1,other,no
31,retired,married,tertiary,no,-1031,no,yes,unknown,3,jul,15,7,-1,0,unknown,no
43,unknown,single,unknown,no,3377,yes,yes,cellular,23,apr,1245,5,-1,0,unknown,yes
45,admin.,married,tertiary,no,-3714,yes,yes,telephone,2,may,526,8,2,1,other,yes
40,services,married,unknown,no,-334,no,no,cellular,4,aug,189,4,-1,0,unknown,no
31,unemployed,single,secondary,no,10572,yes,no,telephone,24,nov,323,8,161,1,failure,no
41,unknown,married,secondary,no,-1489,no,yes,unknown,4,may,209,4,-1,0,unknown,no
19,admin.,single,secondary,no,4876,yes,no,unknown,26,dec,430,5,255,2,failure,yes
62,unemployed,single,tertiary,no,-340,yes,no,cellular,28,jun,480,3,-1,0,unknown,yes
43,retired,married,secondary,no,2954,no,yes,cellular,7,oct,68,4,-1,0,unknown,no
31,admin.,divorced,secondary,no,3391,no,no,cellular,2,jun,158,9,-1,0,unknown,no
73,admin.,divorced,secondary,no,4820,yes,no,unknown,11,aug,259,5,-1,0,unknown,no
68,admin.,single,unknown,no,820,yes,no,telephone,5,nov,989,4,-1,0,unknown,yes
24,self-employed,divorced,primary,no,7407,yes,no,cellular,28,may,296,4,-1,0,unknown,no
20,housemaid,divorced,tertiary,yes,-350,no,no,telephone,13,jan,588,7,-1,0,unknown,yes
64,self-employed,married,secondary,no,2127,no,no,cellular,4,apr,482,2,-1,0,unknown,yes
40,services,single,unknown,yes,2161,yes,no,cellular,9,mar,225,4,-1,0,unknown,no
63,retired,single,primary,no,-1953,yes,no,cellular,7,feb,578,3,-1,0,unknown,yes
60,self-employed,married,primary,no,562,yes,no,cellular,30,jul,122,7,-1,0,unknown,no
64,unknown,divorced,primary,no,1908,yes,no,unknown,25,jul,123,4,-1,0,unknown,no
62,student,single,unknown,no,122,yes,no,unknown,27,aug,391,8,-1,0,unknown,yes
35,housemaid,divorced,secondary,no,8767,no,yes,cellular,29,oct,37,5,251,3,success,no
55,blue-collar,single,primary,no,-1100,yes,no,unknown,13,may,94,9,-1,0,unknown,no
52,student,single,unknown,no,4971,yes,no,unknown,10,jan,241,9,-1,0,unknown,no
68,housemaid,single,unknown,no,4000,no,no,unknown,7,jun,140,3,-1,0,unknown,no
32,entrepreneur,single,tertiary,no,1381,yes,no,unknown,18,jun,728,9,-1,0,unknown,yes
42,entrepreneur,divorced,unknown,no,-1180,yes,no,telephone,28,nov,821,4,-1,0,unknown,yes
72,admin.,divorced,primary,no,-888,yes,no,telephone,18,aug,180,9,176,2,failure,no
54,housemaid,divorced,primary,no,-135,yes,no,unknown,2,oct,199,2,-1,0,unknown,no
45,blue-collar,divorced,unknown,no,-3950,no,no,telephone,21,feb,332,5,-1,0,unknown,yes
27,housemaid,married,primary,no,-1596,no,no,cellular,1,nov,157,6,-1,0,unknown,no
56,services,single,unknown,no,-3037,yes,no,telephone,13,sep,54,3,-1,0,unknown,no
74,student,single,primary,no,5472,yes,no,cellular,23,nov,354,2,-1,0,unknown,no
34,services,single,tertiary,no,3283,yes,no,telephone,2,jun,345,1,298,1,failure,no
56,blue-collar,married,secondary,no,3787,no,no,telephone,4,jan,72,7,-1,0,unknown,no
39,housemaid,divorced,tertiary,no,3194,yes,no,cellular,9,sep,461,4,-1,0,unknown,yes
43,unemployed,single,tertiary,no,1925,yes,no,cellular,8,aug,245,8,-1,0,unknown,no
61,services,divorced,secondary,no,5818,yes,no,unknown,26,oct,69,8,382,3,failure,no
42,services,divorced,primary,no,-414,yes,no,telephone,18,jan,272,8,-1,0,unknown,no
34,technician,married,secondary,no,1743,no,no,cellular,30,aug,68,2,-1,0,unknown,no
30,housemaid,married,unknown,no,3670,no,no,unknown,16,jul,79,5,-1,0,unknown,no
37,services,divorced,secondary,no,-2552,no,no,cellular,4,may,486,8,-1,0,unknown,yes
42,self-employed,single,tertiary,no,10740,yes,no,unknown,4,jun,684,2,-1,0,unknown,yes
21,retired,single,secondary,no,1508,no,no,unknown,18,apr,76,2,-1,0,unknown,no
27,housemaid,married,primary,no,1850,no,no,cellular,2,sep,679,1,-1,0,unknown,yes
20,entrepreneur,married,tertiary,no,5204,no,no,cellular,21,sep,70,6,-1,0,unknown,no
58,technician,married,unknown,no,4176,yes,yes,telephone,11,oct,32,5,-1,0,unknown,no
62,services,married,primary,no,1537,no,no,telephone,20,jan,15,1,-1,0,unknown,no
35,technician,married,tertiary,no,1814,yes,no,unknown,31,dec,71,8,-1,0,unknown,no
64,entrepreneur,married,unknown,yes,-3102,no,no,cellular,24,sep,125,8,216,1,other,no
53,blue-collar,married,primary,no,-251,yes,no,telephone,4,mar,677,5,-1,0,unknown,yes
64,blue-collar,single,unknown,no,2979,no,no,unknown,31,dec,71,3,-1,0,unknown,no
39,student,married,secondary,no,2758,no,no,telephone,31,feb,117,8,274,4,failure,no
51,housemaid,married,secondary,no,5097,yes,no,unknown,24,apr,341,3,-1,0,unknown,no
64,entrepreneur,single,unknown,no,1060,yes,yes,telephone,14,apr,92,4,-1,0,unknown,no
25,management,single,secondary,no,-2751,yes,no,cellular,21,sep,297,7,-1,0,unknown,no
57,student,divorced,unknown,no,4602,yes,no,unknown,17,apr,145,7,137,4,other,no
66,management,married,primary,no,5744,yes,no,unknown,30,may,56,4,-1,0,unknown,no
61,housemaid,married,tertiary,no,4125,yes,no,telephone,30,jun,341,9,-1,0,unknown,yes
36,admin.,married,unknown,no,930,no,no,telephone,25,apr,7,6,-1,0,unknown,no
59,technician,married,tertiary,no,4565,yes,no,telephone,8,jan,89,8,230,4,success,no
58,technician,divorced,tertiary,no,11740,no,no,cellular,1,feb,113,7,-1,0,unknown,no
54,blue-collar,single,unknown,no,1769,no,no,telephone,28,mar,158,4,-1,0,unknown,no
23,management,single,secondary,no,-2524,no,no,telephone,19,apr,293,2,-1,0,unknown,no
69,self-employed,married,primary,no,-341,no,no,cellular,19,may,158,2,-1,0,unknown,no
43,unknown,married,tertiary,no,3305,yes,no,telephone,31,oct,232,8,215,3,failure,no
51,services,married,primary,no,-3405,no,no,cellular,21,oct,233,8,-1,0,unknown,no
73,services,divorced,tertiary,no,1932,yes,no,cellular,7,mar,120,1,202,2,failure,no
62,services,divorced,unknown,no,2567,no,no,telephone,1,nov,701,1,380,2,failure,yes
23,blue-collar,single,secondary,no,6042,no,no,cellular,1,jan,805,4,-1,0,unknown,yes
54,entrepreneur,married,primary,no,5365,no,yes,telephone,10,nov,224,1,-1,0,unknown,no
74,self-employed,married,tertiary,no,4024,yes,no,cellular,13,nov,19,1,62,4,other,no
50,unemployed,married,unknown,no,-5084,no,no,unknown,22,aug,174,5,-1,0,unknown,no
70,management,married,unknown,no,4194,no,no,telephone,30,aug,52,1,-1,0,unknown,no
39,self-employed,divorced,tertiary,no,3545,no,no,unknown,5,apr,170,6,300,2,other,no
38,student,single,tertiary,no,2193,yes,no,unknown,12,jul,53,4,-1,0,unknown,no
23,management,single,tertiary,no,-3783,no,no,unknown,28,apr,313,5,-1,0,unknown,yes
23,self-employed,divorced,secondary,no,-914,yes,no,unknown,29,mar,21,9,-1,0,unknown,no
72,unknown,married,tertiary,no,-2087,no,no,telephone,3,jul,790,2,-1,0,unknown,yes
65,self-employed,single,tertiary,no,-4640,no,yes,cellular,29,jun,56,3,-1,0,unknown,no
21,self-employed,single,secondary,no,1414,yes,no,telephone,19,jan,278,3,-1,0,unknown,no
47,self-employed,divorced,unknown,no,-977,yes,no,telephone,4,sep,642,9,386,3,success,yes
28,technician,married,tertiary,no,9322,no,no,cellular,15,dec,73,3,-1,0,unknown,no
47,admin.,single,primary,no,915,yes,no,unknown,13,feb,702,5,-1,0,unknown,yes
48,housemaid,married,unknown,no,5315,yes,no,cellular,11,mar,126,6,-1,0,unknown,no
41,student,single,primary,no,-3298,no,no,unknown,26,may,833,6,-1,0,unknown,yes
72,student,divorced,tertiary,no,-172,no,no,telephone,2,mar,916,6,-1,0,unknown,yes
26,technician,married,secondary,no,1714,no,no,cellular,29,mar,53,1,-1,0,unknown,no
72,entrepreneur,divorced,secondary,no,-1309,yes,yes,cellular,9,aug,458,6,-1,0,unknown,yes
20,housemaid,single,secondary,no,152,yes,no,unknown,29,apr,55,1,355,4,other,no
68,management,divorced,tertiary,no,767,no,yes,cellular,12,oct,66,6,-1,0,unknown,no
48,entrepreneur,divorced,tertiary,no,719,yes,no,telephone,4,feb,22,6,-1,0,unknown,no
57,housemaid,divorced,primary,no,7005,no,no,cellular,26,may,43,3,-1,0,unknown,no
54,unknown,single,secondary,no,2561,no,yes,cellular,19,feb,258,3,22,2,failure,no
53,unknown,married,tertiary,no,2865,yes,no,telephone,10,oct,153,6,-1,0,unknown,no
41,retired,divorced,unknown,no,3046,yes,no,unknown,11,nov,403,2,-1,0,unknown,yes
48,unemployed,married,tertiary,no,3266,no,no,cellular,7,dec,104,5,-1,0,unknown,no
23,unknown,single,tertiary,no,1173,yes,yes,unknown,13,aug,893,3,-1,0,unknown,yes
19,management,married,unknown,no,457,no,no,cellular,9,mar,13,5,-1,0,unknown,no
37,admin.,divorced,secondary,no,1924,no,yes,telephone,12,feb,16,3,-1,0,unknown,no
45,services,divorced,unknown,no,4903,no,no,unknown,29,mar,311,2,-1,0,unknown,yes
28,retired,divorced,secondary,no,4811,no,no,cellular,2,mar,563,4,-1,0,unknown,yes
21,services,divorced,unknown,no,699,yes,yes,unknown,30,jan,409,5,-1,0,unknown,yes
32,student,divorced,primary,no,3733,no,no,cellular,22,mar,173,6,-1,0,unknown,no
23,self-employed,divorced,secondary,no,837,no,no,telephone,21,mar,81,2,-1,0,unknown,no
71,unemployed,single,tertiary,no,1524,yes,no,telephone,1,apr,3,3,-1,0,unknown,no
66,student,single,primary,no,-1,yes,no,cellular,27,aug,183,3,-1,0,unknown,no
47,housemaid,single,secondary,no,876,yes,no,cellular,7,sep,166,6,-1,0,unknown,no
73,student,married,secondary,no,5459,no,no,unknown,1,jan,108,1,-1,0,unknown,no
55,blue-collar,married,secondary,no,1701,yes,no,cellular,26,jan,222,7,-1,0,unknown,no
68,unknown,single,unknown,no,1830,no,no,unknown,25,jun,336,8,-1,0,unknown,no
74,admin.,married,secondary,no,-2931,no,no,cellular,16,jan,311,7,-1,0,unknown,no
19,unemployed,married,tertiary,no,492,no,no,telephone,4,dec,78,4,-1,0,unknown,no
32,services,divorced,secondary,no,696,no,yes,unknown,30,may,227,7,-1,0,unknown,no
28,retired,divorced,tertiary,no,-1071,no,no,unknown,8,dec,41,1,-1,0,unknown,no
25,unknown,married,tertiary,no,1488,yes,no,telephone,17,jan,33,8,-1,0,unknown,no
43,management,married,tertiary,no,131,yes,no,unknown,21,aug,397,3,-1,0,unknown,no
68,unknown,single,primary,no,1663,no,no,telephone,19,dec,305,9,-1,0,unknown,no
62,retired,married,tertiary,no,1788,yes,yes,telephone,4,may,376,1,-1,0,unknown,no
61,retired,divorced,unknown,no,-1452,yes,no,telephone,28,jun,42,6,-1,0,unknown,no
22,blue-collar,married,secondary,no,223,yes,yes,cellular,4,apr,634,1,-1,0,unknown,yes
23,unknown,single,unknown,no,1655,yes,no,telephone,8,aug,36,8,48,3,success,no
43,student,divorced,primary,no,4986,no,yes,unknown,10,dec,526,3,-1,0,unknown,yes
71,unknown,divorced,secondary,no,2195,no,no,cellular,26,sep,112,4,-1,0,unknown,no
21,self-employed,divorced,tertiary,no,-568,yes,no,telephone,29,sep,28,6,313,4,other,no
36,blue-collar,divorced,secondary,no,2623,no,no,telephone,16,jan,87,4,-1,0,unknown,no
37,entrepreneur,married,primary,no,6561,yes,no,telephone,19,jul,51,8,333,3,success,no
50,entrepreneur,single,primary,no,4181,no,no,unknown,1,apr,174,9,-1,0,unknown,no
37,self-employed,married,unknown,no,3070,yes,yes,cellular,5,oct,771,5,-1,0,unknown,yes
66,housemaid,married,secondary,no,3606,no,no,cellular,2,nov,102,1,-1,0,unknown,no
29,entrepreneur,divorced,secondary,no,5755,yes,yes,cellular,29,aug,244,8,-1,0,unknown,no
64,self-employed,single,secondary,no,4659,yes,yes,unknown,27,jul,573,2,-1,0,unknown,yes
18,technician,divorced,unknown,no,3128,no,yes,telephone,16,jan,256,6,-1,0,unknown,no
43,student,married,primary,no,4638,yes,no,cellular,13,jan,116,6,-1,0,unknown,no
31,unknown,married,tertiary,no,-1831,no,no,telephone,31,jan,1210,7,-1,0,unknown,yes
55,student,divorced,secondary,no,-3097,no,no,unknown,30,feb,53,9,-1,0,unknown,no
54,self-employed,married,unknown,no,1895,yes,no,cellular,6,oct,191,1,223,4,success,no
28,admin.,married,unknown,no,1629,no,no,unknown,4,feb,411,8,-1,0,unknown,yes
53,unknown,divorced,tertiary,no,-213,yes,no,cellular,25,sep,0,5,-1,0,unknown,no
30,technician,married,primary,no,3907,yes,no,cellular,7,may,312,6,-1,0,unknown,no
60,technician,single,secondary,no,-4182,no,no,telephone,2,jan,79,8,-1,0,unknown,no
20,student,divorced,secondary,no,-186,yes,no,unknown,23,jul,47,8,-1,0,unknown,no
50,services,single,unknown,no,-36,no,no,cellular,10,oct,82,7,38,2,success,no
23,unknown,married,primary,no,-3500,yes,no,cellular,14,feb,878,7,337,4,failure,yes
67,unemployed,married,secondary,no,5920,no,no,unknown,8,mar,574,1,-1,0,unknown,yes
73,technician,divorced,tertiary,no,-2666,yes,no,telephone,3,apr,62,8,-1,0,unknown,no
27,admin.,married,primary,yes,-347,yes,no,unknown,3,mar,32,3,-1,0,unknown,no
22,blue-collar,divorced,primary,no,4155,no,no,cellular,27,mar,116,5,-1,0,unknown,no
40,housemaid,divorced,unknown,no,3366,yes,yes,unknown,2,sep,231,4,-1,0,unknown,no
27,services,divorced,unknown,no,-1911,no,no,telephone,28,dec,520,3,176,1,other,yes
61,blue-collar,divorced,secondary,no,3476,no,yes,telephone,31,apr,873,5,-1,0,unknown,yes
19,services,divorced,unknown,no,2294,no,no,telephone,17,aug,358,3,304,3,success,yes
30,admin.,single,primary,no,8443,no,no,telephone,19,jan,235,9,-1,0,unknown,no
57,student,divorced,secondary,no,2638,yes,no,telephone,10,jun,39,9,-1,0,unknown,no
19,retired,single,secondary,no,998,yes,yes,telephone,12,jan,19,6,-1,0,unknown,no
37,unknown,married,primary,no,-1154,no,no,telephone,27,may,233,3,-1,0,unknown,no
18,self-employed,divorced,secondary,no,-816,no,no,cellular,23,jul,199,5,-1,0,unknown,no
54,management,married,tertiary,no,-1061,yes,no,unknown,11,dec,482,8,-1,0,unknown,yes
26,unemployed,divorced,tertiary,no,5548,yes,no,telephone,9,jan,100,9,-1,0,unknown,no
34,blue-collar,single,secondary,no,1477,no,no,unknown,30,sep,10,3,-1,0,unknown,no
26,unknown,single,unknown,no,3123,no,no,unknown,25,dec,142,5,-1,0,unknown,no
28,unemployed,single,tertiary,no,5979,no,no,cellular,13,nov,897,2,-1,0,unknown,yes
32,retired,married,secondary,no,-5673,no,no,unknown,6,sep,409,2,-1,0,unknown,yes
41,management,divorced,tertiary,no,5271,yes,no,unknown,14,jun,8,2,103,3,success,no
55,unemployed,married,unknown,no,1589,no,no,telephone,31,feb,535,6,-1,0,unknown,yes
72,unemployed,single,primary,no,2732,no,no,telephone,22,feb,164,3,-1,0,unknown,no
52,blue-collar,married,secondary,no,-1069,yes,no,unknown,11,sep,117,5,-1,0,unknown,no
47,entrepreneur,single,secondary,no,-849,yes,no,telephone,5,apr,109,8,-1,0,unknown,no
48,management,single,secondary,no,2893,yes,yes,cellular,31,jun,233,5,-1,0,unknown,no
66,unknown,single,secondary,no,8598,no,no,unknown,2,oct,195,2,-1,0,unknown,no
22,retired,divorced,secondary,no,4441,yes,no,unknown,7,feb,275,6,-1,0,unknown,no
61,management,divorced,secondary,no,5230,yes,no,cellular,17,apr,219,2,-1,0,unknown,no
67,student,single,unknown,no,845,yes,yes,cellular,6,feb,40,8,-1,0,unknown,no
31,admin.,married,primary,no,-383,yes,no,cellular,14,mar,76,2,-1,0,unknown,no
70,student,married,unknown,no,-926,yes,no,cellular,4,feb,474,7,-1,0,unknown,yes
73,entrepreneur,divorced,unknown,no,-46,no,no,unknown,3,aug,280,4,-1,0,unknown,no
28,admin.,single,primary,no,-4753,yes,no,telephone,31,may,153,4,-1,0,unknown,no
26,retired,married,unknown,no,-758,no,no,telephone,11,may,52,8,-1,0,unknown,no
51,blue-collar,single,tertiary,no,-263,no,no,telephone,29,aug,1,4,-1,0,unknown,no
29,blue-collar,married,unknown,no,895,no,yes,telephone,1,nov,96,8,-1,0,unknown,no
52,retired,divorced,secondary,no,1819,no,no,cellular,14,aug,14,9,-1,0,unknown,no
52,services,single,tertiary,no,2513,yes,no,telephone,6,jul,169,8,216,1,other,no
18,retired,single,tertiary,no,1378,yes,no,telephone,29,may,445,4,-1,0,unknown,yes
57,student,married,primary,no,-326,yes,no,unknown,23,jul,86,5,-1,0,unknown,no
39,entrepreneur,married,unknown,no,-4484,no,no,unknown,27,jan,485,6,-1,0,unknown,yes
46,technician,married,unknown,no,-308,yes,yes,telephone,17,mar,314,9,-1,0,unknown,yes
25,blue-collar,single,tertiary,no,-1503,no,no,cellular,27,mar,34,5,-1,0,unknown,no
28,housemaid,divorced,unknown,no,2825,no,no,telephone,17,feb,266,2,-1,0,unknown,no
58,entrepreneur,divorced,unknown,no,4159,no,yes,cellular,23,jun,42,7,-1,0,unknown,no
54,self-employed,married,primary,no,4247,no,no,unknown,11,mar,274,6,-1,0,unknown,no
31,entrepreneur,divorced,tertiary,no,3700,no,no,cellular,28,apr,39,3,-1,0,unknown,no
47,entrepreneur,married,secondary,no,1021,yes,no,telephone,22,mar,128,8,-1,0,unknown,no
52,unemployed,divorced,tertiary,no,-147,no,no,unknown,7,jul,215,3,-1,0,unknown,no
38,entrepreneur,single,primary,no,-825,yes,no,telephone,31,apr,13,4,-1,0,unknown,no
54,blue-collar,married,primary,no,-3113,no,no,telephone,13,may,42,9,355,1,failure,no
22,technician,divorced,primary,no,4407,yes,no,cellular,8,jul,99,4,-1,0,unknown,no
36,technician,single,unknown,no,897,yes,no,telephone,8,apr,160,2,59,4,failure,no
31,entrepreneur,divorced,tertiary,no,-2327,no,no,telephone,9,jun,504,9,-1,0,unknown,yes
43,self-employed,single,unknown,no,-1063,yes,no,unknown,29,sep,53,8,-1,0,unknown,no
21,admin.,single,unknown,no,-1185,no,yes,cellular,25,jun,110,4,-1,0,unknown,no
42,blue-collar,divorced,tertiary,no,1552,no,yes,cellular,7,may,166,6,-1,0,unknown,no
62,blue-collar,divorced,primary,no,4635,no,yes,unknown,25,dec,90,6,131,1,failure,no
59,self-employed,single,secondary,no,375,yes,no,unknown,22,jan,253,2,-1,0,unknown,no
42,management,single,secondary,no,-5354,yes,no,cellular,9,aug,76,9,-1,0,unknown,no
35,student,single,tertiary,no,853,no,no,unknown,11,may,381,6,-1,0,unknown,yes
57,self-employed,married,tertiary,no,953,no,no,cellular,2,may,181,5,-1,0,unknown,no
25,self-employed,single,primary,no,746,yes,no,unknown,27,mar,23,2,-1,0,unknown,no
56,unknown,married,tertiary,no,-465,yes,no,cellular,18,oct,254,1,-1,0,unknown,no
57,services,single,tertiary,no,2077,yes,no,cellular,30,dec,217,7,-1,0,unknown,no
31,self-employed,married,primary,no,1622,no,no,unknown,22,feb,106,4,111,3,other,no
49,services,single,primary,no,1348,yes,no,telephone,3,jan,2,7,-1,0,unknown,no
68,admin.,single,unknown,no,2664,yes,no,telephone,18,sep,57,5,-1,0,unknown,no
55,services,single,tertiary,no,129,no,no,unknown,16,may,134,1,-1,0,unknown,no
50,management,divorced,secondary,yes,-41,yes,no,cellular,8,oct,57,5,-1,0,unknown,no
40,self-employed,divorced,tertiary,no,5575,no,no,unknown,23,dec,222,4,-1,0,unknown,no
32,self-employed,single,secondary,no,3106,yes,no,telephone,8,apr,321,1,-1,0,unknown,no
50,retired,married,secondary,no,3911,yes,no,cellular,6,jul,500,2,10,4,success,yes
42,services,married,secondary,no,5112,yes,no,cellular,25,apr,268,9,-1,0,unknown,no
34,blue-collar,single,unknown,no,3005,yes,no,cellular,25,nov,301,1,-1,0,unknown,no
50,self-employed,divorced,primary,no,4216,yes,no,telephone,2,feb,241,4,-1,0,unknown,no
64,student,married,primary,no,-3329,yes,no,telephone,16,sep,1092,8,-1,0,unknown,yes
72,retired,divorced,unknown,no,2037,yes,no,cellular,26,aug,78,5,-1,0,unknown,no
19,services,married,primary,no,873,no,yes,cellular,21,dec,79,7,-1,0,unknown,no
31,blue-collar,single,unknown,no,6471,yes,no,telephone,9,apr,34,2,-1,0,unknown,no
70,blue-collar,divorced,tertiary,no,4214,no,no,telephone,19,aug,171,4,-1,0,unknown,no
57,entrepreneur,married,unknown,no,-474,no,no,cellular,21,dec,26,4,190,1,failure,no
57,technician,single,primary,yes,2544,yes,no,unknown,15,sep,81,1,-1,0,unknown,no
68,admin.,single,primary,no,1927,yes,no,unknown,24,feb,170,8,-1,0,unknown,no
56,management,single,tertiary,no,2790,yes,no,unknown,2,apr,815,3,375,1,other,yes
68,unemployed,divorced,unknown,no,-1642,yes,no,telephone,15,nov,856,4,-1,0,unknown,yes
23,self-employed,divorced,tertiary,no,2506,yes,yes,unknown,22,jun,351,2,151,3,other,yes
23,unknown,single,secondary,no,736,yes,no,unknown,11,jul,127,5,-1,0,unknown,no
20,services,divorced,unknown,no,2272,no,no,telephone,20,may,516,5,-1,0,unknown,yes
24,services,married,tertiary,no,-756,yes,no,unknown,12,oct,537,3,-1,0,unknown,yes
68,retired,single,tertiary,no,-337,yes,no,cellular,31,dec,621,8,-1,0,unknown,yes
25,retired,single,primary,no,4955,yes,no,telephone,15,oct,263,1,-1,0,unknown,no
59,unknown,divorced,unknown,no,-1741,no,yes,cellular,16,jul,58,2,-1,0,unknown,no
69,services,single,secondary,no,-1519,yes,no,unknown,30,nov,24,1,-1,0,unknown,no
32,housemaid,married,secondary,no,1267,no,yes,cellular,28,apr,635,6,-1,0,unknown,yes
64,management,divorced,unknown,no,-899,no,yes,telephone,6,aug,14,4,52,3,success,no
46,services,divorced,unknown,no,-1240,no,no,unknown,3,mar,90,1,-1,0,unknown,no
50,self-employed,single,tertiary,no,1739,yes,no,telephone,6,mar,172,7,-1,0,unknown,no
69,technician,single,primary,no,-3105,no,no,unknown,23,may,5,9,-1,0,unknown,no
47,unknown,single,primary,no,-1609,no,no,telephone,26,jun,612,5,-1,0,unknown,yes
56,self-employed,divorced,primary,no,7603,no,no,telephone,3,mar,87,7,158,3,success,no
44,housemaid,single,unknown,no,2805,yes,no,cellular,21,oct,7,4,-1,0,unknown,no
53,management,married,primary,no,-823,yes,no,telephone,13,feb,1302,4,-1,0,unknown,yes
46,services,single,tertiary,no,2681,no,yes,telephone,12,may,96,4,-1,0,unknown,no
55,unemployed,single,unknown,no,3130,no,no,cellular,8,oct,540,5,160,4,other,yes
74,entrepreneur,divorced,unknown,no,4415,yes,no,unknown,31,jun,155,8,-1,0,unknown,no
50,self-employed,single,primary,no,1040,yes,yes,unknown,2,mar,280,4,-1,0,unknown,no
54,technician,divorced,secondary,no,4361,yes,no,telephone,7,jul,71,7,-1,0,unknown,no
44,unemployed,single,secondary,no,-4710,no,yes,cellular,29,mar,180,9,-1,0,unknown,no
72,student,married,tertiary,no,-1755,no,yes,unknown,17,dec,76,6,-1,0,unknown,no
50,retired,married,primary,no,1916,yes,yes,cellular,7,feb,778,4,-1,0,unknown,yes
21,self-employed,divorced,primary,no,2414,yes,yes,telephone,1,oct,16,5,-1,0,unknown,no
39,retired,divorced,unknown,no,-1320,yes,no,cellular,4,apr,82,8,-1,0,unknown,no
19,services,single,unknown,no,2203,yes,no,telephone,15,mar,576,4,-1,0,unknown,yes
27,retired,single,primary,no,-454,yes,no,unknown,4,jul,168,4,-1,0,unknown,no
22,student,married,unknown,no,589,yes,no,unknown,12,aug,236,7,-1,0,unknown,no
27,technician,single,primary,no,4506,yes,no,unknown,16,mar,272,6,-1,0,unknown,no
50,management,married,tertiary,no,4157,no,no,unknown,21,jun,18,1,-1,0,unknown,no
71,blue-collar,divorced,unknown,no,-1577,no,no,cellular,18,jan,4,9,-1,0,unknown,no
55,admin.,single,primary,no,-1758,no,no,cellular,14,may,716,5,-1,0,unknown,yes
30,unknown,divorced,unknown,no,185,yes,no,cellular,14,feb,81,2,-1,0,unknown,no
48,management,single,tertiary,no,1342,no,no,telephone,28,jan,123,5,-1,0,unknown,no
64,blue-collar,married,unknown,no,-556,no,no,unknown,11,jul,295,8,-1,0,unknown,yes
53,housemaid,divorced,primary,no,4554,yes,yes,unknown,28,oct,69,6,-1,0,unknown,no
62,self-employed,divorced,unknown,no,2468,yes,no,unknown,16,apr,340,8,-1,0,unknown,no
41,self-employed,single,unknown,no,2644,no,no,cellular,15,may,158,5,-1,0,unknown,no
69,technician,divorced,primary,no,-2388,no,no,cellular,22,feb,501,4,-1,0,unknown,yes
73,self-employed,married,secondary,no,4935,yes,no,unknown,6,aug,84,3,72,4,other,no
32,unemployed,divorced,unknown,yes,-7062,yes,no,telephone,30,nov,58,2,-1,0,unknown,no
46,blue-collar,divorced,unknown,no,3932,no,no,cellular,24,oct,459,9,-1,0,unknown,yes
25,technician,single,tertiary,no,4234,no,no,unknown,13,mar,101,1,-1,0,unknown,no
22,entrepreneur,divorced,secondary,no,121,no,no,unknown,26,jul,136,2,-1,0,unknown,no
46,unemployed,single,tertiary,no,5253,yes,no,unknown,28,nov,407,6,-1,0,unknown,yes
64,self-employed,single,primary,no,1233,yes,no,telephone,17,jan,260,6,391,1,success,no
21,retired,divorced,primary,no,1610,yes,no,unknown,4,oct,150,1,-1,0,unknown,no
29,student,married,tertiary,no,2444,no,no,cellular,12,jan,74,8,-1,0,unknown,no
62,retired,single,unknown,no,11011,no,no,telephone,18,jul,372,4,152,1,other,no
19,unemployed,divorced,secondary,no,5468,no,no,telephone,27,jan,51,7,-1,0,unknown,no
44,housemaid,single,tertiary,no,3532,yes,no,unknown,8,dec,679,9,-1,0,unknown,yes
48,self-employed,married,tertiary,no,-1323,no,no,cellular,12,sep,42,2,-1,0,unknown,no
68,housemaid,married,primary,no,1855,no,no,cellular,4,sep,421,7,-1,0,unknown,yes
68,housemaid,single,unknown,no,-1023,no,yes,unknown,30,aug,142,1,-1,0,unknown,no
53,blue-collar,married,secondary,no,3896,no,no,unknown,8,aug,53,3,-1,0,unknown,no
53,unknown,divorced,tertiary,no,1845,no,yes,cellular,29,apr,132,4,-1,0,unknown,no
43,blue-collar,divorced,secondary,no,-1960,no,no,telephone,2,apr,64,3,-1,0,unknown,no
60,services,single,secondary,no,1667,yes,yes,telephone,29,may,37,8,-1,0,unknown,no
44,admin.,married,tertiary,no,-1132,no,no,unknown,30,sep,70,7,-1,0,unknown,no
22,unemployed,divorced,secondary,no,1878,yes,no,unknown,4,mar,521,3,-1,0,unknown,yes
37,management,divorced,primary,no,-1161,no,yes,cellular,12,apr,28,7,152,1,other,no
28,admin.,divorced,unknown,no,1505,no,no,cellular,25,oct,927,2,-1,0,unknown,yes
27,entrepreneur,single,unknown,no,3681,yes,no,cellular,21,may,1,3,-1,0,unknown,no
57,student,single,unknown,no,1263,no,no,cellular,22,jul,276,7,147,3,failure,no
55,blue-collar,divorced,primary,no,246,no,yes,unknown,10,may,500,5,-1,0,unknown,yes
23,blue-collar,divorced,primary,no,2034,no,no,unknown,31,sep,701,9,-1,0,unknown,yes
25,technician,married,primary,no,3520,no,no,cellular,31,jun,40,8,-1,0,unknown,no
40,admin.,married,unknown,no,-1908,no,no,unknown,15,mar,309,6,-1,0,unknown,no
64,technician,married,secondary,no,2207,no,no,unknown,28,jun,29,4,-1,0,unknown,no
43,management,single,primary,no,5387,yes,no,cellular,9,jun,112,3,134,2,success,no
63,technician,divorced,tertiary,no,3149,yes,no,telephone,9,dec,339,6,-1,0,unknown,yes
60,admin.,single,primary,no,1596,yes,no,telephone,7,oct,109,9,-1,0,unknown,no
29,unemployed,divorced,tertiary,no,3347,no,yes,cellular,27,jan,96,5,-1,0,unknown,no
43,self-employed,married,unknown,no,2784,yes,no,telephone,2,jul,31,7,-1,0,unknown,no
30,self-employed,married,tertiary,no,3690,no,yes,unknown,7,mar,17,7,-1,0,unknown,no
57,student,married,primary,no,-4667,yes,no,telephone,9,jan,31,7,-1,0,unknown,no
35,entrepreneur,married,primary,no,-3251,no,no,cellular,18,jan,537,9,-1,0,unknown,yes
42,blue-collar,divorced,secondary,no,4446,yes,no,cellular,23,may,2,2,-1,0,unknown,no
50,management,married,unknown,no,-3106,no,yes,telephone,12,oct,304,8,-1,0,unknown,yes
64,blue-collar,divorced,tertiary,yes,2631,no,no,telephone,7,oct,377,2,-1,0,unknown,yes
57,services,divorced,unknown,yes,363,no,no,unknown,19,feb,216,1,-1,0,unknown,no
60,student,single,primary,no,-1574,no,no,telephone,22,feb,338,6,-1,0,unknown,no
29,entrepreneur,married,secondary,no,2475,no,no,telephone,24,dec,272,2,-1,0,unknown,no
61,unknown,married,primary,no,2027,no,no,telephone,16,apr,156,5,-1,0,unknown,no
53,technician,single,primary,no,7773,no,no,unknown,26,oct,124,1,-1,0,unknown,no
65,retired,divorced,primary,no,-457,yes,no,telephone,8,nov,731,7,-1,0,unknown,yes
21,admin.,married,tertiary,no,5756,no,no,unknown,30,dec,921,1,-1,0,unknown,yes
22,blue-collar,divorced,primary,no,2483,no,no,unknown,19,dec,271,8,-1,0,unknown,no
73,technician,single,unknown,no,-566,yes,no,cellular,6,jul,56,5,-1,0,unknown,no
54,management,divorced,unknown,no,3827,no,no,cellular,2,aug,153,5,-1,0,unknown,no
25,blue-collar,married,secondary,no,3125,no,no,unknown,30,nov,177,3,-1,0,unknown,no
59,unknown,divorced,unknown,no,1530,no,yes,unknown,2,oct,366,2,-1,0,unknown,yes
66,self-employed,divorced,primary,no,2224,no,no,unknown,29,jul,284,6,-1,0,unknown,no
45,entrepreneur,married,primary,no,-373,yes,no,cellular,8,sep,186,4,340,4,failure,no
48,student,married,unknown,no,-1061,yes,no,unknown,27,jul,294,4,-1,0,unknown,no
26,entrepreneur,divorced,secondary,no,3708,yes,no,cellular,10,apr,6,6,-1,0,unknown,no
71,self-employed,divorced,secondary,no,749,yes,no,cellular,21,sep,386,2,-1,0,unknown,yes
68,blue-collar,single,unknown,no,1182,no,yes,unknown,21,sep,61,2,-1,0,unknown,no
46,management,married,tertiary,no,2264,yes,no,unknown,11,mar,275,4,-1,0,unknown,yes
31,entrepreneur,divorced,tertiary,no,2221,no,no,unknown,20,oct,31,6,-1,0,unknown,no
57,entrepreneur,married,tertiary,no,-2877,no,yes,cellular,27,aug,31,2,-1,0,unknown,no
58,unknown,single,tertiary,no,5293,no,no,telephone,26,jan,9,7,-1,0,unknown,no
39,admin.,divorced,unknown,no,1787,yes,no,unknown,20,feb,621,8,-1,0,unknown,yes
28,management,divorced,secondary,no,813,yes,no,telephone,24,aug,239,9,-1,0,unknown,no
40,management,divorced,primary,no,2719,yes,yes,telephone,3,aug,115,6,-1,0,unknown,no
18,unemployed,married,primary,no,2134,yes,no,telephone,27,jun,399,2,-1,0,unknown,no
63,self-employed,single,unknown,yes,3731,no,no,telephone,16,aug,253,6,-1,0,unknown,no
54,unemployed,married,primary,no,3041,no,yes,telephone,3,aug,249,8,79,2,success,yes
38,self-employed,divorced,tertiary,no,3582,yes,no,cellular,8,feb,172,1,-1,0,unknown,no
43,entrepreneur,single,secondary,no,5488,no,no,cellular,19,mar,2,6,-1,0,unknown,no
63,self-employed,divorced,unknown,no,4081,yes,no,cellular,12,jul,77,1,28,1,failure,no
53,retired,divorced,secondary,no,940,no,no,telephone,18,mar,29,6,-1,0,unknown,no
71,unemployed,married,unknown,no,-1955,yes,no,cellular,13,nov,280,4,-1,0,unknown,yes
40,entrepreneur,divorced,unknown,no,6441,no,no,unknown,11,feb,73,3,101,3,success,no
74,housemaid,single,unknown,no,707,yes,no,telephone,29,jun,154,3,-1,0,unknown,no
18,services,divorced,unknown,no,0,yes,no,unknown,13,feb,112,4,-1,0,unknown,no
71,services,divorced,secondary,no,-3802,yes,no,telephone,21,feb,39,3,-1,0,unknown,no
72,management,married,primary,no,2441,yes,no,telephone,27,nov,820,9,-1,0,unknown,yes
68,retired,single,unknown,no,1870,no,no,telephone,3,feb,699,4,345,1,success,yes
57,unknown,married,tertiary,no,-3135,yes,yes,telephone,6,apr,22,1,-1,0,unknown,no
32,admin.,divorced,unknown,no,2786,no,no,unknown,27,jul,453,4,-1,0,unknown,yes
38,unemployed,married,secondary,no,-76,no,no,telephone,23,jun,172,1,-1,0,unknown,no
64,housemaid,married,unknown,no,9518,no,no,telephone,3,may,383,3,-1,0,unknown,no
26,entrepreneur,married,tertiary,no,-290,no,no,cellular,25,apr,42,4,-1,0,unknown,no
70,retired,married,secondary,no,113,yes,yes,telephone,26,feb,36,4,25,4,success,no
26,management,divorced,unknown,no,-1209,no,no,telephone,1,nov,571,9,163,4,success,yes
27,student,divorced,tertiary,no,5268,no,yes,telephone,14,aug,588,6,-1,0,unknown,yes
69,unemployed,single,secondary,yes,301,no,no,telephone,23,dec,161,3,-1,0,unknown,no
74,retired,married,unknown,no,-758,no,yes,telephone,20,feb,526,7,-1,0,unknown,yes
70,unemployed,married,tertiary,no,3550,no,no,telephone,7,nov,284,4,-1,0,unknown,no
43,student,single,secondary,no,-2730,yes,no,unknown,25,aug,52,7,-1,0,unknown,no
58,admin.,married,unknown,no,3303,no,no,unknown,9,oct,102,2,-1,0,unknown,no
52,admin.,single,secondary,no,6783,no,no,telephone,1,apr,37,7,-1,0,unknown,no
69,unknown,divorced,tertiary,no,3127,yes,no,unknown,10,dec,383,8,-1,0,unknown,yes
42,services,single,unknown,no,3342,no,no,cellular,13,may,1087,7,-1,0,unknown,yes
43,self-employed,married,unknown,no,4041,yes,no,cellular,12,nov,203,6,333,2,success,no
28,technician,single,unknown,no,6567,yes,no,telephone,4,jan,275,4,-1,0,unknown,no
55,technician,divorced,tertiary,no,5063,no,no,telephone,7,feb,353,9,336,3,success,yes
19,unemployed,married,primary,no,2745,no,no,unknown,10,nov,65,1,-1,0,unknown,no
24,student,divorced,unknown,no,4142,no,no,cellular,22,aug,105,5,130,2,failure,no
35,unknown,divorced,tertiary,no,-1242,no,no,telephone,31,jan,137,1,-1,0,unknown,no
44,technician,single,secondary,no,3758,yes,no,cellular,25,mar,232,1,-1,0,unknown,no
51,self-employed,divorced,secondary,no,-1602,no,no,unknown,29,feb,490,6,-1,0,unknown,yes
44,management,married,tertiary,no,318,yes,no,telephone,7,oct,75,6,-1,0,unknown,no
34,technician,divorced,primary,no,-7852,yes,no,telephone,15,may,164,7,-1,0,unknown,no
60,blue-collar,divorced,tertiary,no,2630,yes,no,telephone,19,dec,359,9,-1,0,unknown,yes
61,entrepreneur,single,secondary,no,-514,no,no,cellular,7,apr,23,6,-1,0,unknown,no
68,unknown,divorced,secondary,no,4766,yes,no,unknown,26,apr,185,2,-1,0,unknown,no
71,management,single,unknown,yes,2597,no,no,cellular,14,apr,40,4,-1,0,unknown,no
41,retired,single,primary,no,4805,no,no,cellular,21,nov,199,9,-1,0,unknown,no
42,management,married,tertiary,no,-1837,yes,yes,telephone,14,apr,376,2,-1,0,unknown,yes
24,services,married,secondary,no,4547,no,no,unknown,18,apr,69,7,-1,0,unknown,no
69,retired,married,secondary,no,7759,yes,no,unknown,10,jun,488,4,-1,0,unknown,yes
23,housemaid,married,secondary,no,3722,yes,no,telephone,3,feb,105,6,-1,0,unknown,no
70,entrepreneur,single,tertiary,no,3801,no,no,unknown,6,apr,54,1,-1,0,unknown,no
41,entrepreneur,divorced,tertiary,no,1933,yes,no,telephone,29,jul,161,8,-1,0,unknown,no
50,entrepreneur,married,primary,no,-155,no,no,telephone,22,jul,538,6,348,1,success,yes
66,student,married,unknown,no,3713,no,yes,unknown,23,jan,18,7,374,3,other,no
46,entrepreneur,married,unknown,no,-3108,yes,no,unknown,22,oct,102,6,-1,0,unknown,no
60,unemployed,divorced,unknown,yes,165,no,no,unknown,9,dec,273,7,-1,0,unknown,no
39,entrepreneur,married,secondary,no,-3906,yes,yes,unknown,14,sep,114,5,-1,0,unknown,no
43,self-employed,divorced,unknown,no,-694,yes,no,cellular,21,jul,18,3,102,2,success,no
45,entrepreneur,single,secondary,no,3354,yes,no,telephone,31,nov,104,6,-1,0,unknown,no
67,entrepreneur,single,primary,no,2943,yes,no,telephone,21,jun,443,9,-1,0,unknown,yes
38,student,single,secondary,no,1576,yes,no,telephone,24,feb,888,6,190,4,other,yes
66,unknown,divorced,primary,no,1935,no,no,telephone,8,jun,10,9,203,3,failure,no
24,unemployed,married,primary,no,-4251,yes,no,cellular,1,may,217,2,238,1,failure,no
34,student,married,unknown,no,301,no,yes,unknown,3,sep,28,1,-1,0,unknown,no
37,admin.,married,unknown,no,-627,yes,no,unknown,29,dec,294,4,331,3,failure,no
58,management,married,secondary,no,-560,yes,no,unknown,22,jan,2,5,145,1,other,no
66,management,married,tertiary,no,3227,yes,no,telephone,6,may,3,7,-1,0,unknown,no
37,retired,divorced,unknown,no,-1166,no,no,cellular,1,mar,387,8,260,1,other,yes
71,unknown,single,unknown,no,-396,yes,no,cellular,18,sep,19,1,-1,0,unknown,no
39,blue-collar,married,tertiary,no,-4856,yes,yes,unknown,10,dec,93,6,-1,0,unknown,no
45,management,single,tertiary,no,537,no,no,telephone,23,jan,818,1,-1,0,unknown,yes
57,technician,divorced,unknown,no,-1850,no,no,unknown,17,jun,1087,8,-1,0,unknown,yes
66,blue-collar,divorced,tertiary,no,1661,yes,no,telephone,26,mar,45,1,-1,0,unknown,no
24,entrepreneur,married,secondary,no,-1438,no,no,unknown,21,jan,212,4,140,3,other,no
18,entrepreneur,divorced,primary,no,1737,no,no,unknown,1,nov,211,3,-1,0,unknown,no
49,unemployed,single,primary,no,987,no,no,cellular,22,mar,155,2,54,4,other,no
30,blue-collar,married,unknown,no,6454,yes,no,telephone,31,feb,667,8,-1,0,unknown,yes
47,technician,married,unknown,no,2919,yes,no,cellular,23,oct,361,6,-1,0,unknown,yes
40,unemployed,single,secondary,no,-4112,yes,no,cellular,8,dec,373,4,56,1,failure,no
68,self-employed,married,tertiary,no,-2383,no,no,unknown,29,dec,81,3,-1,0,unknown,no
73,student,married,unknown,no,1589,yes,no,telephone,12,dec,146,6,97,2,success,no
36,retired,single,primary,no,-1374,no,no,telephone,19,aug,172,6,-1,0,unknown,no
49,blue-collar,married,secondary,no,-7508,yes,no,unknown,14,mar,91,5,80,2,success,no
47,unknown,married,secondary,no,5483,yes,no,unknown,30,nov,25,3,-1,0,unknown,no
46,entrepreneur,single,tertiary,no,3590,yes,no,unknown,19,jul,34,9,-1,0,unknown,no
66,entrepreneur,divorced,unknown,no,2990,yes,no,telephone,27,oct,51,6,130,4,other,no
62,services,single,unknown,no,-404,no,no,unknown,17,jun,58,5,-1,0,unknown,no
46,student,married,secondary,no,2709,no,no,unknown,28,jul,71,7,248,3,failure,no
47,student,single,primary,no,-696,no,no,cellular,16,nov,76,1,5,3,success,no
33,unemployed,married,unknown,no,2039,no,no,unknown,19,jul,156,7,-1,0,unknown,no
57,admin.,married,primary,no,-1347,no,yes,unknown,5,oct,183,1,-1,0,unknown,no
36,admin.,single,secondary,no,5985,no,no,telephone,22,jan,95,9,-1,0,unknown,no
35,unemployed,married,unknown,no,-3301,yes,no,unknown,19,apr,613,6,-1,0,unknown,yes
18,unknown,divorced,primary,no,5130,no,no,telephone,4,apr,207,7,-1,0,unknown,no
31,housemaid,married,secondary,yes,1540,no,no,cellular,5,may,399,7,-1,0,unknown,no
68,unemployed,single,primary,no,-49,no,no,cellular,5,oct,665,1,203,1,success,yes
64,unknown,divorced,unknown,no,1925,no,no,telephone,25,may,45,2,-1,0,unknown,no
67,retired,divorced,tertiary,no,3629,no,no,unknown,24,aug,144,3,-1,0,unknown,no
19,entrepreneur,married,primary,no,5535,no,no,telephone,1,apr,146,8,-1,0,unknown,no
71,technician,single,tertiary,no,2365,yes,no,unknown,18,jan,112,9,-1,0,unknown,no
45,housemaid,married,unknown,no,-1257,yes,no,unknown,28,may,2,8,-1,0,unknown,no
66,blue-collar,married,tertiary,no,1590,no,no,unknown,15,jan,436,6,-1,0,unknown,yes
67,housemaid,single,secondary,no,6889,no,no,telephone,21,dec,30,2,33,2,success,no
47,technician,single,tertiary,no,5478,yes,no,cellular,28,mar,1393,2,-1,0,unknown,yes
55,services,married,primary,no,4157,yes,no,telephone,19,aug,382,7,-1,0,unknown,yes
68,student,divorced,primary,no,3817,yes,no,unknown,23,oct,223,9,-1,0,unknown,no
21,entrepreneur,married,tertiary,no,3527,no,no,telephone,14,may,43,6,328,2,success,no
18,admin.,divorced,secondary,no,4909,yes,no,cellular,27,jul,186,1,-1,0,unknown,no
25,unknown,married,unknown,no,49,no,no,telephone,6,jan,78,9,-1,0,unknown,no
46,unemployed,single,tertiary,no,-2654,yes,no,cellular,18,jun,75,7,-1,0,unknown,no
72,unemployed,divorced,primary,no,1630,yes,yes,cellular,8,dec,456,3,-1,0,unknown,yes
56,admin.,single,primary,no,-1037,no,no,unknown,5,aug,123,2,-1,0,unknown,no
20,housemaid,single,tertiary,no,-1751,yes,no,cellular,22,jun,154,3,-1,0,unknown,no
49,entrepreneur,single,tertiary,no,-744,yes,no,telephone,8,apr,477,2,-1,0,unknown,yes
27,management,single,tertiary,no,8901,yes,no,telephone,29,nov,23,2,-1,0,unknown,no
27,unknown,single,unknown,no,1832,yes,no,unknown,6,aug,232,4,-1,0,unknown,no
36,self-employed,married,primary,no,2511,no,no,telephone,10,aug,222,6,-1,0,unknown,no
63,retired,divorced,primary,no,-2255,yes,no,unknown,3,jun,142,3,-1,0,unknown,no
51,technician,married,primary,no,-4124,no,no,telephone,13,aug,456,9,-1,0,unknown,yes
50,housemaid,married,unknown,no,-1041,yes,no,telephone,7,dec,738,5,-1,0,unknown,yes
40,student,married,secondary,no,5750,no,yes,cellular,30,jun,161,5,178,3,success,no
72,student,single,primary,no,2428,no,yes,cellular,4,apr,157,7,-1,0,unknown,no
45,blue-collar,married,primary,no,3224,no,no,cellular,13,nov,179,9,-1,0,unknown,no
49,services,divorced,secondary,no,3645,no,no,telephone,6,dec,331,1,15,1,other,no
67,student,married,unknown,no,-356,yes,no,unknown,16,jun,284,9,-1,0,unknown,no
24,unemployed,single,secondary,no,5599,yes,no,unknown,22,sep,65,2,-1,0,unknown,no
46,housemaid,divorced,secondary,no,-481,no,no,unknown,27,aug,17,3,-1,0,unknown,no
25,services,divorced,secondary,no,5654,yes,no,cellular,21,jul,769,5,-1,0,unknown,yes
18,technician,divorced,secondary,no,2753,yes,yes,telephone,29,may,78,4,-1,0,unknown,no
74,unemployed,divorced,unknown,no,-3960,yes,no,cellular,1,jul,262,5,40,3,failure,no
72,unemployed,married,unknown,no,-827,yes,no,telephone,30,jan,454,5,-1,0,unknown,yes
20,management,single,secondary,no,-3947,yes,no,telephone,24,aug,92,5,-1,0,unknown,no
41,self-employed,divorced,tertiary,no,4923,yes,no,telephone,13,may,260,5,-1,0,unknown,no
40,housemaid,divorced,tertiary,no,1348,yes,no,cellular,30,jul,29,2,-1,0,unknown,no
25,entrepreneur,single,tertiary,no,-5282,no,no,telephone,26,jul,904,1,222,4,other,yes
71,admin.,married,tertiary,no,2553,yes,no,cellular,2,aug,15,8,-1,0,unknown,no
74,admin.,divorced,primary,no,-193,no,no,cellular,20,jul,148,3,-1,0,unknown,no
64,retired,married,unknown,no,-3041,yes,no,telephone,29,jun,198,7,-1,0,unknown,no
54,blue-collar,married,unknown,no,6471,no,no,telephone,28,dec,403,8,-1,0,unknown,yes
20,services,married,secondary,no,1745,yes,no,telephone,19,jun,33,6,-1,0,unknown,no
68,housemaid,married,primary,no,540,yes,no,cellular,6,may,149,6,-1,0,unknown,no
50,student,divorced,secondary,no,221,yes,no,telephone,11,may,91,3,-1,0,unknown,no
45,unknown,divorced,secondary,no,-3130,yes,no,telephone,17,apr,96,9,-1,0,unknown,no
64,blue-collar,married,unknown,no,-2502,no,no,unknown,9,jul,389,3,-1,0,unknown,yes
25,management,married,primary,no,5289,no,no,unknown,5,dec,1,5,154,2,success,no
51,student,single,tertiary,no,-2,yes,no,unknown,5,nov,356,6,179,4,success,yes
52,unemployed,single,unknown,no,1489,yes,no,telephone,16,mar,429,1,-1,0,unknown,yes
49,entrepreneur,single,primary,no,-4728,yes,yes,cellular,4,may,597,9,-1,0,unknown,yes
41,housemaid,divorced,primary,no,-2543,yes,no,unknown,20,mar,254,7,-1,0,unknown,no
31,self-employed,single,unknown,no,3257,yes,no,cellular,29,aug,104,1,-1,0,unknown,no
49,blue-collar,divorced,unknown,no,2559,no,no,unknown,31,may,143,6,9,4,other,no
73,blue-collar,divorced,secondary,no,6698,yes,yes,unknown,13,nov,902,7,-1,0,unknown,yes
63,entrepreneur,divorced,secondary,no,5463,no,no,cellular,17,oct,549,5,-1,0,unknown,yes
60,student,divorced,secondary,no,728,no,yes,unknown,9,jun,160,5,-1,0,unknown,no
33,retired,single,tertiary,no,2846,no,no,cellular,25,jan,739,7,-1,0,unknown,yes
21,services,married,unknown,no,470,yes,no,telephone,13,nov,446,3,-1,0,unknown,yes
69,student,married,primary,no,7605,no,no,telephone,16,apr,596,3,-1,0,unknown,yes
54,services,married,unknown,no,4880,no,no,cellular,20,sep,296,1,-1,0,unknown,no
71,blue-collar,single,primary,no,1933,yes,no,cellular,10,may,502,8,-1,0,unknown,yes
38,technician,married,tertiary,no,2025,yes,no,telephone,10,jan,573,2,165,4,success,yes
31,blue-collar,single,unknown,no,5770,no,no,cellular,20,apr,24,3,-1,0,unknown,no
48,blue-collar,single,primary,no,3166,no,no,telephone,28,dec,866,7,-1,0,unknown,yes
72,entrepreneur,single,primary,no,6112,yes,no,telephone,16,jun,104,8,-1,0,unknown,no
65,unemployed,married,secondary,no,-5177,no,no,cellular,23,jul,149,9,-1,0,unknown,no
35,entrepreneur,married,tertiary,no,2810,yes,no,unknown,20,jul,404,8,-1,0,unknown,yes
24,housemaid,married,unknown,no,-127,yes,no,cellular,1,aug,282,7,-1,0,unknown,no
27,blue-collar,divorced,secondary,no,6707,yes,yes,telephone,11,may,576,1,-1,0,unknown,yes
24,services,single,tertiary,yes,6076,yes,no,unknown,31,jun,132,1,154,2,other,no
50,unknown,divorced,secondary,no,1521,no,no,unknown,13,nov,120,8,216,1,success,no
40,services,single,unknown,no,6043,no,no,telephone,25,nov,8,7,46,2,failure,no
38,self-employed,married,primary,no,6788,no,yes,unknown,18,feb,160,2,-1,0,unknown,no
36,student,single,unknown,no,1646,yes,no,unknown,5,dec,332,9,60,3,failure,no
65,admin.,single,tertiary,no,8861,no,no,cellular,4,oct,92,7,-1,0,unknown,no
36,self-employed,divorced,unknown,no,1328,yes,yes,telephone,24,dec,160,9,-1,0,unknown,no
53,retired,single,tertiary,no,777,yes,no,unknown,6,feb,63,1,-1,0,unknown,no
46,management,married,secondary,no,4028,no,no,telephone,15,mar,382,3,-1,0,unknown,yes
35,housemaid,single,tertiary,no,358,yes,yes,cellular,23,apr,16,2,175,4,failure,no
19,housemaid,single,primary,no,1679,yes,no,cellular,2,jun,315,6,-1,0,unknown,no
18,retired,single,primary,no,5663,yes,no,cellular,4,jun,122,4,-1,0,unknown,no
64,unknown,divorced,primary,no,1480,yes,yes,unknown,14,mar,10,2,-1,0,unknown,no
22,management,single,secondary,no,-3677,no,yes,cellular,4,jan,495,2,-1,0,unknown,yes
37,unemployed,single,tertiary,no,2528,no,no,telephone,28,mar,172,6,-1,0,unknown,no
28,blue-collar,divorced,secondary,no,-672,no,no,cellular,29,apr,235,9,-1,0,unknown,no
59,management,divorced,unknown,no,4026,no,no,unknown,18,sep,339,6,297,4,failure,yes
19,unknown,divorced,unknown,no,3517,no,no,cellular,26,oct,274,4,-1,0,unknown,no
20,technician,divorced,unknown,no,5850,no,no,unknown,20,aug,338,9,-1,0,unknown,no
40,admin.,married,unknown,no,4153,yes,no,telephone,16,apr,370,2,-1,0,unknown,yes
72,management,married,primary,no,4703,no,no,cellular,9,jul,229,6,-1,0,unknown,no
29,management,single,tertiary,no,-590,yes,no,cellular,8,sep,117,7,-1,0,unknown,no
37,admin.,married,primary,no,3842,no,no,telephone,11,feb,71,3,-1,0,unknown,no
22,blue-collar,single,tertiary,no,7346,yes,no,telephone,14,mar,601,4,-1,0,unknown,yes
54,management,married,tertiary,no,-649,no,no,unknown,17,jan,904,7,-1,0,unknown,yes
55,admin.,divorced,secondary,no,6838,no,yes,cellular,13,aug,114,9,-1,0,unknown,no
47,admin.,divorced,unknown,yes,-229,no,yes,cellular,8,feb,30,5,-1,0,unknown,no
26,admin.,married,tertiary,no,-1140,no,yes,cellular,14,jul,64,2,-1,0,unknown,no
51,entrepreneur,married,unknown,no,2314,yes,no,cellular,11,jul,286,8,-1,0,unknown,no
70,unknown,single,unknown,no,3577,yes,yes,telephone,9,nov,48,9,-1,0,unknown,no
61,entrepreneur,single,unknown,no,4166,yes,no,cellular,8,mar,390,2,-1,0,unknown,yes
52,technician,single,primary,no,-1470,yes,no,cellular,14,feb,661,1,-1,0,unknown,yes
69,self-employed,divorced,unknown,no,2730,yes,yes,cellular,15,mar,855,4,-1,0,unknown,yes
39,unemployed,divorced,tertiary,no,-639,yes,no,unknown,26,dec,2,1,-1,0,unknown,no
61,entrepreneur,divorced,primary,no,-3057,yes,yes,unknown,1,aug,818,1,-1,0,unknown,yes
41,entrepreneur,divorced,unknown,no,-1371,no,yes,unknown,24,dec,347,5,185,2,success,yes
34,self-employed,single,secondary,no,-836,no,no,telephone,12,sep,22,7,-1,0,unknown,no
27,unknown,divorced,unknown,no,2992,yes,no,telephone,5,nov,138,3,-1,0,unknown,no
47,self-employed,divorced,unknown,no,4890,yes,no,telephone,25,aug,310,7,-1,0,unknown,no
73,unemployed,divorced,primary,no,-3009,yes,no,cellular,14,nov,809,5,-1,0,unknown,yes
63,retired,divorced,tertiary,no,2482,yes,no,cellular,25,feb,46,8,-1,0,unknown,no
40,admin.,married,unknown,no,-2117,yes,no,telephone,22,dec,35,7,-1,0,unknown,no
49,student,single,primary,no,3315,yes,yes,unknown,16,sep,164,1,-1,0,unknown,no
34,housemaid,single,primary,yes,-450,no,no,cellular,19,jun,888,1,74,3,failure,yes
67,unemployed,divorced,tertiary,no,-1740,no,yes,unknown,28,dec,916,7,320,1,failure,yes
68,technician,married,primary,no,3829,yes,no,cellular,16,feb,66,6,-1,0,unknown,no
34,blue-collar,single,tertiary,no,-343,yes,yes,cellular,7,sep,99,9,311,4,other,no
31,technician,single,secondary,no,472,no,no,unknown,3,may,615,8,-1,0,unknown,yes
26,admin.,divorced,unknown,no,-5256,no,no,telephone,23,jun,342,6,-1,0,unknown,yes
57,unemployed,divorced,primary,no,4271,yes,yes,unknown,8,jan,925,6,-1,0,unknown,yes
19,technician,single,secondary,no,3893,yes,no,telephone,21,dec,576,9,-1,0,unknown,yes
62,technician,single,primary,no,1439,yes,no,telephone,21,feb,62,4,-1,0,unknown,no
42,self-employed,married,primary,no,-3173,yes,yes,cellular,14,jan,367,9,-1,0,unknown,yes
56,retired,single,secondary,no,5061,yes,no,cellular,20,apr,12,8,-1,0,unknown,no
26,retired,single,primary,no,-581,yes,yes,cellular,3,feb,439,3,-1,0,unknown,yes
71,unemployed,divorced,primary,no,58,yes,no,telephone,28,jan,237,4,-1,0,unknown,no
39,admin.,single,secondary,no,8379,yes,no,telephone,24,mar,806,7,34,4,success,yes
60,entrepreneur,divorced,primary,no,-694,no,no,unknown,11,apr,830,3,-1,0,unknown,yes
63,services,single,tertiary,yes,3656,yes,no,cellular,22,apr,13,3,-1,0,unknown,no
21,management,single,primary,no,3114,yes,yes,cellular,14,mar,45,8,-1,0,unknown,no
43,housemaid,single,unknown,no,2597,yes,no,telephone,22,feb,170,5,312,2,success,no
46,management,married,primary,no,2271,yes,no,cellular,2,dec,545,5,-1,0,unknown,yes
62,unknown,divorced,unknown,no,2555,no,no,telephone,4,aug,434,8,-1,0,unknown,yes
51,student,married,unknown,no,2241,no,yes,unknown,31,oct,860,6,-1,0,unknown,yes
40,retired,single,primary,no,1266,yes,no,unknown,21,nov,248,5,-1,0,unknown,no
54,unemployed,married,secondary,no,5970,no,no,cellular,27,feb,76,1,172,3,success,no
28,management,divorced,tertiary,no,-2526,no,no,unknown,26,may,6,5,-1,0,unknown,no
23,admin.,single,tertiary,no,4496,yes,no,cellular,5,jul,65,8,-1,0,unknown,no
35,housemaid,married,primary,no,3897,yes,no,cellular,19,sep,290,9,-1,0,unknown,no
38,management,married,secondary,no,3524,no,no,telephone,10,dec,672,6,-1,0,unknown,yes
59,housemaid,divorced,secondary,no,4783,yes,no,telephone,21,mar,99,3,274,1,other,no
53,blue-collar,married,tertiary,no,1144,yes,yes,cellular,21,jan,537,8,-1,0,unknown,yes
58,admin.,divorced,secondary,no,-4200,yes,no,unknown,2,sep,129,5,-1,0,unknown,no
55,student,single,primary,no,1205,no,no,unknown,21,jan,95,2,-1,0,unknown,no
51,services,single,primary,no,-1559,no,no,cellular,3,aug,183,1,-1,0,unknown,no
34,self-employed,married,secondary,no,-779,no,yes,cellular,15,feb,150,8,-1,0,unknown,no
54,technician,single,primary,no,-2315,no,no,unknown,19,jul,632,2,277,3,success,yes
42,housemaid,single,unknown,no,-13,no,yes,unknown,21,dec,162,3,397,1,other,no
55,student,married,tertiary,no,-372,no,no,telephone,25,mar,83,9,-1,0,unknown,no
29,admin.,single,primary,no,-5731,no,no,telephone,30,jun,476,1,-1,0,unknown,yes
40,housemaid,married,secondary,no,3529,no,no,unknown,2,jun,1724,8,355,1,failure,yes
70,housemaid,divorced,tertiary,no,8103,yes,yes,telephone,25,apr,269,2,-1,0,unknown,no
59,entrepreneur,divorced,primary,no,3247,no,no,telephone,3,aug,74,8,-1,0,unknown,no
39,entrepreneur,divorced,tertiary,no,812,no,no,cellular,29,dec,70,2,-1,0,unknown,no
38,self-employed,married,secondary,no,1258,no,no,telephone,12,dec,15,7,-1,0,unknown,no
44,student,married,unknown,no,156,no,no,telephone,23,may,20,3,-1,0,unknown,no
74,admin.,single,unknown,no,1693,no,yes,cellular,28,jul,635,4,-1,0,unknown,yes
48,self-employed,single,primary,no,1311,no,no,unknown,14,may,26,1,-1,0,unknown,no
23,entrepreneur,single,unknown,no,-1107,yes,yes,telephone,17,dec,170,1,-1,0,unknown,no
44,unknown,single,primary,no,6486,yes,no,telephone,16,apr,309,8,-1,0,unknown,yes
57,services,single,tertiary,no,-3051,yes,no,unknown,17,jun,490,8,15,2,failure,yes
51,self-employed,married,primary,yes,3584,yes,yes,telephone,24,mar,48,2,-1,0,unknown,no
29,unemployed,married,primary,no,1118,yes,no,unknown,9,jun,148,4,283,3,success,no
62,self-employed,divorced,primary,no,7142,yes,no,cellular,3,jun,74,2,-1,0,unknown,no
74,admin.,divorced,unknown,no,2448,yes,no,unknown,22,nov,76,8,276,1,other,no
70,admin.,divorced,primary,no,340,no,no,unknown,31,nov,93,7,-1,0,unknown,no
24,unknown,divorced,secondary,no,677,yes,no,unknown,14,jun,228,7,256,1,other,no
27,retired,married,primary,no,1543,no,no,cellular,3,nov,4,3,-1,0,unknown,no
62,retired,married,tertiary,no,-2015,no,no,unknown,6,mar,135,5,-1,0,unknown,no
34,entrepreneur,married,secondary,no,-884,yes,no,unknown,23,aug,53,1,18,4,failure,no
43,unemployed,single,tertiary,no,-3947,yes,no,cellular,21,apr,881,4,-1,0,unknown,yes
38,entrepreneur,single,tertiary,yes,-1354,no,yes,telephone,19,nov,225,4,-1,0,unknown,no
45,blue-collar,divorced,tertiary,no,1705,no,yes,telephone,24,feb,522,1,-1,0,unknown,yes
63,blue-collar,single,secondary,no,2326,yes,no,unknown,13,jul,56,7,-1,0,unknown,no
19,technician,married,secondary,no,-4532,yes,no,cellular,5,nov,428,5,-1,0,unknown,yes
71,blue-collar,divorced,unknown,no,1010,yes,no,cellular,1,aug,138,1,-1,0,unknown,no
60,retired,divorced,secondary,no,3118,yes,no,unknown,12,nov,50,5,-1,0,unknown,no
18,services,single,primary,yes,932,yes,no,unknown,15,apr,369,8,-1,0,unknown,no
68,blue-collar,divorced,tertiary,no,-484,yes,no,telephone,25,jun,370,8,-1,0,unknown,yes
70,entrepreneur,single,unknown,no,182,no,no,telephone,19,aug,1417,2,-1,0,unknown,yes
53,housemaid,single,secondary,no,-204,no,no,unknown,2,may,391,1,-1,0,unknown,no
68,admin.,divorced,tertiary,no,-492,no,no,cellular,3,sep,40,2,164,2,success,no
43,services,single,secondary,no,1946,no,no,unknown,7,jun,100,6,109,4,other,no
46,services,single,unknown,yes,8366,no,yes,cellular,28,jun,155,5,-1,0,unknown,no
38,self-employed,single,secondary,no,-814,no,yes,telephone,11,dec,34,4,-1,0,unknown,no
28,entrepreneur,single,secondary,no,465,yes,yes,unknown,28,feb,400,8,-1,0,unknown,yes
57,admin.,divorced,tertiary,no,1267,yes,yes,cellular,10,jul,192,5,-1,0,unknown,no
28,retired,married,primary,no,-645,no,yes,telephone,8,sep,745,4,397,1,other,yes
53,services,married,secondary,no,4727,no,no,unknown,2,may,229,8,-1,0,unknown,no
66,technician,single,unknown,no,-5710,yes,no,unknown,14,may,190,1,-1,0,unknown,no
56,entrepreneur,single,secondary,no,-174,yes,no,telephone,13,dec,19,9,-1,0,unknown,no
57,services,single,secondary,no,3885,no,no,unknown,7,nov,41,2,-1,0,unknown,no
52,unemployed,married,primary,no,538,yes,no,telephone,27,may,488,8,-1,0,unknown,yes
71,student,single,tertiary,no,-1046,yes,yes,cellular,21,jan,1206,9,-1,0,unknown,yes
51,self-employed,divorced,unknown,no,2749,no,no,unknown,9,may,138,8,-1,0,unknown,no
72,admin.,divorced,tertiary,no,4150,yes,no,telephone,7,oct,428,9,-1,0,unknown,yes
64,blue-collar,divorced,tertiary,no,2056,no,no,telephone,1,aug,254,4,291,4,failure,no
41,services,married,tertiary,no,-987,no,no,cellular,1,mar,824,2,-1,0,unknown,yes
71,entrepreneur,single,secondary,no,2795,yes,no,unknown,6,sep,70,3,214,3,success,no
39,blue-collar,single,primary,no,213,yes,no,telephone,25,sep,203,8,295,3,failure,no
22,student,single,secondary,no,3665,yes,yes,telephone,1,jun,135,5,-1,0,unknown,no
73,technician,married,unknown,no,5886,yes,no,telephone,16,apr,201,4,-1,0,unknown,no
50,blue-collar,married,primary,no,-6417,no,yes,unknown,3,apr,80,3,-1,0,unknown,no
53,unemployed,married,tertiary,no,1757,yes,no,unknown,13,nov,177,3,-1,0,unknown,no
64,retired,married,primary,no,-3799,yes,no,cellular,21,jan,252,7,-1,0,unknown,no
37,services,divorced,unknown,no,8770,yes,no,cellular,4,oct,21,8,-1,0,unknown,no
36,management,married,secondary,no,14,yes,no,cellular,17,may,350,5,-1,0,unknown,no
52,management,married,secondary,no,3668,yes,yes,unknown,10,may,316,8,-1,0,unknown,no
69,blue-collar,married,tertiary,no,1316,no,no,telephone,4,may,548,9,-1,0,unknown,yes
60,unknown,single,secondary,no,-993,yes,yes,unknown,20,dec,143,4,-1,0,unknown,no
34,admin.,single,secondary,no,-1351,yes,no,unknown,27,jan,16,2,-1,0,unknown,no
62,self-employed,single,unknown,no,6194,yes,no,unknown,12,jan,159,5,329,4,failure,no
60,management,divorced,primary,no,4299,no,no,cellular,26,oct,38,2,-1,0,unknown,no
51,unknown,divorced,secondary,no,7271,yes,no,telephone,13,dec,268,2,240,3,other,no
26,management,married,unknown,no,1589,no,no,unknown,4,feb,12,6,-1,0,unknown,no
43,unknown,single,unknown,no,2289,no,no,cellular,16,jan,120,1,-1,0,unknown,no
19,admin.,divorced,tertiary,no,619,no,no,unknown,19,aug,22,2,-1,0,unknown,no
70,housemaid,single,unknown,no,559,yes,no,telephone,7,dec,0,5,-1,0,unknown,no
26,management,divorced,tertiary,no,-1712,no,no,cellular,1,dec,834,5,-1,0,unknown,yes
26,unemployed,divorced,secondary,no,1675,no,no,unknown,16,apr,1432,3,-1,0,unknown,yes
57,student,married,tertiary,no,-951,no,no,cellular,2,jun,209,5,35,4,success,no
34,services,married,unknown,no,2752,yes,no,telephone,1,aug,70,9,-1,0,unknown,no
18,unknown,divorced,primary,no,1934,no,no,telephone,14,may,624,2,263,3,failure,yes
42,student,married,primary,no,2288,no,no,cellular,20,jun,661,6,-1,0,unknown,yes
60,services,divorced,secondary,no,6463,yes,no,unknown,5,apr,497,8,-1,0,unknown,yes
57,entrepreneur,divorced,secondary,no,1309,yes,no,telephone,27,jun,202,3,-1,0,unknown,no
59,entrepreneur,single,primary,no,3699,no,no,telephone,15,jun,20,2,344,3,failure,no
42,self-employed,married,tertiary,no,7595,yes,no,unknown,10,mar,23,1,-1,0,unknown,no
56,student,married,secondary,no,5354,no,no,cellular,21,apr,585,1,-1,0,unknown,yes
52,admin.,married,unknown,no,4892,yes,yes,cellular,2,jun,538,4,-1,0,unknown,yes
20,unknown,single,secondary,no,500,yes,yes,unknown,11,aug,147,6,-1,0,unknown,no
67,technician,single,tertiary,no,2113,no,no,telephone,16,jul,102,7,-1,0,unknown,no
54,entrepreneur,single,secondary,no,-2543,yes,no,telephone,19,apr,266,8,-1,0,unknown,no
61,admin.,married,unknown,no,2924,no,yes,unknown,4,mar,424,8,-1,0,unknown,yes
61,student,married,unknown,no,2248,no,yes,unknown,10,nov,339,1,-1,0,unknown,no
68,entrepreneur,married,unknown,no,1493,no,yes,cellular,22,aug,246,8,-1,0,unknown,no
47,entrepreneur,single,tertiary,no,4513,no,no,cellular,22,jun,67,1,42,4,success,no
55,technician,single,tertiary,no,-2211,no,no,unknown,12,dec,78,3,-1,0,unknown,no
51,management,divorced,unknown,no,6342,yes,no,telephone,2,aug,332,5,-1,0,unknown,no
29,blue-collar,single,unknown,no,4136,no,no,cellular,2,sep,418,8,-1,0,unknown,yes
36,student,divorced,tertiary,no,1210,yes,no,unknown,9,sep,31,8,-1,0,unknown,no
54,self-employed,married,tertiary,no,975,yes,no,telephone,12,oct,53,6,-1,0,unknown,no
61,housemaid,single,tertiary,no,2869,yes,no,cellular,2,nov,294,4,-1,0,unknown,no
66,entrepreneur,married,primary,no,5999,no,no,unknown,18,sep,127,4,72,4,other,no
34,student,married,tertiary,no,1728,yes,yes,unknown,16,oct,213,8,328,3,success,no
27,entrepreneur,married,unknown,no,1856,yes,no,telephone,19,jan,246,3,-1,0,unknown,no
74,unemployed,married,primary,no,1477,no,yes,telephone,15,dec,386,8,-1,0,unknown,yes
72,housemaid,single,tertiary,no,6785,yes,no,unknown,25,mar,422,4,-1,0,unknown,yes
66,technician,married,unknown,no,313,no,yes,telephone,30,sep,84,9,-1,0,unknown,no
64,services,divorced,secondary,no,1334,no,no,unknown,16,apr,201,2,354,1,other,no
29,unknown,single,primary,no,5826,yes,no,telephone,6,oct,34,1,-1,0,unknown,no
33,entrepreneur,married,unknown,no,1865,yes,no,telephone,27,dec,476,4,-1,0,unknown,yes
41,blue-collar,single,secondary,no,4844,no,no,cellular,15,feb,481,9,-1,0,unknown,yes
36,unknown,divorced,unknown,no,-1319,yes,no,cellular,31,jan,91,7,50,3,failure,no
25,housemaid,married,tertiary,no,805,yes,no,telephone,12,may,45,9,339,2,other,no
48,unknown,divorced,tertiary,no,5889,yes,no,unknown,22,apr,18,9,-1,0,unknown,no
38,management,married,secondary,no,-612,yes,no,telephone,12,may,220,9,-1,0,unknown,no
34,entrepreneur,divorced,tertiary,no,967,yes,yes,cellular,10,nov,24,9,324,4,failure,no
40,unknown,married,unknown,no,2195,yes,no,unknown,21,may,294,7,-1,0,unknown,no
54,services,single,secondary,no,-1553,no,no,telephone,15,aug,292,8,-1,0,unknown,no
71,services,married,unknown,no,177,no,no,telephone,23,jun,245,2,-1,0,unknown,no
33,entrepreneur,single,unknown,no,1761,no,no,telephone,27,mar,539,9,-1,0,unknown,yes
23,retired,married,unknown,no,1563,yes,no,telephone,31,sep,122,2,-1,0,unknown,no
25,services,married,tertiary,no,5275,yes,no,cellular,4,aug,599,8,36,3,success,yes
42,unknown,divorced,tertiary,no,6061,no,no,cellular,31,sep,9,2,-1,0,unknown,no
35,self-employed,divorced,unknown,no,-1152,no,no,cellular,10,apr,30,8,-1,0,unknown,no
42,admin.,divorced,primary,no,1757,no,no,cellular,26,aug,137,3,-1,0,unknown,no
29,services,married,unknown,no,3451,no,no,unknown,19,nov,232,2,-1,0,unknown,no
32,student,married,unknown,no,5985,no,yes,unknown,23,mar,8,6,-1,0,unknown,no
43,housemaid,married,secondary,no,3584,yes,no,unknown,14,may,216,6,-1,0,unknown,no
58,retired,single,unknown,no,2298,no,no,telephone,10,jul,94,1,-1,0,unknown,no
62,student,single,tertiary,no,3428,no,no,unknown,17,jan,562,7,-1,0,unknown,yes
43,unknown,married,secondary,no,3450,no,no,cellular,22,jan,196,1,-1,0,unknown,no
64,technician,divorced,primary,no,-1368,no,no,cellular,29,mar,228,4,-1,0,unknown,no
49,unemployed,divorced,secondary,no,2003,no,no,telephone,27,apr,751,6,-1,0,unknown,yes
27,technician,divorced,primary,no,5813,yes,no,unknown,27,jan,372,8,-1,0,unknown,no
33,management,married,secondary,no,799,no,no,telephone,11,aug,148,8,-1,0,unknown,no
24,student,divorced,secondary,no,1812,no,no,telephone,18,feb,167,7,42,1,other,no
34,unemployed,married,primary,no,693,no,no,unknown,2,nov,269,5,-1,0,unknown,no
40,management,single,tertiary,no,-5539,no,no,telephone,11,may,57,6,-1,0,unknown,no
43,unemployed,divorced,tertiary,no,1484,yes,yes,unknown,8,jun,23,8,-1,0,unknown,no
38,unemployed,single,tertiary,no,2331,no,no,unknown,19,nov,96,3,-1,0,unknown,no
39,admin.,divorced,secondary,no,-119,no,no,telephone,25,jun,388,6,-1,0,unknown,yes
24,blue-collar,married,unknown,no,-2051,no,yes,cellular,16,jun,76,4,-1,0,unknown,no
31,housemaid,married,secondary,no,-1226,yes,no,unknown,4,nov,36,3,-1,0,unknown,no
32,technician,married,unknown,no,3722,no,no,cellular,14,jan,63,3,-1,0,unknown,no
70,services,married,unknown,no,7358,yes,no,cellular,22,mar,293,4,18,1,other,no
24,unknown,divorced,tertiary,no,5582,no,yes,unknown,17,mar,245,6,-1,0,unknown,no
26,retired,single,unknown,no,-2622,yes,no,cellular,11,aug,300,1,-1,0,unknown,no
68,housemaid,married,secondary,no,3994,no,no,telephone,31,jun,100,2,-1,0,unknown,no
65,management,divorced,secondary,no,-572,yes,no,telephone,26,feb,596,4,-1,0,unknown,yes
25,admin.,single,tertiary,no,-329,yes,no,cellular,26,jan,155,9,-1,0,unknown,no
67,management,married,primary,no,32,no,no,telephone,3,apr,186,8,-1,0,unknown,no
40,blue-collar,single,secondary,no,3547,yes,no,unknown,4,jan,766,8,-1,0,unknown,yes
46,retired,married,unknown,no,4309,no,no,unknown,21,may,1000,7,-1,0,unknown,yes
35,admin.,single,secondary,no,1128,no,no,cellular,13,dec,279,6,-1,0,unknown,no
48,management,single,secondary,no,1179,no,no,telephone,17,nov,747,7,-1,0,unknown,yes
47,blue-collar,married,secondary,no,2819,yes,yes,cellular,30,aug,201,6,90,4,success,no
69,unknown,divorced,primary,no,3132,no,no,telephone,20,oct,94,3,-1,0,unknown,no
56,unknown,single,unknown,no,4962,yes,no,unknown,21,feb,97,6,-1,0,unknown,no
52,management,married,tertiary,no,-2441,no,no,telephone,20,aug,211,7,-1,0,unknown,no
35,housemaid,single,secondary,no,1483,no,yes,telephone,10,aug,239,6,40,4,other,no
59,retired,single,unknown,no,-1790,yes,no,cellular,26,jun,149,2,-1,0,unknown,no
56,entrepreneur,divorced,unknown,no,1269,yes,no,unknown,23,aug,555,6,121,3,success,yes
34,housemaid,single,tertiary,no,742,yes,yes,telephone,24,feb,143,2,110,1,success,no
31,unknown,single,secondary,no,1282,no,no,unknown,12,jul,82,1,-1,0,unknown,no
48,retired,married,primary,no,-983,yes,yes,telephone,8,dec,2,5,-1,0,unknown,no
41,blue-collar,married,unknown,no,-3052,no,no,unknown,3,aug,909,4,-1,0,unknown,yes
52,admin.,divorced,tertiary,no,-4879,no,no,telephone,29,apr,448,9,-1,0,unknown,yes
61,self-employed,single,primary,yes,1028,no,no,unknown,21,sep,246,9,95,3,success,no
62,student,single,unknown,no,126,no,no,telephone,10,nov,457,9,-1,0,unknown,yes
51,unemployed,single,secondary,no,-610,yes,no,unknown,31,jun,428,3,-1,0,unknown,yes
20,management,divorced,unknown,no,5402,no,no,telephone,24,dec,693,3,-1,0,unknown,yes
54,self-employed,single,primary,no,-1163,no,no,telephone,7,mar,125,3,-1,0,unknown,no
60,technician,married,primary,no,5686,no,no,unknown,30,apr,208,5,-1,0,unknown,no
57,retired,divorced,secondary,no,6309,yes,no,cellular,25,dec,26,6,-1,0,unknown,no
43,student,married,secondary,no,-4447,yes,no,telephone,29,apr,867,6,-1,0,unknown,yes
72,services,married,tertiary,no,1700,yes,no,telephone,10,jan,1085,3,-1,0,unknown,yes
40,blue-collar,divorced,secondary,no,220,yes,no,cellular,7,oct,401,2,-1,0,unknown,yes
61,entrepreneur,married,tertiary,no,-7338,yes,no,telephone,18,jan,156,6,217,4,failure,no
56,unemployed,single,primary,no,-2923,yes,yes,unknown,20,jan,177,4,165,4,other,no
32,services,divorced,primary,no,3754,no,no,cellular,28,apr,147,9,-1,0,unknown,no
73,entrepreneur,married,unknown,no,7498,yes,yes,telephone,14,jan,89,2,-1,0,unknown,no
66,technician,single,unknown,no,4139,no,no,unknown,12,jun,193,4,-1,0,unknown,no
21,unknown,single,tertiary,no,2396,yes,no,unknown,8,feb,14,2,-1,0,unknown,no
46,housemaid,married,secondary,no,1358,no,no,cellular,25,jan,1242,5,-1,0,unknown,yes
39,management,single,secondary,no,6486,no,no,cellular,7,jul,142,3,-1,0,unknown,no
42,admin.,divorced,unknown,no,7887,no,no,cellular,5,jun,676,4,-1,0,unknown,yes
30,entrepreneur,married,primary,no,-342,no,no,unknown,1,jan,332,9,-1,0,unknown,yes
35,unemployed,single,tertiary,no,-4594,yes,no,telephone,15,dec,88,5,-1,0,unknown,no
50,self-employed,single,primary,no,-4890,no,no,unknown,9,oct,64,9,-1,0,unknown,no
33,retired,married,primary,no,5400,yes,no,unknown,12,dec,1404,5,156,4,failure,yes
62,unknown,married,secondary,no,1281,yes,no,cellular,22,sep,381,9,-1,0,unknown,yes
59,retired,married,tertiary,no,1974,yes,yes,telephone,18,jun,74,8,-1,0,unknown,no
61,unemployed,married,primary,no,-3965,no,no,unknown,11,feb,18,1,111,3,success,no
19,retired,divorced,unknown,no,-843,yes,no,cellular,10,jul,307,3,-1,0,unknown,no
72,entrepreneur,married,unknown,no,533,no,no,cellular,10,mar,93,5,315,2,failure,no
52,self-employed,divorced,secondary,no,2048,yes,no,telephone,18,jul,64,3,128,2,other,no
59,blue-collar,divorced,unknown,no,223,no,yes,telephone,26,sep,342,1,-1,0,unknown,no
51,retired,married,unknown,no,-1698,no,no,cellular,1,may,293,2,-1,0,unknown,no
47,housemaid,divorced,primary,no,-937,yes,no,telephone,28,jan,169,2,273,3,other,no
72,self-employed,married,unknown,no,5058,yes,no,telephone,20,may,737,4,-1,0,unknown,yes
30,technician,married,unknown,no,2159,no,no,unknown,26,aug,293,6,-1,0,unknown,no
30,admin.,single,primary,no,3264,yes,no,telephone,11,aug,577,2,75,3,other,yes
35,entrepreneur,married,secondary,no,-1281,yes,no,cellular,29,mar,54,6,-1,0,unknown,no
49,student,single,secondary,no,-7465,no,no,telephone,2,apr,90,1,-1,0,unknown,no
49,services,divorced,tertiary,no,-151,yes,yes,unknown,26,dec,28,8,88,1,success,no
52,self-employed,single,unknown,no,-1184,yes,no,telephone,11,aug,93,3,-1,0,unknown,no
56,student,divorced,primary,no,2473,yes,no,unknown,25,aug,920,8,-1,0,unknown,yes
63,student,married,tertiary,no,11309,yes,no,telephone,2,jul,849,3,-1,0,unknown,yes
69,student,divorced,secondary,no,3514,yes,no,telephone,27,jun,368,1,-1,0,unknown,yes
46,unemployed,divorced,secondary,no,9655,yes,no,cellular,9,apr,189,4,-1,0,unknown,no
66,unknown,married,primary,no,3134,yes,yes,cellular,1,oct,391,3,-1,0,unknown,yes
46,self-employed,divorced,tertiary,no,-472,yes,yes,telephone,30,sep,208,8,-1,0,unknown,no
70,entrepreneur,married,tertiary,no,2469,no,no,telephone,23,feb,0,1,-1,0,unknown,no
61,blue-collar,single,primary,no,6780,no,no,unknown,31,feb,179,9,-1,0,unknown,no
74,student,married,primary,no,6928,no,no,unknown,6,jan,235,9,-1,0,unknown,no
33,unknown,married,tertiary,no,-308,yes,no,cellular,22,nov,79,6,95,4,success,no
73,housemaid,divorced,secondary,no,2184,yes,no,telephone,2,dec,58,5,-1,0,unknown,no
61,unemployed,single,unknown,no,-2877,no,no,telephone,15,mar,82,5,-1,0,unknown,no
64,unknown,married,secondary,no,3904,no,no,unknown,1,mar,252,6,-1,0,unknown,no
74,retired,single,primary,no,6097,yes,no,telephone,26,apr,40,7,316,1,other,no
27,entrepreneur,single,tertiary,no,1542,yes,no,telephone,24,mar,328,8,-1,0,unknown,no
47,technician,divorced,tertiary,no,-585,yes,no,telephone,24,oct,141,3,-1,0,unknown,no
42,unemployed,married,unknown,no,2506,no,no,unknown,18,jun,112,1,-1,0,unknown,no
56,management,divorced,tertiary,no,2679,yes,no,unknown,4,sep,424,5,-1,0,unknown,yes
37,housemaid,married,unknown,no,1667,no,yes,unknown,29,aug,181,1,-1,0,unknown,no
22,student,single,secondary,no,1960,no,no,telephone,13,jun,122,2,-1,0,unknown,no
18,admin.,married,secondary,no,899,no,no,unknown,4,aug,543,8,-1,0,unknown,yes
47,unemployed,married,tertiary,no,4419,no,no,cellular,15,aug,118,3,-1,0,unknown,no
66,blue-collar,single,tertiary,no,3638,yes,no,cellular,2,oct,505,4,-1,0,unknown,yes
20,entrepreneur,single,primary,no,-1535,no,no,unknown,27,jun,181,6,-1,0,unknown,no
62,retired,married,primary,no,-1617,no,no,unknown,9,feb,60,8,-1,0,unknown,no
31,admin.,divorced,tertiary,no,657,no,yes,telephone,12,may,244,1,-1,0,unknown,no
73,admin.,married,tertiary,no,3640,no,no,unknown,14,apr,86,2,-1,0,unknown,no
47,housemaid,single,secondary,no,1868,no,no,unknown,20,dec,41,6,-1,0,unknown,no
67,unknown,divorced,tertiary,no,-512,yes,yes,cellular,4,jun,23,8,-1,0,unknown,no
21,blue-collar,single,primary,no,2209,yes,no,cellular,15,feb,71,8,-1,0,unknown,no
35,unknown,single,secondary,no,427,no,no,cellular,31,apr,344,3,-1,0,unknown,yes
54,retired,divorced,unknown,no,4072,yes,yes,cellular,4,aug,469,4,-1,0,unknown,yes
42,admin.,single,primary,no,2425,yes,no,unknown,5,jan,510,4,-1,0,unknown,yes
65,blue-collar,single,primary,no,474,yes,no,cellular,10,mar,81,4,-1,0,unknown,no
18,blue-collar,single,secondary,no,2119,no,no,telephone,12,apr,279,2,-1,0,unknown,no
70,services,single,unknown,no,5379,yes,no,telephone,12,feb,67,6,-1,0,unknown,no
63,entrepreneur,single,primary,no,-291,no,no,unknown,8,dec,251,8,-1,0,unknown,no
32,admin.,single,tertiary,no,2634,yes,no,telephone,4,feb,563,9,-1,0,unknown,yes
26,admin.,single,primary,no,1210,yes,yes,cellular,3,jun,10,1,-1,0,unknown,no
32,blue-collar,single,secondary,no,2707,yes,no,cellular,27,jun,1087,1,-1,0,unknown,yes
66,unknown,single,secondary,no,-546,yes,no,telephone,1,mar,452,9,-1,0,unknown,yes
74,admin.,married,secondary,no,1754,no,no,unknown,18,aug,369,4,-1,0,unknown,no
41,blue-collar,married,primary,no,4756,no,yes,cellular,20,dec,303,7,-1,0,unknown,yes
21,admin.,single,unknown,no,-1396,no,no,cellular,25,mar,379,2,-1,0,unknown,no
29,blue-collar,married,tertiary,no,-2577,yes,no,telephone,31,feb,1346,1,-1,0,unknown,yes
54,services,divorced,secondary,no,-2462,yes,no,unknown,14,may,379,7,-1,0,unknown,yes
54,entrepreneur,married,unknown,no,-2099,yes,no,unknown,17,jul,111,6,-1,0,unknown,no
60,blue-collar,single,tertiary,no,3214,yes,no,telephone,6,jan,245,3,-1,0,unknown,no
23,self-employed,single,secondary,no,-2807,yes,yes,cellular,6,feb,106,4,-1,0,unknown,no
56,admin.,married,tertiary,no,526,no,no,telephone,10,feb,905,1,-1,0,unknown,yes
73,retired,single,tertiary,no,3283,yes,no,telephone,19,aug,594,7,-1,0,unknown,yes
63,entrepreneur,divorced,unknown,no,2676,yes,no,telephone,10,oct,216,9,319,2,success,no
41,services,divorced,tertiary,no,262,no,no,cellular,25,jun,392,1,-1,0,unknown,yes
28,student,single,secondary,no,1997,yes,no,cellular,30,apr,620,2,-1,0,unknown,yes
30,blue-collar,divorced,unknown,no,1745,no,no,telephone,26,apr,72,2,-1,0,unknown,no
51,retired,divorced,primary,no,748,no,no,unknown,3,may,223,6,-1,0,unknown,no
42,blue-collar,married,primary,no,788,yes,no,telephone,1,mar,169,5,14,4,failure,no
24,unknown,divorced,unknown,no,8149,yes,no,cellular,18,dec,380,6,-1,0,unknown,yes
69,admin.,married,primary,no,3858,no,no,unknown,31,apr,122,1,-1,0,unknown,no
21,unemployed,single,tertiary,no,8887,yes,yes,unknown,15,dec,318,6,-1,0,unknown,no
25,housemaid,married,secondary,no,-72,yes,no,cellular,20,apr,133,6,-1,0,unknown,no
37,technician,single,tertiary,no,1167,no,no,cellular,4,jul,30,7,-1,0,unknown,no
46,unknown,single,unknown,no,-2585,yes,no,telephone,18,jul,29,2,362,3,other,no
71,retired,single,secondary,no,-1012,yes,no,cellular,10,jan,32,6,-1,0,unknown,no
70,unknown,single,unknown,no,7145,no,no,unknown,22,dec,8,9,-1,0,unknown,no
68,management,single,unknown,no,-147,no,no,telephone,31,mar,196,9,-1,0,unknown,no
62,blue-collar,married,unknown,no,7198,yes,no,telephone,22,sep,287,2,-1,0,unknown,no
63,blue-collar,single,tertiary,no,-2318,yes,no,unknown,19,jun,34,5,-1,0,unknown,no
27,self-employed,divorced,secondary,no,-1746,yes,yes,cellular,17,jun,244,7,-1,0,unknown,no
60,technician,divorced,secondary,no,396,yes,no,telephone,10,apr,234,5,-1,0,unknown,no
51,technician,single,secondary,no,1231,no,no,unknown,25,oct,41,3,243,3,success,no
74,management,divorced,tertiary,no,4200,no,no,unknown,4,sep,133,1,-1,0,unknown,no
43,admin.,married,primary,no,2779,no,no,unknown,25,dec,363,7,-1,0,unknown,yes
58,housemaid,married,tertiary,no,170,yes,no,cellular,5,mar,4,8,-1,0,unknown,no
66,unemployed,single,tertiary,no,1021,yes,no,cellular,7,aug,41,6,-1,0,unknown,no
20,student,single,unknown,no,462,yes,no,cellular,19,jun,1413,7,-1,0,unknown,yes
73,unemployed,single,secondary,no,-1329,yes,no,cellular,31,dec,341,9,-1,0,unknown,no
23,services,divorced,secondary,no,-1248,yes,yes,unknown,19,feb,160,2,-1,0,unknown,no
22,self-employed,divorced,primary,no,4515,yes,no,telephone,8,mar,256,5,-1,0,unknown,no
22,student,married,primary,no,-4077,yes,yes,unknown,1,jan,483,3,-1,0,unknown,yes
71,services,divorced,unknown,no,6289,no,no,telephone,24,mar,476,2,-1,0,unknown,yes
64,admin.,married,secondary,no,390,no,no,telephone,8,apr,101,3,-1,0,unknown,no
40,services,divorced,primary,no,-901,no,no,telephone,19,jun,174,4,-1,0,unknown,no
66,services,married,primary,no,3648,yes,no,cellular,17,oct,262,2,-1,0,unknown,no
26,management,single,secondary,no,5892,no,yes,unknown,9,jul,19,2,-1,0,unknown,no
52,management,divorced,tertiary,no,4785,no,no,telephone,20,mar,752,8,-1,0,unknown,yes
37,services,married,primary,no,2933,yes,no,unknown,23,nov,146,3,-1,0,unknown,no
66,unknown,divorced,secondary,no,4693,no,no,cellular,16,jul,119,3,151,2,success,no
59,student,single,primary,no,-3741,no,no,telephone,9,apr,613,4,-1,0,unknown,yes
52,entrepreneur,married,unknown,no,-147,yes,no,cellular,19,jan,32,5,-1,0,unknown,no
67,entrepreneur,divorced,primary,no,-1318,yes,no,cellular,16,jan,10,3,-1,0,unknown,no
35,admin.,divorced,secondary,no,5107,yes,no,unknown,21,aug,298,6,-1,0,unknown,no
34,unemployed,single,primary,no,269,yes,no,telephone,26,oct,125,3,-1,0,unknown,no
41,self-employed,single,unknown,no,3966,yes,no,cellular,27,jul,373,8,-1,0,unknown,yes
20,technician,married,unknown,no,3035,no,no,unknown,13,apr,18,4,-1,0,unknown,no
49,admin.,divorced,primary,no,-1171,no,yes,telephone,19,jan,124,5,-1,0,unknown,no
52,services,divorced,primary,no,-343,yes,no,telephone,5,jun,69,3,-1,0,unknown,no
55,management,single,unknown,no,5316,no,no,cellular,27,nov,347,5,-1,0,unknown,yes
30,blue-collar,single,unknown,no,-910,no,no,cellular,2,dec,66,7,-1,0,unknown,no
73,unknown,married,tertiary,no,1798,yes,no,cellular,4,nov,157,3,-1,0,unknown,no
64,retired,divorced,tertiary,no,-931,yes,no,cellular,12,oct,440,3,58,3,other,yes
42,management,divorced,unknown,no,478,no,no,telephone,18,jul,637,1,-1,0,unknown,yes
26,entrepreneur,married,primary,no,1284,no,no,cellular,3,jun,330,2,-1,0,unknown,no
21,self-employed,married,secondary,no,-932,yes,yes,cellular,31,dec,144,4,-1,0,unknown,no
31,student,single,primary,no,-1466,yes,no,cellular,21,jun,218,9,-1,0,unknown,no
54,management,single,primary,yes,2284,yes,no,telephone,25,aug,301,3,-1,0,unknown,no
51,unknown,married,tertiary,no,-1118,yes,no,unknown,19,jun,536,5,-1,0,unknown,yes
28,student,married,tertiary,no,-1016,yes,no,unknown,26,feb,566,9,-1,0,unknown,yes
58,technician,divorced,tertiary,no,-1402,no,no,telephone,22,jul,689,4,-1,0,unknown,yes
73,services,married,unknown,no,1188,yes,no,unknown,4,oct,429,4,-1,0,unknown,yes
20,blue-collar,married,unknown,no,4262,yes,no,telephone,4,apr,40,6,-1,0,unknown,no
45,entrepreneur,divorced,primary,no,5956,yes,no,cellular,16,nov,355,7,-1,0,unknown,yes
46,entrepreneur,married,primary,no,-761,yes,no,unknown,11,nov,434,6,-1,0,unknown,yes
26,self-employed,single,secondary,no,7893,no,no,telephone,29,mar,542,4,-1,0,unknown,yes
20,housemaid,single,primary,no,-1600,yes,no,telephone,31,aug,667,7,-1,0,unknown,yes
42,unemployed,divorced,primary,no,4683,no,no,cellular,31,oct,183,3,-1,0,unknown,no
51,technician,married,tertiary,no,-748,yes,no,telephone,26,dec,274,3,-1,0,unknown,no
29,entrepreneur,single,tertiary,no,-1197,yes,no,unknown,26,dec,2,7,-1,0,unknown,no
59,unemployed,single,tertiary,no,-817,no,no,cellular,13,may,219,6,154,3,other,no
26,entrepreneur,single,tertiary,no,1265,yes,no,telephone,21,apr,165,2,-1,0,unknown,no
32,student,single,tertiary,no,3168,no,yes,cellular,31,nov,845,1,-1,0,unknown,yes
57,services,married,secondary,no,3438,yes,no,telephone,11,apr,598,6,-1,0,unknown,yes
42,unemployed,married,secondary,no,-1417,no,no,unknown,7,may,412,9,-1,0,unknown,yes
22,unknown,married,secondary,no,-1554,no,no,unknown,27,dec,15,3,-1,0,unknown,no
28,housemaid,married,tertiary,no,-1335,no,no,cellular,14,apr,132,9,372,2,failure,no
51,services,single,unknown,no,1087,no,yes,telephone,4,mar,307,6,388,4,other,yes
41,unknown,divorced,tertiary,no,790,no,no,cellular,8,apr,7,4,-1,0,unknown,no
32,blue-collar,divorced,tertiary,no,-1436,no,no,cellular,12,oct,69,2,-1,0,unknown,no
55,technician,single,secondary,no,2234,yes,no,unknown,13,may,563,9,-1,0,unknown,yes
25,technician,single,tertiary,no,8231,no,yes,cellular,25,dec,35,5,-1,0,unknown,no
22,retired,divorced,secondary,no,-95,yes,no,telephone,9,feb,13,5,-1,0,unknown,no
65,retired,divorced,tertiary,no,118,yes,no,unknown,9,jul,224,2,384,3,success,no
43,unemployed,single,primary,no,3107,yes,no,telephone,2,may,755,5,-1,0,unknown,yes
35,student,single,unknown,no,-258,no,no,cellular,3,sep,464,6,-1,0,unknown,yes
23,technician,married,unknown,no,3435,yes,no,unknown,21,jun,949,2,-1,0,unknown,yes
54,self-employed,married,secondary,no,-739,no,no,telephone,12,nov,361,1,-1,0,unknown,yes
65,unemployed,divorced,primary,no,6935,yes,no,telephone,17,jan,148,6,-1,0,unknown,no
30,retired,single,unknown,no,2460,yes,no,cellular,4,sep,756,9,-1,0,unknown,yes
45,blue-collar,divorced,secondary,no,-442,no,no,telephone,27,may,143,9,-1,0,unknown,no
22,entrepreneur,married,tertiary,no,-348,yes,no,cellular,30,sep,111,9,-1,0,unknown,no
30,unknown,married,tertiary,no,-123,yes,no,cellular,14,jan,153,5,-1,0,unknown,no
34,student,divorced,primary,no,5553,yes,no,cellular,21,feb,433,1,-1,0,unknown,yes
67,management,married,unknown,no,-2394,no,yes,cellular,9,mar,644,3,-1,0,unknown,yes
57,unemployed,single,tertiary,no,-586,yes,no,unknown,8,dec,114,8,-1,0,unknown,no
62,blue-collar,divorced,secondary,no,-267,yes,no,telephone,1,may,160,9,-1,0,unknown,no
49,unknown,single,tertiary,no,1375,no,no,telephone,30,jun,589,4,-1,0,unknown,yes
46,technician,single,tertiary,no,607,yes,yes,unknown,13,may,12,3,-1,0,unknown,no
68,entrepreneur,married,unknown,no,-3064,no,no,cellular,28,jan,395,2,-1,0,unknown,yes
20,unknown,single,unknown,no,219,yes,no,cellular,3,apr,156,5,-1,0,unknown,no
73,housemaid,divorced,secondary,no,1123,yes,no,cellular,30,jun,121,2,-1,0,unknown,no
57,retired,single,primary,no,-466,no,no,cellular,14,apr,152,9,-1,0,unknown,no
51,unknown,single,primary,no,3489,no,no,unknown,19,apr,139,9,-1,0,unknown,no
57,management,single,tertiary,no,4189,no,yes,telephone,27,may,364,3,221,3,failure,yes
44,blue-collar,single,secondary,no,1187,no,no,cellular,6,aug,678,4,-1,0,unknown,yes
30,entrepreneur,single,primary,no,2116,yes,yes,cellular,4,may,174,9,-1,0,unknown,no
62,self-employed,married,primary,no,-5079,yes,yes,cellular,20,jul,461,1,-1,0,unknown,yes
50,services,divorced,tertiary,no,155,yes,no,telephone,1,aug,339,7,-1,0,unknown,yes
23,unknown,married,secondary,no,4446,no,no,telephone,28,jun,103,2,-1,0,unknown,no
41,self-employed,divorced,primary,no,148,no,no,unknown,10,jun,228,9,-1,0,unknown,no
36,self-employed,divorced,unknown,no,-795,no,no,telephone,13,feb,283,3,-1,0,unknown,no
33,admin.,divorced,unknown,no,8276,yes,yes,telephone,12,oct,6,6,300,1,failure,no
57,management,divorced,tertiary,no,6896,yes,no,cellular,11,may,130,5,-1,0,unknown,no
45,management,divorced,tertiary,no,2829,no,no,telephone,4,jan,1267,2,-1,0,unknown,yes
50,admin.,single,tertiary,no,4849,no,no,cellular,17,sep,261,9,-1,0,unknown,no
65,housemaid,married,tertiary,no,-5274,no,no,unknown,15,jul,104,3,-1,0,unknown,no
58,services,married,primary,no,-946,no,no,cellular,21,feb,74,6,372,3,failure,no
30,retired,single,secondary,no,8,yes,no,unknown,29,jun,60,9,318,2,failure,no
60,blue-collar,divorced,tertiary,no,712,yes,no,telephone,3,oct,132,8,-1,0,unknown,no
62,entrepreneur,married,tertiary,no,-51,yes,yes,unknown,29,sep,55,5,259,1,success,no
42,blue-collar,single,primary,no,-6250,yes,no,cellular,10,dec,37,6,-1,0,unknown,no
70,services,single,tertiary,no,2584,yes,no,telephone,21,may,116,3,-1,0,unknown,no
59,blue-collar,married,tertiary,no,3058,yes,yes,telephone,14,mar,240,5,-1,0,unknown,no
53,admin.,married,secondary,no,6243,yes,no,cellular,19,nov,40,6,-1,0,unknown,no
44,management,divorced,unknown,no,-949,no,no,telephone,21,oct,11,3,-1,0,unknown,no
55,blue-collar,divorced,tertiary,no,-1195,no,no,cellular,4,nov,9,2,-1,0,unknown,no
24,unemployed,married,primary,no,-6641,no,yes,unknown,25,apr,80,9,-1,0,unknown,no
22,self-employed,divorced,secondary,no,539,yes,no,unknown,14,mar,54,7,341,1,success,no
60,self-employed,single,primary,no,4134,yes,no,telephone,6,jan,199,4,-1,0,unknown,no
62,unknown,divorced,secondary,no,-417,yes,yes,cellular,12,oct,156,3,-1,0,unknown,no
74,services,divorced,secondary,no,7872,no,yes,cellular,31,nov,101,4,-1,0,unknown,no
68,housemaid,single,tertiary,no,650,yes,no,unknown,30,jul,462,9,284,4,failure,yes
48,student,divorced,tertiary,no,1865,yes,no,cellular,26,aug,181,9,348,1,failure,no
40,student,single,tertiary,no,-2678,no,no,telephone,2,feb,24,6,-1,0,unknown,no
59,unemployed,divorced,unknown,no,2287,yes,no,telephone,17,aug,90,9,368,4,success,no
27,admin.,married,unknown,no,-4532,no,no,unknown,1,dec,935,9,187,3,other,yes
49,technician,divorced,primary,no,3510,yes,no,cellular,17,sep,972,6,-1,0,unknown,yes
60,admin.,married,tertiary,no,3602,yes,no,telephone,25,jul,75,5,-1,0,unknown,no
70,self-employed,married,unknown,no,5513,yes,yes,telephone,5,nov,47,3,-1,0,unknown,no
47,housemaid,married,tertiary,no,-1646,no,no,telephone,16,jan,176,1,-1,0,unknown,no
56,housemaid,married,unknown,no,1906,no,no,cellular,14,apr,169,4,243,4,success,no
48,unemployed,married,unknown,no,3119,no,yes,unknown,20,jul,136,1,-1,0,unknown,no
35,unknown,single,secondary,no,2753,yes,no,unknown,10,jun,194,1,-1,0,unknown,no
53,services,single,tertiary,no,-1180,yes,no,telephone,21,nov,68,6,-1,0,unknown,no
19,retired,single,tertiary,no,-5774,no,no,unknown,25,aug,31,5,-1,0,unknown,no
31,management,married,unknown,no,2467,no,no,telephone,3,jun,218,7,-1,0,unknown,no
30,unemployed,divorced,tertiary,no,964,no,no,telephone,3,oct,695,1,-1,0,unknown,yes
46,housemaid,single,unknown,no,-282,yes,no,cellular,28,jun,38,1,-1,0,unknown,no
29,student,divorced,tertiary,no,3721,yes,no,telephone,18,oct,314,8,357,3,failure,no
56,technician,divorced,secondary,no,1287,yes,no,telephone,24,jun,148,6,-1,0,unknown,no
19,entrepreneur,married,tertiary,no,-2546,no,yes,cellular,23,jul,89,8,67,2,success,no
49,housemaid,married,secondary,no,-4388,no,no,cellular,18,may,494,6,-1,0,unknown,yes
30,unknown,married,primary,no,-1974,yes,no,unknown,4,dec,157,6,-1,0,unknown,no
63,unknown,single,tertiary,no,8623,yes,no,cellular,7,nov,225,7,-1,0,unknown,no
44,housemaid,married,tertiary,no,3597,yes,no,telephone,1,sep,151,2,15,2,other,no
66,unknown,single,tertiary,no,1990,yes,no,cellular,16,jul,21,3,-1,0,unknown,no
58,unemployed,single,secondary,no,876,no,yes,cellular,17,jan,233,4,-1,0,unknown,no
34,housemaid,single,tertiary,no,678,yes,no,unknown,8,nov,140,1,-1,0,unknown,no
57,housemaid,single,tertiary,no,4935,no,no,cellular,6,dec,23,9,307,4,success,no
48,services,married,unknown,no,-53,no,no,telephone,2,dec,233,9,193,2,success,no
51,management,single,primary,no,3158,no,yes,telephone,26,sep,2,4,-1,0,unknown,no
41,technician,married,secondary,no,374,no,no,telephone,10,nov,60,1,145,4,other,no
62,unknown,married,unknown,no,7260,no,no,cellular,31,jun,391,1,-1,0,unknown,no
52,services,single,secondary,no,3656,no,no,cellular,17,nov,9,6,-1,0,unknown,no
65,self-employed,married,unknown,no,5170,yes,no,telephone,19,aug,268,2,58,2,other,no
23,self-employed,divorced,primary,no,-335,no,no,cellular,28,sep,771,1,-1,0,unknown,yes
36,retired,married,unknown,no,4606,no,no,unknown,4,nov,48,2,-1,0,unknown,no
47,retired,married,secondary,no,482,yes,no,unknown,13,nov,139,7,-1,0,unknown,no
24,blue-collar,single,tertiary,no,1754,no,no,unknown,21,feb,221,4,-1,0,unknown,no
27,unemployed,single,tertiary,no,6342,no,no,unknown,27,feb,154,7,-1,0,unknown,no
58,unemployed,married,primary,no,-1714,no,yes,telephone,26,may,249,7,-1,0,unknown,no
49,admin.,single,secondary,no,2034,yes,no,cellular,19,may,133,4,-1,0,unknown,no
51,technician,divorced,secondary,no,2740,no,no,unknown,31,dec,41,2,-1,0,unknown,no
45,student,divorced,secondary,no,2987,yes,yes,telephone,16,oct,24,9,-1,0,unknown,no
32,housemaid,single,primary,no,66,no,no,unknown,31,oct,351,3,-1,0,unknown,yes
47,unknown,married,tertiary,no,7700,yes,no,cellular,13,feb,70,1,295,1,failure,no
54,technician,divorced,unknown,no,-2473,no,no,unknown,30,oct,485,8,-1,0,unknown,yes
46,blue-collar,divorced,primary,no,5812,yes,no,unknown,5,apr,350,4,-1,0,unknown,no
39,self-employed,married,unknown,no,5079,yes,no,unknown,12,sep,13,9,144,3,success,no
21,self-employed,single,tertiary,no,7142,yes,no,unknown,7,apr,57,8,-1,0,unknown,no
37,admin.,divorced,primary,no,-3355,yes,no,cellular,27,jan,89,7,-1,0,unknown,no
49,services,married,tertiary,yes,-1191,no,no,telephone,9,may,232,9,-1,0,unknown,no
53,technician,married,unknown,no,5912,no,no,unknown,5,feb,428,2,-1,0,unknown,yes
67,services,divorced,secondary,no,-4225,yes,no,telephone,4,jun,16,4,-1,0,unknown,no
21,retired,single,secondary,no,-3410,yes,yes,cellular,10,jan,74,5,-1,0,unknown,no
44,self-employed,divorced,unknown,no,-46,yes,no,cellular,16,jul,121,5,-1,0,unknown,no
34,unknown,married,secondary,no,2000,no,no,unknown,11,jul,52,1,-1,0,unknown,no
29,blue-collar,divorced,unknown,no,6214,yes,yes,telephone,29,apr,203,9,-1,0,unknown,no
39,housemaid,single,primary,no,865,yes,no,unknown,9,sep,167,9,-1,0,unknown,no
34,student,married,primary,no,-407,yes,no,cellular,24,mar,98,5,-1,0,unknown,no
27,self-employed,single,primary,no,2359,yes,yes,unknown,5,may,187,3,-1,0,unknown,no
71,unknown,divorced,secondary,no,2836,yes,no,unknown,25,may,113,8,-1,0,unknown,no
18,student,divorced,tertiary,no,2750,yes,yes,telephone,11,aug,108,7,-1,0,unknown,no
39,student,single,secondary,no,887,no,yes,cellular,30,oct,79,5,170,4,failure,no
43,management,divorced,secondary,no,-4459,no,yes,unknown,9,oct,200,1,-1,0,unknown,no
73,unemployed,single,tertiary,no,-1338,yes,no,unknown,17,apr,151,7,-1,0,unknown,no
35,blue-collar,divorced,tertiary,no,5696,no,no,unknown,28,jan,56,1,-1,0,unknown,no
67,technician,single,tertiary,no,1985,yes,no,telephone,22,nov,3,1,311,2,other,no
31,unknown,single,tertiary,no,452,no,no,cellular,11,may,42,9,-1,0,unknown,no
64,self-employed,married,secondary,no,4787,yes,no,unknown,21,jan,11,6,-1,0,unknown,no
46,self-employed,married,unknown,no,-1977,no,yes,unknown,6,mar,145,7,-1,0,unknown,no
29,self-employed,single,primary,no,744,no,no,unknown,26,jun,65,2,-1,0,unknown,no
53,entrepreneur,divorced,unknown,no,1837,yes,yes,cellular,16,jan,140,8,-1,0,unknown,no
52,unemployed,divorced,secondary,no,94,no,yes,telephone,19,oct,103,7,-1,0,unknown,no
69,unemployed,divorced,tertiary,no,1726,yes,no,telephone,14,mar,199,5,-1,0,unknown,no
29,entrepreneur,single,primary,no,858,no,no,unknown,3,jul,332,8,-1,0,unknown,yes
24,student,single,primary,no,-2787,yes,no,unknown,10,feb,168,2,-1,0,unknown,no
46,student,single,unknown,no,1969,yes,no,telephone,21,jun,16,6,-1,0,unknown,no
28,self-employed,single,secondary,no,-2574,no,no,telephone,23,jul,4,4,-1,0,unknown,no
50,admin.,married,secondary,no,1921,yes,no,telephone,4,dec,61,7,-1,0,unknown,no
23,admin.,single,secondary,no,5557,yes,no,unknown,22,dec,142,6,-1,0,unknown,no
64,entrepreneur,divorced,primary,no,577,yes,no,unknown,21,feb,11,6,-1,0,unknown,no
32,management,married,unknown,no,-2101,no,no,telephone,2,nov,102,5,-1,0,unknown,no
49,retired,divorced,primary,no,1040,yes,no,telephone,13,nov,562,5,-1,0,unknown,yes
68,entrepreneur,single,primary,no,-1080,yes,yes,cellular,11,may,24,2,-1,0,unknown,no
28,retired,married,tertiary,no,3211,no,no,unknown,12,oct,765,7,-1,0,unknown,yes
40,unknown,single,unknown,no,977,yes,no,cellular,1,dec,501,7,138,4,failure,yes
43,management,married,tertiary,no,6567,yes,no,telephone,22,oct,459,8,39,4,other,yes
51,student,divorced,secondary,no,4922,yes,no,unknown,21,jan,514,4,-1,0,unknown,yes
63,blue-collar,single,primary,no,962,yes,yes,unknown,9,mar,21,9,-1,0,unknown,no
51,student,single,unknown,no,3576,yes,no,cellular,12,jan,42,3,-1,0,unknown,no
46,retired,married,secondary,no,239,no,yes,cellular,7,dec,37,3,-1,0,unknown,no
21,unemployed,married,unknown,no,1525,yes,no,cellular,17,mar,30,2,232,3,failure,no
34,unknown,single,primary,no,335,yes,no,cellular,29,apr,102,7,-1,0,unknown,no
52,unemployed,married,unknown,no,3729,yes,no,unknown,10,dec,457,2,-1,0,unknown,yes
30,management,single,secondary,no,5734,yes,yes,telephone,6,dec,74,7,-1,0,unknown,no
58,student,married,tertiary,no,3826,no,yes,telephone,27,may,72,3,-1,0,unknown,no
56,retired,divorced,primary,no,4197,yes,no,telephone,7,apr,290,1,-1,0,unknown,yes
32,services,married,tertiary,yes,4200,yes,no,cellular,19,apr,26,8,-1,0,unknown,no
72,management,divorced,primary,no,3081,yes,no,telephone,14,sep,115,8,-1,0,unknown,no
46,management,married,secondary,no,-2005,no,yes,cellular,25,sep,90,1,-1,0,unknown,no
46,services,married,primary,no,6541,yes,no,cellular,27,sep,484,6,271,2,failure,yes
28,unknown,single,tertiary,no,6852,yes,yes,telephone,30,nov,186,4,-1,0,unknown,no
69,retired,married,primary,no,719,no,no,telephone,30,may,268,5,381,4,success,no
49,retired,married,secondary,no,307,yes,no,telephone,11,nov,35,8,-1,0,unknown,no
19,self-employed,divorced,primary,no,3265,no,no,unknown,2,may,682,8,-1,0,unknown,yes
64,unemployed,married,tertiary,no,3080,no,no,cellular,1,feb,100,7,-1,0,unknown,no
31,management,single,secondary,no,815,yes,no,unknown,26,jun,316,5,-1,0,unknown,no
37,management,divorced,tertiary,no,-2338,yes,no,telephone,10,feb,797,6,-1,0,unknown,yes
39,housemaid,single,primary,no,2342,no,no,unknown,12,oct,183,8,152,2,success,no
28,blue-collar,single,unknown,no,3082,no,no,unknown,9,may,182,5,303,1,other,no
44,management,single,tertiary,no,3606,no,no,telephone,23,nov,32,3,-1,0,unknown,no
20,technician,single,primary,no,2474,yes,no,telephone,26,dec,127,9,-1,0,unknown,no
34,blue-collar,divorced,unknown,yes,607,yes,yes,cellular,29,dec,493,9,96,4,success,yes
61,technician,married,unknown,no,4413,no,yes,cellular,11,may,37,1,-1,0,unknown,no
73,retired,single,secondary,no,1621,yes,no,unknown,1,apr,643,7,33,2,failure,yes
45,blue-collar,divorced,unknown,no,24,no,no,telephone,20,may,283,4,-1,0,unknown,no
46,management,single,tertiary,no,879,yes,no,cellular,10,jul,140,6,240,1,success,no
38,services,married,tertiary,no,-3830,no,no,cellular,29,oct,204,7,-1,0,unknown,no
64,unemployed,divorced,unknown,no,874,yes,no,unknown,19,feb,42,8,-1,0,unknown,no
33,technician,divorced,primary,no,3494,yes,no,unknown,27,jan,63,5,-1,0,unknown,no
54,self-employed,married,tertiary,no,2445,no,no,unknown,23,apr,87,5,-1,0,unknown,no
37,blue-collar,divorced,tertiary,no,5998,yes,no,telephone,21,jul,125,6,-1,0,unknown,no
23,management,married,secondary,no,631,yes,no,cellular,25,jan,637,7,-1,0,unknown,yes
36,blue-collar,divorced,primary,no,2889,yes,yes,cellular,11,apr,118,5,-1,0,unknown,no
74,management,divorced,unknown,no,3808,no,no,cellular,3,jun,191,5,-1,0,unknown,no
22,management,married,primary,no,8472,no,no,unknown,27,jun,45,4,-1,0,unknown,no
20,management,married,secondary,no,1858,yes,no,telephone,16,jan,343,1,-1,0,unknown,yes
18,housemaid,divorced,secondary,no,-1718,yes,no,unknown,22,jul,211,7,-1,0,unknown,no
55,unemployed,divorced,primary,no,3974,yes,no,unknown,10,may,149,7,-1,0,unknown,no
32,services,married,secondary,no,7036,no,no,telephone,2,jun,758,6,-1,0,unknown,yes
51,services,married,secondary,no,452,yes,yes,telephone,19,jan,571,2,-1,0,unknown,yes
52,blue-collar,divorced,secondary,no,3953,yes,no,unknown,4,jul,277,2,-1,0,unknown,no
66,blue-collar,divorced,primary,no,5120,yes,no,telephone,16,apr,657,6,-1,0,unknown,yes
42,management,divorced,secondary,no,4483,yes,no,unknown,6,mar,214,9,-1,0,unknown,no
41,housemaid,married,unknown,no,1800,no,no,cellular,11,dec,452,5,-1,0,unknown,yes
29,management,divorced,unknown,no,-678,yes,no,telephone,17,nov,135,7,366,4,success,no
35,housemaid,single,tertiary,no,1178,yes,no,cellular,31,apr,23,2,-1,0,unknown,no
32,management,married,unknown,no,2802,no,yes,telephone,15,sep,1326,6,299,3,success,yes
61,technician,divorced,tertiary,no,4155,no,no,unknown,22,may,46,6,-1,0,unknown,no
33,technician,married,primary,no,2427,yes,no,unknown,4,dec,74,6,-1,0,unknown,no
44,retired,single,secondary,no,279,yes,no,unknown,24,may,45,6,-1,0,unknown,no
25,management,married,unknown,no,3094,yes,no,unknown,25,aug,106,4,-1,0,unknown,no
63,unemployed,divorced,tertiary,no,4010,no,no,unknown,8,jul,88,5,-1,0,unknown,no
42,self-employed,single,primary,no,2565,no,no,unknown,24,mar,237,4,-1,0,unknown,no
34,retired,single,tertiary,yes,-1093,yes,yes,telephone,29,jan,1456,6,277,1,success,yes
46,blue-collar,divorced,secondary,no,877,yes,no,telephone,29,dec,13,9,14,2,failure,no
70,unknown,divorced,unknown,no,4274,yes,no,cellular,18,nov,388,5,-1,0,unknown,yes
25,management,divorced,primary,no,-2738,no,no,telephone,14,feb,35,5,-1,0,unknown,no
32,student,married,tertiary,no,-4875,yes,no,telephone,26,mar,5,3,-1,0,unknown,no
44,technician,married,primary,no,5960,no,no,cellular,2,nov,262,7,99,2,failure,no
63,unknown,married,tertiary,no,2961,no,no,cellular,16,jan,533,5,-1,0,unknown,yes
67,housemaid,divorced,tertiary,no,3248,yes,no,unknown,22,jan,50,2,-1,0,unknown,no
69,unknown,divorced,secondary,no,-1817,yes,no,cellular,15,aug,107,9,-1,0,unknown,no
24,unemployed,married,secondary,no,3642,no,yes,cellular,21,aug,47,5,-1,0,unknown,no
20,management,single,tertiary,no,2251,yes,no,telephone,6,feb,611,7,-1,0,unknown,yes
46,services,married,unknown,no,-3344,no,no,unknown,9,aug,81,7,18,4,other,no
61,unknown,single,primary,no,5708,yes,no,cellular,12,nov,151,8,-1,0,unknown,no
70,services,divorced,primary,no,1900,no,no,unknown,10,feb,580,4,144,1,other,yes
41,housemaid,divorced,secondary,no,231,no,no,unknown,7,nov,207,7,268,2,success,no
20,retired,married,unknown,no,285,no,no,cellular,5,may,696,3,-1,0,unknown,yes
37,services,married,tertiary,no,-4640,yes,no,cellular,26,jan,673,9,-1,0,unknown,yes
63,retired,divorced,secondary,no,3208,no,yes,cellular,23,sep,159,8,-1,0,unknown,no
32,technician,married,tertiary,no,2210,yes,no,cellular,8,apr,225,9,40,2,failure,no
42,self-employed,divorced,tertiary,no,839,yes,no,unknown,27,oct,67,2,-1,0,unknown,no
47,management,divorced,secondary,no,5269,yes,no,telephone,12,nov,1202,4,-1,0,unknown,yes
31,unknown,single,unknown,no,-2741,yes,no,unknown,1,feb,84,1,-1,0,unknown,no
24,technician,married,primary,no,-372,yes,yes,unknown,10,jan,394,8,-1,0,unknown,yes
34,technician,divorced,secondary,no,-1134,yes,no,unknown,11,jun,96,4,-1,0,unknown,no
61,student,married,unknown,no,584,no,no,cellular,27,nov,96,4,-1,0,unknown,no
37,entrepreneur,single,tertiary,no,1626,no,no,cellular,23,aug,28,7,-1,0,unknown,no
53,admin.,single,secondary,no,2716,yes,no,telephone,20,apr,211,6,-1,0,unknown,no
26,unemployed,married,primary,no,378,no,no,telephone,5,jan,72,3,-1,0,unknown,no
55,retired,married,primary,no,-1216,yes,yes,telephone,13,jan,41,8,-1,0,unknown,no
65,self-employed,divorced,tertiary,no,6496,yes,no,unknown,18,jun,66,2,-1,0,unknown,no
74,entrepreneur,single,secondary,no,8679,no,yes,telephone,10,feb,74,1,-1,0,unknown,no
39,admin.,single,primary,no,1854,yes,no,unknown,21,may,180,2,347,2,success,no
71,self-employed,single,secondary,no,-854,no,no,cellular,25,feb,125,9,-1,0,unknown,no
70,unemployed,married,primary,no,5862,yes,no,unknown,17,sep,20,5,-1,0,unknown,no
70,retired,divorced,tertiary,no,-2930,yes,no,cellular,19,feb,198,5,358,3,success,no
19,management,married,tertiary,no,415,yes,no,cellular,4,may,399,6,-1,0,unknown,yes
41,unemployed,married,secondary,no,-671,no,yes,telephone,9,apr,220,3,-1,0,unknown,no
25,unknown,married,unknown,no,-2066,no,no,cellular,18,nov,947,1,-1,0,unknown,yes
28,technician,divorced,unknown,no,580,no,no,telephone,16,jan,26,8,-1,0,unknown,no
30,student,married,tertiary,no,-1177,yes,yes,telephone,7,oct,444,7,-1,0,unknown,yes
34,admin.,single,primary,no,1461,yes,no,telephone,25,sep,181,8,-1,0,unknown,no
25,admin.,single,unknown,no,1504,no,no,unknown,12,mar,190,9,-1,0,unknown,no
38,self-employed,single,tertiary,yes,-446,yes,no,telephone,26,oct,188,2,-1,0,unknown,no
35,student,divorced,primary,no,308,yes,no,telephone,4,aug,101,5,-1,0,unknown,no
47,admin.,married,primary,no,728,no,yes,cellular,21,apr,101,2,-1,0,unknown,no
35,student,divorced,unknown,no,3859,yes,no,unknown,28,nov,257,8,-1,0,unknown,no
63,retired,married,tertiary,yes,976,yes,yes,telephone,12,sep,11,4,-1,0,unknown,no
64,unknown,single,primary,no,3904,no,yes,telephone,12,may,229,4,-1,0,unknown,no
48,unemployed,married,primary,no,3185,no,no,telephone,26,feb,332,8,-1,0,unknown,no
55,technician,married,secondary,no,3142,no,no,cellular,4,aug,113,7,-1,0,unknown,no
49,unknown,married,secondary,no,5599,yes,no,cellular,12,apr,63,1,194,2,failure,no
28,entrepreneur,divorced,unknown,no,-1945,yes,no,cellular,23,feb,61,7,-1,0,unknown,no
62,management,married,secondary,no,0,no,no,telephone,8,jun,22,3,-1,0,unknown,no
42,student,married,tertiary,no,6728,no,no,telephone,24,jan,24,5,-1,0,unknown,no
50,services,married,unknown,no,648,yes,no,telephone,31,aug,47,8,-1,0,unknown,no
55,unknown,divorced,unknown,no,-7047,no,no,telephone,30,sep,4,6,-1,0,unknown,no
58,self-employed,divorced,secondary,no,812,no,no,telephone,30,jul,79,8,-1,0,unknown,no
25,entrepreneur,divorced,primary,no,1829,yes,no,cellular,31,sep,94,5,-1,0,unknown,no
28,technician,married,tertiary,no,-6451,no,no,telephone,3,feb,1378,9,-1,0,unknown,yes
39,self-employed,single,tertiary,no,5436,yes,yes,unknown,16,nov,1235,6,-1,0,unknown,yes
68,self-employed,single,tertiary,no,-724,yes,no,telephone,2,jan,53,9,-1,0,unknown,no
41,services,single,unknown,no,2411,yes,no,cellular,6,jul,61,4,-1,0,unknown,no
58,student,married,tertiary,no,743,no,no,telephone,28,apr,174,2,-1,0,unknown,no
34,services,single,primary,no,-2453,no,no,unknown,17,oct,41,8,-1,0,unknown,no
29,unknown,single,primary,no,-1798,no,no,telephone,12,aug,180,5,-1,0,unknown,no
74,self-employed,single,secondary,no,-1390,no,yes,unknown,9,mar,131,2,-1,0,unknown,no
63,admin.,married,tertiary,no,4689,yes,no,unknown,16,jul,101,6,-1,0,unknown,no
49,blue-collar,single,unknown,no,979,yes,no,cellular,7,jul,446,3,-1,0,unknown,yes
32,technician,single,secondary,no,-147,yes,no,unknown,8,nov,454,1,-1,0,unknown,yes
33,admin.,married,primary,no,-1389,yes,no,telephone,7,oct,1138,6,-1,0,unknown,yes
71,technician,divorced,tertiary,no,5022,no,yes,unknown,21,sep,65,8,-1,0,unknown,no
39,student,single,primary,no,5828,yes,no,telephone,5,nov,565,1,-1,0,unknown,yes
45,blue-collar,divorced,secondary,no,4987,no,no,telephone,23,apr,199,3,-1,0,unknown,no
37,management,single,primary,no,2904,yes,no,telephone,7,oct,230,6,378,1,other,no
50,blue-collar,married,tertiary,no,2295,yes,no,telephone,18,jan,584,3,-1,0,unknown,yes
27,student,divorced,tertiary,no,-2235,yes,no,cellular,18,jul,737,7,-1,0,unknown,yes
57,housemaid,divorced,secondary,no,683,no,no,telephone,16,oct,334,6,14,4,failure,no
49,unknown,divorced,tertiary,no,-634,yes,no,cellular,7,dec,110,9,-1,0,unknown,no
67,student,divorced,primary,no,-4069,yes,no,unknown,21,jun,173,6,-1,0,unknown,no
50,unknown,single,primary,no,4603,no,no,telephone,2,nov,246,7,-1,0,unknown,no
19,entrepreneur,single,unknown,no,-670,no,no,unknown,31,jan,455,2,-1,0,unknown,yes
50,admin.,divorced,unknown,no,5021,no,no,cellular,17,sep,276,4,-1,0,unknown,no
50,entrepreneur,single,unknown,no,4076,yes,no,telephone,25,oct,117,5,-1,0,unknown,no
58,housemaid,divorced,primary,no,3098,yes,no,telephone,27,aug,139,2,-1,0,unknown,no
30,blue-collar,divorced,primary,no,3267,no,no,cellular,8,oct,13,7,-1,0,unknown,no
47,unknown,married,secondary,no,-428,no,no,unknown,2,apr,665,4,-1,0,unknown,yes
50,retired,divorced,unknown,no,7013,no,yes,cellular,18,may,23,9,218,3,success,no
30,blue-collar,single,primary,no,1552,yes,no,unknown,19,aug,223,8,-1,0,unknown,no
69,blue-collar,divorced,secondary,no,2331,yes,yes,unknown,20,feb,529,9,250,4,other,yes
43,housemaid,married,primary,yes,-530,yes,no,unknown,9,jun,140,8,-1,0,unknown,no
39,management,single,secondary,no,-1378,no,no,telephone,12,oct,415,5,-1,0,unknown,yes
56,technician,married,unknown,no,2859,yes,no,cellular,22,feb,420,9,-1,0,unknown,yes
19,self-employed,married,unknown,no,2077,no,yes,telephone,19,dec,15,5,-1,0,unknown,no
55,self-employed,divorced,unknown,no,-952,yes,no,cellular,30,nov,137,8,136,3,success,no
56,housemaid,married,primary,no,-2905,no,no,unknown,31,aug,303,4,-1,0,unknown,no
43,technician,married,primary,no,-2398,yes,yes,telephone,8,may,141,5,-1,0,unknown,no
63,unknown,single,secondary,no,5022,yes,no,telephone,22,dec,203,4,-1,0,unknown,no
67,housemaid,married,tertiary,no,-422,yes,no,telephone,8,oct,232,2,-1,0,unknown,no
32,technician,divorced,tertiary,no,403,no,no,unknown,10,mar,42,4,-1,0,unknown,no
51,student,divorced,unknown,no,5787,no,no,cellular,28,feb,136,5,-1,0,unknown,no
59,entrepreneur,divorced,tertiary,no,-1953,yes,no,unknown,18,apr,7,6,230,4,success,no
72,housemaid,married,unknown,no,-764,no,no,telephone,15,aug,41,4,-1,0,unknown,no
61,student,single,secondary,no,-890,yes,yes,telephone,24,jan,185,4,62,4,other,no
66,unknown,divorced,tertiary,no,6291,no,no,unknown,11,oct,219,6,-1,0,unknown,no
57,housemaid,married,tertiary,no,7421,no,yes,telephone,21,mar,40,7,-1,0,unknown,no
28,unknown,divorced,unknown,no,3684,no,no,telephone,26,jan,363,7,175,3,failure,yes
20,housemaid,divorced,secondary,no,3780,yes,yes,cellular,14,feb,120,4,-1,0,unknown,no
23,technician,single,tertiary,no,-323,yes,no,cellular,15,oct,653,5,-1,0,unknown,yes
26,management,divorced,tertiary,no,7282,no,no,cellular,14,nov,126,3,-1,0,unknown,no
23,unemployed,single,tertiary,no,2228,yes,no,cellular,12,jul,41,5,-1,0,unknown,no
26,student,married,secondary,no,3990,yes,no,cellular,4,jan,366,5,-1,0,unknown,yes
56,technician,divorced,secondary,no,1105,no,no,cellular,3,sep,216,4,-1,0,unknown,no
48,admin.,married,tertiary,no,616,yes,no,telephone,12,aug,126,6,43,2,failure,no
49,services,married,unknown,no,6427,no,no,telephone,25,jan,113,5,-1,0,unknown,no
58,student,married,unknown,no,3047,no,no,cellular,26,oct,42,8,-1,0,unknown,no
67,management,divorced,tertiary,no,5790,no,no,unknown,7,jan,107,2,-1,0,unknown,no
29,entrepreneur,single,secondary,no,2191,yes,no,cellular,7,feb,7,6,141,4,other,no
25,blue-collar,divorced,tertiary,no,-1129,yes,no,telephone,22,feb,180,2,-1,0,unknown,no
25,self-employed,married,secondary,no,-332,yes,no,unknown,25,jun,585,6,-1,0,unknown,yes
67,technician,single,tertiary,no,1732,yes,yes,unknown,19,jan,409,4,-1,0,unknown,yes
45,housemaid,married,secondary,no,-462,yes,no,unknown,14,apr,7,1,-1,0,unknown,no
37,technician,single,primary,no,-1909,yes,no,telephone,1,jul,549,6,-1,0,unknown,yes
64,student,divorced,unknown,no,5038,yes,no,unknown,7,dec,155,3,-1,0,unknown,no
24,retired,single,primary,no,-216,yes,no,telephone,25,sep,54,7,-1,0,unknown,no
28,student,divorced,unknown,no,1838,no,no,telephone,31,oct,360,3,-1,0,unknown,no
37,management,married,secondary,no,2314,yes,no,cellular,22,mar,100,4,-1,0,unknown,no
33,unemployed,single,primary,no,-346,yes,no,telephone,10,apr,75,9,-1,0,unknown,no
21,entrepreneur,married,unknown,no,5788,no,no,unknown,18,may,45,7,-1,0,unknown,no
23,retired,single,tertiary,no,-1938,no,no,telephone,13,may,172,4,-1,0,unknown,no
39,unknown,divorced,secondary,yes,2210,yes,no,telephone,8,feb,25,2,-1,0,unknown,no
43,retired,single,secondary,no,2163,no,no,cellular,9,may,397,5,-1,0,unknown,yes
20,technician,single,tertiary,no,1259,yes,no,cellular,26,oct,164,8,-1,0,unknown,no
58,entrepreneur,divorced,tertiary,no,-2479,yes,no,telephone,15,jan,152,2,-1,0,unknown,no
59,technician,divorced,unknown,no,4043,no,no,telephone,8,jul,0,9,-1,0,unknown,no
31,unknown,divorced,secondary,no,3660,no,no,telephone,25,may,439,5,-1,0,unknown,yes
28,student,single,unknown,no,-609,no,no,cellular,1,jun,175,6,-1,0,unknown,no
35,blue-collar,married,tertiary,no,3551,no,no,cellular,3,sep,149,7,-1,0,unknown,no
71,entrepreneur,single,secondary,no,2551,no,yes,unknown,19,mar,369,9,-1,0,unknown,no
29,blue-collar,single,tertiary,no,-2430,no,no,unknown,30,jan,16,7,-1,0,unknown,no
40,management,married,unknown,no,-1146,yes,no,unknown,9,aug,117,4,-1,0,unknown,no
29,management,divorced,unknown,no,4848,no,no,unknown,19,feb,221,5,-1,0,unknown,no
30,blue-collar,single,unknown,no,2354,yes,no,cellular,15,feb,159,3,-1,0,unknown,no
42,management,married,secondary,no,-274,yes,no,cellular,14,oct,51,1,143,3,other,no
62,entrepreneur,divorced,tertiary,no,-1160,yes,no,telephone,26,apr,91,3,-1,0,unknown,no
68,housemaid,divorced,tertiary,no,-127,no,yes,unknown,1,may,92,1,-1,0,unknown,no
36,admin.,single,unknown,no,85,no,no,telephone,3,jan,1244,5,-1,0,unknown,yes
72,management,divorced,unknown,no,-1122,no,no,telephone,2,nov,101,7,-1,0,unknown,no
63,management,divorced,unknown,no,-3817,yes,no,cellular,25,mar,59,9,-1,0,unknown,no
53,technician,married,unknown,no,4853,yes,no,telephone,30,nov,446,4,-1,0,unknown,yes
62,blue-collar,married,primary,no,4343,yes,yes,telephone,1,aug,141,1,-1,0,unknown,no
25,services,divorced,primary,no,-2408,yes,no,cellular,27,jun,151,7,-1,0,unknown,no
46,unemployed,married,primary,no,1833,no,no,cellular,18,mar,205,3,-1,0,unknown,no
72,self-employed,divorced,unknown,no,-1291,yes,no,cellular,1,dec,233,1,-1,0,unknown,no
70,self-employed,single,unknown,no,635,no,no,cellular,9,jul,230,4,-1,0,unknown,no
72,retired,married,tertiary,no,385,yes,no,unknown,7,nov,9,9,-1,0,unknown,no
49,management,divorced,secondary,no,135,yes,no,unknown,30,jun,440,6,-1,0,unknown,yes
68,retired,divorced,tertiary,no,7449,no,no,unknown,13,may,55,6,-1,0,unknown,no
61,entrepreneur,married,primary,no,98,yes,no,telephone,17,aug,89,7,-1,0,unknown,no
35,services,married,tertiary,no,-1009,yes,no,unknown,13,aug,49,1,-1,0,unknown,no
23,unemployed,single,unknown,no,-871,yes,no,cellular,13,mar,375,5,-1,0,unknown,yes
35,blue-collar,divorced,primary,no,4563,no,no,unknown,10,aug,226,4,-1,0,unknown,no
36,student,single,primary,no,-3548,no,no,cellular,28,oct,363,4,-1,0,unknown,no
39,admin.,single,secondary,no,-871,no,yes,unknown,6,sep,273,7,-1,0,unknown,no
54,unemployed,single,secondary,no,5776,no,yes,unknown,5,dec,28,2,-1,0,unknown,no
49,unemployed,married,primary,no,2157,no,no,cellular,10,oct,92,5,-1,0,unknown,no
73,student,single,primary,no,2000,no,no,cellular,14,mar,182,7,-1,0,unknown,no
58,admin.,married,tertiary,no,7838,no,no,telephone,31,nov,93,3,-1,0,unknown,no
20,housemaid,married,primary,no,2164,yes,no,telephone,11,aug,59,2,-1,0,unknown,no
45,blue-collar,single,unknown,no,-707,yes,no,telephone,5,aug,526,1,-1,0,unknown,yes
27,student,single,tertiary,no,574,no,no,unknown,4,dec,355,5,-1,0,unknown,no
68,technician,divorced,unknown,no,-1993,yes,no,unknown,3,jul,109,5,312,3,failure,no
52,retired,single,unknown,no,5202,yes,no,cellular,14,aug,373,4,-1,0,unknown,yes
46,self-employed,divorced,unknown,no,3151,no,no,cellular,13,jan,254,8,-1,0,unknown,no
71,management,single,primary,no,4806,yes,no,telephone,24,mar,0,2,-1,0,unknown,no
32,unemployed,single,secondary,no,5072,no,no,cellular,23,jun,123,4,-1,0,unknown,no
50,entrepreneur,single,secondary,no,176,no,no,unknown,5,dec,88,5,316,1,success,no
24,self-employed,single,unknown,no,-1419,yes,no,cellular,12,jul,63,9,-1,0,unknown,no
29,self-employed,divorced,primary,no,1267,no,no,cellular,25,jul,74,3,-1,0,unknown,no
66,admin.,divorced,tertiary,no,-1203,no,no,cellular,28,nov,736,1,-1,0,unknown,yes
47,retired,single,unknown,no,1919,yes,no,cellular,23,jun,171,4,233,2,other,no
38,services,single,tertiary,no,4829,no,no,cellular,10,dec,485,6,-1,0,unknown,yes
48,admin.,divorced,tertiary,no,917,no,no,telephone,2,dec,62,7,-1,0,unknown,no
41,student,married,primary,no,1874,yes,no,telephone,31,dec,49,4,199,4,success,no
37,services,married,primary,no,1140,yes,no,unknown,7,nov,566,4,153,1,failure,yes
54,blue-collar,married,secondary,no,3838,yes,no,telephone,7,apr,176,6,-1,0,unknown,no
21,unemployed,divorced,secondary,no,-586,yes,no,cellular,4,may,581,1,-1,0,unknown,yes
45,entrepreneur,divorced,primary,no,-5186,yes,no,telephone,12,sep,16,5,-1,0,unknown,no
61,self-employed,married,unknown,no,2839,no,no,unknown,28,jan,640,3,10,4,other,yes
37,management,married,secondary,no,4395,yes,no,telephone,24,feb,138,8,-1,0,unknown,no
41,services,single,tertiary,no,2766,no,no,unknown,4,may,43,5,-1,0,unknown,no
67,retired,divorced,unknown,yes,-503,yes,no,unknown,7,may,296,7,-1,0,unknown,no
66,housemaid,divorced,tertiary,no,-1992,yes,no,unknown,20,dec,411,8,-1,0,unknown,yes
68,blue-collar,married,primary,no,2910,no,no,cellular,13,jul,12,8,-1,0,unknown,no
49,housemaid,married,tertiary,no,1848,no,no,unknown,8,aug,1124,2,-1,0,unknown,yes
58,blue-collar,divorced,unknown,no,1044,yes,no,telephone,14,oct,308,2,-1,0,unknown,no
53,technician,single,primary,no,6906,yes,no,telephone,30,jun,100,5,91,3,other,no
70,retired,married,unknown,no,-1425,no,no,telephone,3,jun,42,3,-1,0,unknown,no
51,student,divorced,tertiary,no,6764,yes,no,unknown,2,may,128,1,-1,0,unknown,no
53,self-employed,divorced,unknown,no,1518,yes,yes,unknown,10,may,64,8,-1,0,unknown,no
19,housemaid,single,primary,no,-4100,yes,yes,cellular,6,nov,175,6,-1,0,unknown,no
32,entrepreneur,single,tertiary,no,883,no,no,unknown,23,aug,392,3,-1,0,unknown,yes
51,unemployed,married,tertiary,no,4310,yes,no,telephone,7,may,278,8,-1,0,unknown,no
53,admin.,married,secondary,no,324,no,no,cellular,16,jun,147,1,-1,0,unknown,no
23,management,married,secondary,no,-3014,no,no,telephone,6,mar,32,3,265,1,success,no
56,student,divorced,unknown,no,927,no,no,cellular,16,may,812,9,-1,0,unknown,yes
59,unemployed,married,secondary,no,-1156,yes,no,unknown,27,sep,81,6,345,1,other,no
68,self-employed,divorced,secondary,no,2902,yes,no,cellular,24,mar,83,1,-1,0,unknown,no
68,unemployed,married,secondary,no,3750,yes,no,unknown,12,aug,267,9,-1,0,unknown,no
71,blue-collar,single,secondary,no,-1755,yes,no,unknown,22,nov,379,7,-1,0,unknown,yes
29,entrepreneur,single,primary,no,-700,no,no,telephone,15,jul,1069,1,-1,0,unknown,yes
20,self-employed,divorced,primary,no,3699,no,no,unknown,22,apr,897,1,-1,0,unknown,yes
62,blue-collar,single,secondary,no,-1161,no,no,unknown,3,may,632,5,-1,0,unknown,yes
35,unknown,divorced,unknown,no,-1833,no,no,unknown,28,aug,147,4,-1,0,unknown,no
57,services,divorced,primary,no,-2123,no,no,telephone,16,oct,47,8,-1,0,unknown,no
38,management,single,secondary,no,2482,yes,no,unknown,18,jul,226,2,-1,0,unknown,no
32,services,divorced,primary,yes,2353,no,no,telephone,15,oct,4,6,-1,0,unknown,no
50,admin.,single,tertiary,no,-635,yes,no,cellular,23,oct,56,8,-1,0,unknown,no
52,unknown,married,primary,no,1438,no,no,telephone,6,feb,0,1,-1,0,unknown,no
43,retired,married,primary,no,6018,yes,no,telephone,17,aug,51,3,-1,0,unknown,no
25,admin.,single,unknown,no,-1507,no,no,unknown,2,aug,166,1,-1,0,unknown,no
53,admin.,single,primary,no,-4449,yes,no,telephone,2,sep,128,7,-1,0,unknown,no
65,technician,single,unknown,no,2792,no,no,cellular,17,feb,118,1,-1,0,unknown,no
47,management,single,tertiary,no,1090,no,no,telephone,19,apr,458,9,-1,0,unknown,yes
40,blue-collar,married,secondary,no,-713,no,no,unknown,5,feb,289,8,-1,0,unknown,no
59,entrepreneur,divorced,unknown,no,3385,no,no,cellular,4,apr,710,3,-1,0,unknown,yes
61,services,divorced,primary,no,3948,yes,no,unknown,28,mar,152,4,-1,0,unknown,no
31,admin.,married,primary,no,-5221,yes,no,unknown,18,jul,81,9,-1,0,unknown,no
31,services,divorced,unknown,no,-540,no,no,telephone,8,may,33,6,-1,0,unknown,no
19,student,married,tertiary,no,8396,no,no,unknown,9,jul,287,5,-1,0,unknown,no
72,services,divorced,secondary,no,3178,no,no,cellular,24,feb,475,5,-1,0,unknown,yes
54,retired,single,primary,no,3457,yes,no,cellular,23,apr,52,1,-1,0,unknown,no
22,self-employed,single,tertiary,no,4952,yes,no,cellular,26,jun,544,1,118,2,failure,yes
55,student,single,secondary,no,1474,yes,no,cellular,18,dec,192,3,262,4,failure,no
62,student,married,secondary,no,3820,yes,yes,telephone,31,may,40,2,80,1,success,no
58,management,married,primary,no,3583,yes,no,cellular,31,nov,265,1,-1,0,unknown,no
71,management,divorced,unknown,no,3044,yes,no,telephone,22,feb,189,5,-1,0,unknown,no
64,housemaid,divorced,primary,no,454,yes,no,unknown,11,dec,7,3,-1,0,unknown,no
31,unemployed,divorced,primary,no,1940,no,no,unknown,16,jul,131,7,-1,0,unknown,no
73,management,married,primary,no,-347,yes,no,telephone,16,feb,396,8,-1,0,unknown,yes
56,services,divorced,tertiary,no,1461,no,no,unknown,4,sep,209,6,-1,0,unknown,no
42,blue-collar,single,unknown,no,-2092,no,yes,unknown,21,jul,85,5,-1,0,unknown,no
37,services,divorced,tertiary,no,-955,yes,no,cellular,9,dec,681,5,277,1,other,yes
19,blue-collar,single,primary,no,573,no,no,unknown,13,mar,70,1,-1,0,unknown,no
56,self-employed,married,unknown,no,-1416,no,no,unknown,25,jun,75,6,-1,0,unknown,no
23,self-employed,single,secondary,no,-96,yes,no,telephone,20,may,112,6,226,4,other,no
34,student,single,unknown,no,929,yes,yes,cellular,8,dec,580,3,-1,0,unknown,yes
42,housemaid,single,primary,no,2633,yes,no,unknown,11,sep,182,4,234,2,failure,no
74,blue-collar,married,unknown,no,4279,no,no,unknown,21,mar,295,4,121,4,other,yes
45,student,married,secondary,no,27,yes,no,telephone,9,feb,965,6,-1,0,unknown,yes
19,management,married,secondary,no,5440,yes,no,unknown,18,feb,394,8,-1,0,unknown,yes
52,retired,married,unknown,no,4247,no,no,cellular,31,apr,48,9,-1,0,unknown,no
54,blue-collar,divorced,secondary,no,2939,yes,no,cellular,20,jan,400,9,-1,0,unknown,yes
22,self-employed,married,tertiary,no,1885,no,no,cellular,3,sep,355,5,-1,0,unknown,yes
18,services,single,unknown,no,2383,yes,no,telephone,23,mar,68,8,-1,0,unknown,no
57,entrepreneur,married,secondary,no,4994,no,no,cellular,30,may,101,8,-1,0,unknown,no
29,management,divorced,secondary,no,5104,yes,no,cellular,18,feb,319,4,-1,0,unknown,yes
73,entrepreneur,divorced,unknown,no,5439,yes,no,cellular,19,aug,70,4,-1,0,unknown,no
53,unknown,divorced,tertiary,no,1547,yes,no,cellular,9,nov,60,3,-1,0,unknown,no
62,unknown,single,unknown,no,3092,no,yes,cellular,24,nov,313,5,-1,0,unknown,no
40,services,married,secondary,no,5465,yes,no,cellular,18,mar,548,8,-1,0,unknown,yes
64,unknown,married,unknown,no,-453,no,no,telephone,22,may,20,8,-1,0,unknown,no
48,unemployed,married,secondary,no,464,no,yes,cellular,16,jul,152,9,-1,0,unknown,no
28,self-employed,single,primary,no,1471,no,no,unknown,14,feb,241,1,-1,0,unknown,no
27,student,single,unknown,no,4129,yes,no,telephone,19,mar,290,4,-1,0,unknown,no
20,housemaid,divorced,unknown,no,4176,no,no,unknown,28,aug,1437,6,-1,0,unknown,yes
71,management,divorced,secondary,no,728,no,yes,unknown,29,oct,296,5,-1,0,unknown,no
31,entrepreneur,married,secondary,no,-3116,yes,yes,cellular,22,aug,249,4,-1,0,unknown,no
33,services,single,secondary,no,2163,no,no,unknown,30,mar,1181,3,-1,0,unknown,yes
27,unemployed,single,secondary,no,-1340,no,no,unknown,15,oct,16,2,-1,0,unknown,no
46,services,married,unknown,no,-3060,no,no,unknown,21,dec,19,9,-1,0,unknown,no
27,student,married,secondary,no,-2379,yes,no,cellular,26,jul,212,3,-1,0,unknown,no
29,unemployed,divorced,unknown,no,2405,no,no,cellular,4,nov,114,4,254,2,other,no
47,self-employed,divorced,tertiary,no,5518,yes,no,cellular,12,feb,26,1,-1,0,unknown,no
58,unknown,divorced,unknown,no,1540,yes,no,telephone,7,sep,94,1,-1,0,unknown,no
18,unknown,married,secondary,no,2059,yes,no,cellular,11,aug,289,9,359,4,failure,no
22,self-employed,married,secondary,no,4982,yes,no,cellular,26,sep,548,4,-1,0,unknown,yes
37,self-employed,divorced,tertiary,no,-3224,no,yes,unknown,7,sep,25,4,-1,0,unknown,no
25,blue-collar,divorced,unknown,no,2988,yes,no,cellular,20,jul,200,6,-1,0,unknown,no
60,technician,single,tertiary,no,1388,yes,yes,unknown,3,apr,90,2,-1,0,unknown,no
29,self-employed,single,unknown,no,3126,yes,no,cellular,4,dec,283,6,-1,0,unknown,no
18,services,divorced,secondary,no,-31,yes,no,cellular,2,dec,205,7,-1,0,unknown,no
74,blue-collar,divorced,unknown,no,-1038,no,no,cellular,20,may,674,1,-1,0,unknown,yes
71,management,single,secondary,no,1845,no,no,cellular,15,jul,9,8,-1,0,unknown,no
37,blue-collar,divorced,secondary,no,6385,yes,no,cellular,20,may,163,6,-1,0,unknown,no
45,admin.,single,primary,no,4013,no,no,cellular,12,dec,55,9,-1,0,unknown,no
74,unknown,single,primary,no,-104,yes,no,cellular,21,oct,198,4,-1,0,unknown,no
60,student,single,unknown,no,-2611,no,yes,unknown,17,aug,495,2,-1,0,unknown,yes
54,admin.,married,secondary,no,-3638,no,no,telephone,18,may,625,9,-1,0,unknown,yes
64,services,married,tertiary,no,5383,yes,no,telephone,8,may,131,8,-1,0,unknown,no
54,entrepreneur,divorced,secondary,no,-1450,no,no,cellular,24,may,430,2,-1,0,unknown,yes
29,entrepreneur,single,tertiary,no,443,yes,yes,telephone,8,apr,84,8,-1,0,unknown,no
54,self-employed,married,unknown,no,5398,yes,no,unknown,5,nov,1,8,-1,0,unknown,no
66,management,divorced,unknown,no,-3433,no,no,unknown,24,dec,498,5,-1,0,unknown,yes
66,blue-collar,divorced,tertiary,no,5913,no,yes,unknown,9,nov,32,7,223,1,failure,no
73,entrepreneur,divorced,tertiary,no,659,yes,yes,telephone,30,dec,4,7,52,2,failure,no
61,unemployed,divorced,secondary,no,-2033,no,no,telephone,20,jul,112,4,-1,0,unknown,no
73,self-employed,divorced,unknown,no,678,no,no,telephone,20,feb,123,6,-1,0,unknown,no
45,unemployed,single,secondary,no,-751,yes,no,cellular,23,oct,20,6,-1,0,unknown,no
64,management,divorced,tertiary,no,2749,yes,no,unknown,5,apr,434,6,-1,0,unknown,yes
32,housemaid,single,primary,no,-527,no,no,unknown,27,nov,134,9,-1,0,unknown,no
23,student,married,primary,no,-4329,yes,yes,cellular,10,mar,173,2,-1,0,unknown,no
61,unknown,divorced,primary,no,759,yes,no,telephone,1,oct,79,8,13,3,other,no
37,blue-collar,married,tertiary,no,-2658,no,no,unknown,24,aug,184,8,-1,0,unknown,no
67,student,single,secondary,no,2037,no,no,telephone,4,jul,375,1,-1,0,unknown,yes
31,self-employed,single,unknown,no,-2149,yes,yes,cellular,24,mar,610,2,-1,0,unknown,yes
19,services,married,tertiary,no,-45,no,no,telephone,16,apr,909,4,-1,0,unknown,yes
26,retired,divorced,primary,no,1972,yes,no,cellular,18,apr,143,5,-1,0,unknown,no
54,retired,divorced,secondary,no,783,yes,no,telephone,28,dec,1189,5,-1,0,unknown,yes
37,retired,married,unknown,no,2176,no,no,cellular,12,oct,90,6,-1,0,unknown,no
43,entrepreneur,married,unknown,no,3469,no,yes,unknown,20,jul,1,7,-1,0,unknown,no
46,housemaid,married,tertiary,no,-2061,yes,no,cellular,15,aug,376,1,-1,0,unknown,yes
18,housemaid,divorced,tertiary,no,1229,yes,no,telephone,18,apr,50,7,313,3,failure,no
72,blue-collar,divorced,unknown,no,-8595,no,no,unknown,5,aug,13,6,-1,0,unknown,no
52,blue-collar,divorced,unknown,no,2167,yes,no,telephone,26,jan,664,5,-1,0,unknown,yes
23,housemaid,married,primary,no,517,yes,no,telephone,26,sep,404,6,-1,0,unknown,yes
54,management,divorced,unknown,no,-1536,yes,no,cellular,14,jul,27,8,-1,0,unknown,no
70,blue-collar,single,tertiary,no,2372,no,no,cellular,24,apr,387,6,102,4,other,yes
22,management,married,secondary,no,4951,yes,no,telephone,27,aug,479,5,-1,0,unknown,yes
50,self-employed,divorced,primary,no,-9,yes,no,cellular,7,dec,608,6,167,3,other,yes
66,admin.,married,primary,no,-1419,yes,no,telephone,11,oct,202,9,-1,0,unknown,no
68,unemployed,single,unknown,no,1919,yes,no,cellular,15,feb,313,1,-1,0,unknown,no
31,unknown,single,secondary,no,-2595,yes,no,cellular,21,aug,370,3,-1,0,unknown,yes
29,self-employed,married,primary,no,-564,yes,no,telephone,11,oct,301,3,-1,0,unknown,no
59,student,married,tertiary,no,5101,yes,no,unknown,7,jun,268,9,-1,0,unknown,no
37,blue-collar,single,unknown,no,1610,no,no,cellular,21,jul,204,3,41,2,other,no
70,housemaid,married,tertiary,no,-4232,yes,no,telephone,23,jul,168,6,-1,0,unknown,no
67,unemployed,single,unknown,no,-3984,yes,yes,unknown,20,feb,1432,9,-1,0,unknown,yes
41,unemployed,single,primary,no,1910,no,no,cellular,20,nov,106,5,-1,0,unknown,no
60,technician,divorced,unknown,no,4017,no,yes,cellular,26,feb,23,9,-1,0,unknown,no
51,student,married,secondary,no,-3444,no,no,telephone,4,apr,373,9,-1,0,unknown,no
42,self-employed,married,tertiary,no,2776,yes,no,cellular,27,jun,62,6,-1,0,unknown,no
67,housemaid,divorced,secondary,no,5426,yes,no,telephone,24,apr,196,8,-1,0,unknown,no
46,unknown,single,tertiary,no,7103,no,no,telephone,1,jun,25,9,-1,0,unknown,no
74,housemaid,married,tertiary,no,2419,no,no,cellular,26,may,249,9,-1,0,unknown,no
56,blue-collar,divorced,unknown,no,2947,yes,no,unknown,21,jun,743,8,-1,0,unknown,yes
48,services,divorced,primary,no,-4995,yes,no,cellular,28,sep,330,4,-1,0,unknown,yes
73,admin.,married,primary,no,7741,no,no,unknown,26,jun,62,8,257,2,success,no
64,management,divorced,secondary,no,-308,yes,no,cellular,2,jun,914,2,-1,0,unknown,yes
60,services,single,unknown,no,-1385,yes,yes,unknown,26,nov,94,3,-1,0,unknown,no
67,student,divorced,primary,no,655,yes,yes,cellular,4,nov,148,9,-1,0,unknown,no
40,admin.,single,tertiary,no,5971,no,yes,unknown,5,aug,177,4,-1,0,unknown,no
61,services,single,tertiary,no,8067,no,no,unknown,24,may,1207,2,-1,0,unknown,yes
55,management,married,unknown,no,1800,no,no,cellular,2,may,18,3,234,3,success,no
37,entrepreneur,divorced,secondary,no,4426,yes,no,cellular,2,oct,307,7,-1,0,unknown,no
40,housemaid,single,unknown,no,1553,yes,no,telephone,18,nov,115,9,-1,0,unknown,no
62,services,single,secondary,no,-1699,yes,yes,unknown,30,jan,21,7,-1,0,unknown,no
69,blue-collar,divorced,unknown,no,5866,no,no,cellular,24,jun,705,8,-1,0,unknown,yes
33,unknown,single,tertiary,no,-448,no,no,telephone,28,jan,229,3,-1,0,unknown,no
67,self-employed,divorced,unknown,no,6043,no,yes,cellular,14,nov,361,7,262,4,failure,no
59,retired,married,primary,no,5330,yes,no,unknown,3,aug,70,1,-1,0,unknown,no
72,blue-collar,single,primary,no,3270,no,no,cellular,21,oct,369,6,-1,0,unknown,no
25,management,single,unknown,yes,6926,yes,no,cellular,18,sep,454,3,-1,0,unknown,yes
67,unknown,divorced,secondary,no,8140,yes,no,telephone,22,jun,145,2,-1,0,unknown,no
38,blue-collar,divorced,secondary,no,895,yes,no,cellular,10,sep,218,4,-1,0,unknown,no
18,unemployed,divorced,tertiary,no,-1010,yes,no,telephone,6,feb,921,9,-1,0,unknown,yes
72,housemaid,divorced,tertiary,no,-4186,no,yes,unknown,2,sep,483,6,258,3,failure,yes
25,unknown,single,secondary,no,8177,yes,yes,unknown,31,apr,151,9,-1,0,unknown,no
46,unemployed,married,unknown,no,99,no,no,cellular,20,mar,281,8,-1,0,unknown,no
49,blue-collar,married,tertiary,no,4838,yes,no,telephone,11,jan,395,5,-1,0,unknown,yes
55,admin.,married,secondary,no,-807,yes,yes,unknown,18,jan,6,8,-1,0,unknown,no
22,technician,married,secondary,no,6051,yes,no,cellular,14,aug,229,2,-1,0,unknown,no
64,admin.,divorced,unknown,no,-683,yes,no,cellular,26,feb,1075,8,-1,0,unknown,yes
39,housemaid,single,primary,no,-2162,yes,no,cellular,20,jan,758,1,-1,0,unknown,yes
64,unknown,single,secondary,no,795,yes,no,cellular,13,feb,460,3,-1,0,unknown,yes
51,unknown,single,tertiary,no,-177,yes,no,cellular,29,mar,28,7,-1,0,unknown,no
18,housemaid,divorced,unknown,no,3217,no,yes,telephone,27,apr,1321,4,-1,0,unknown,yes
72,unemployed,single,unknown,no,1268,no,no,cellular,7,nov,242,7,-1,0,unknown,no
72,technician,divorced,unknown,no,3311,no,no,cellular,21,sep,65,1,-1,0,unknown,no
43,blue-collar,single,primary,no,547,yes,no,cellular,26,jul,289,7,-1,0,unknown,no
60,self-employed,married,primary,no,-578,yes,yes,cellular,20,dec,500,3,387,1,failure,yes
27,management,divorced,tertiary,no,-332,yes,no,cellular,31,may,30,2,-1,0,unknown,no
47,admin.,single,tertiary,no,7576,no,yes,cellular,10,may,640,9,-1,0,unknown,yes
67,admin.,married,unknown,no,2100,yes,no,cellular,26,jun,652,2,258,2,failure,yes
35,student,married,tertiary,no,-4546,yes,no,unknown,19,jan,3,3,-1,0,unknown,no
34,retired,married,secondary,no,-142,no,no,unknown,29,jun,594,3,-1,0,unknown,yes
43,student,divorced,primary,no,1714,yes,no,cellular,29,nov,756,4,-1,0,unknown,yes
25,technician,divorced,unknown,no,6975,no,no,telephone,13,jun,9,7,-1,0,unknown,no
64,management,single,unknown,no,4518,yes,no,cellular,22,nov,89,7,-1,0,unknown,no
57,admin.,married,secondary,no,-1350,yes,no,telephone,2,may,120,9,-1,0,unknown,no
66,management,single,secondary,no,8699,no,yes,telephone,20,oct,110,8,-1,0,unknown,no
29,self-employed,single,secondary,no,1329,yes,no,telephone,12,sep,367,6,-1,0,unknown,no
44,blue-collar,married,secondary,no,5173,yes,no,telephone,8,oct,114,6,-1,0,unknown,no
25,unknown,single,unknown,no,-2052,yes,no,telephone,18,oct,809,5,89,1,other,yes
42,management,divorced,primary,no,-5793,no,yes,unknown,25,may,1366,2,-1,0,unknown,yes
63,admin.,single,primary,no,-2814,no,no,cellular,2,sep,98,6,-1,0,unknown,no
21,unemployed,married,secondary,no,-8357,no,no,unknown,16,oct,183,6,-1,0,unknown,no
50,technician,divorced,tertiary,no,7778,no,no,unknown,8,jul,210,5,-1,0,unknown,no
18,housemaid,divorced,unknown,no,2068,yes,no,cellular,16,mar,223,6,147,1,success,no
36,services,single,primary,no,-1359,yes,no,unknown,8,nov,120,5,-1,0,unknown,no
48,entrepreneur,single,secondary,no,2784,yes,no,cellular,23,sep,46,4,-1,0,unknown,no
33,entrepreneur,divorced,tertiary,no,1992,no,yes,cellular,30,oct,14,3,-1,0,unknown,no
31,services,single,tertiary,no,3291,yes,no,cellular,31,jul,29,1,-1,0,unknown,no
70,management,married,secondary,no,5062,no,no,cellular,13,apr,597,4,-1,0,unknown,yes
65,technician,single,unknown,no,550,no,yes,telephone,26,dec,84,9,372,3,other,no
22,management,single,primary,yes,-1224,no,no,telephone,6,sep,20,7,-1,0,unknown,no
58,self-employed,divorced,tertiary,no,3913,yes,no,unknown,1,jun,252,7,-1,0,unknown,no
43,self-employed,single,primary,no,3837,yes,no,cellular,2,sep,20,7,-1,0,unknown,no
45,self-employed,single,primary,no,1726,yes,no,cellular,7,apr,18,4,-1,0,unknown,no
19,housemaid,single,tertiary,no,7975,yes,no,cellular,13,oct,250,7,-1,0,unknown,no
67,technician,married,secondary,no,105,no,no,cellular,27,feb,230,2,-1,0,unknown,no
23,student,single,tertiary,no,-1284,yes,no,telephone,4,sep,10,8,-1,0,unknown,no
26,student,married,tertiary,no,2681,no,no,telephone,9,oct,159,8,-1,0,unknown,no
50,services,married,unknown,no,-607,no,yes,telephone,19,dec,147,9,-1,0,unknown,no
58,self-employed,married,primary,no,2914,no,no,unknown,20,apr,204,5,-1,0,unknown,no
42,self-employed,married,secondary,no,-1083,yes,no,cellular,3,nov,345,8,-1,0,unknown,no
65,management,divorced,primary,no,218,yes,no,telephone,23,feb,85,2,-1,0,unknown,no
30,retired,married,tertiary,no,7112,yes,no,telephone,2,jul,146,8,-1,0,unknown,no
26,admin.,single,secondary,no,202,yes,yes,cellular,16,jul,406,9,-1,0,unknown,yes
70,unemployed,married,secondary,no,-980,yes,yes,telephone,10,may,660,6,-1,0,unknown,yes
30,unknown,single,secondary,no,4945,yes,no,cellular,28,may,572,6,-1,0,unknown,yes
48,unemployed,married,secondary,no,-1739,no,no,cellular,12,aug,167,4,-1,0,unknown,no
58,housemaid,divorced,unknown,no,-662,yes,yes,telephone,18,jun,189,8,-1,0,unknown,no
28,management,married,secondary,no,3157,yes,yes,unknown,2,jan,194,7,-1,0,unknown,no
21,blue-collar,married,tertiary,no,4246,yes,no,cellular,14,nov,523,9,-1,0,unknown,yes
51,self-employed,divorced,unknown,no,5095,no,yes,unknown,12,dec,472,1,-1,0,unknown,yes
55,technician,married,tertiary,no,-825,no,no,telephone,20,apr,96,8,-1,0,unknown,no
63,student,single,tertiary,no,3216,yes,no,cellular,24,jan,45,8,-1,0,unknown,no
21,student,married,primary,no,20,no,no,cellular,24,may,122,9,360,2,other,no
55,management,married,secondary,no,-399,no,yes,telephone,24,may,87,7,196,3,failure,no
36,technician,married,secondary,no,5043,no,no,unknown,8,apr,776,9,-1,0,unknown,yes
23,unknown,divorced,tertiary,no,-230,yes,no,telephone,23,sep,79,8,-1,0,unknown,no
51,retired,married,secondary,no,2260,no,yes,telephone,22,aug,51,9,-1,0,unknown,no
35,unemployed,married,unknown,no,1891,yes,no,telephone,28,oct,592,9,-1,0,unknown,yes
30,admin.,single,primary,no,-1798,no,no,unknown,7,mar,23,1,-1,0,unknown,no
58,unknown,married,secondary,no,4329,yes,no,cellular,13,may,77,3,260,3,success,no
40,unknown,married,secondary,no,3108,no,no,cellular,15,jun,149,6,-1,0,unknown,no
36,unemployed,married,unknown,no,-4553,no,no,telephone,14,may,233,7,-1,0,unknown,no
62,unknown,married,primary,no,2257,yes,no,telephone,5,aug,102,4,-1,0,unknown,no
28,blue-collar,single,unknown,no,-902,no,yes,unknown,8,may,176,2,-1,0,unknown,no
18,blue-collar,single,tertiary,no,4724,yes,no,telephone,18,aug,57,4,-1,0,unknown,no
41,student,divorced,tertiary,no,-2926,yes,no,unknown,5,oct,220,6,-1,0,unknown,no
71,entrepreneur,married,secondary,no,350,yes,no,unknown,23,oct,135,4,156,3,failure,no
24,entrepreneur,divorced,primary,no,2512,no,no,unknown,9,mar,488,2,-1,0,unknown,yes
42,blue-collar,divorced,tertiary,no,1586,yes,no,telephone,10,may,138,9,-1,0,unknown,no
38,services,married,unknown,no,3718,yes,no,cellular,17,apr,151,1,-1,0,unknown,no
32,retired,single,tertiary,no,-3145,no,yes,unknown,27,nov,231,7,-1,0,unknown,no
18,technician,single,tertiary,no,6393,no,no,cellular,25,jun,33,9,-1,0,unknown,no
29,retired,married,unknown,no,3003,no,yes,unknown,3,mar,44,3,-1,0,unknown,no
24,housemaid,married,secondary,no,5514,yes,no,telephone,1,dec,402,6,-1,0,unknown,no
32,unknown,single,primary,no,4053,yes,no,unknown,7,oct,82,9,-1,0,unknown,no
38,admin.,married,secondary,no,1388,yes,no,unknown,15,apr,297,9,-1,0,unknown,no
36,unknown,married,unknown,no,-2441,no,yes,cellular,19,nov,26,4,11,1,failure,no
46,retired,married,tertiary,no,-272,yes,no,telephone,8,apr,445,8,-1,0,unknown,yes
42,student,single,primary,no,6205,yes,no,unknown,11,may,1146,8,-1,0,unknown,yes
50,blue-collar,divorced,secondary,no,5591,no,no,telephone,2,nov,120,7,-1,0,unknown,no
66,self-employed,divorced,unknown,no,-441,yes,no,cellular,31,jun,181,6,-1,0,unknown,no
49,unemployed,married,tertiary,no,-7057,no,no,telephone,20,feb,150,3,-1,0,unknown,no
66,housemaid,single,tertiary,no,783,yes,no,telephone,28,oct,579,4,-1,0,unknown,yes
52,blue-collar,married,secondary,no,557,yes,no,cellular,2,dec,2,9,182,1,failure,no
61,retired,single,unknown,no,671,yes,yes,unknown,11,aug,273,7,390,2,success,yes
55,student,married,tertiary,no,3013,yes,no,unknown,20,apr,272,8,-1,0,unknown,no
43,unemployed,single,tertiary,no,4059,no,no,telephone,28,jul,124,6,241,4,failure,no
28,admin.,single,primary,yes,4402,yes,no,unknown,17,jul,63,1,-1,0,unknown,no
52,self-employed,divorced,tertiary,no,2764,yes,yes,cellular,29,dec,70,9,-1,0,unknown,no
25,retired,married,secondary,no,-3995,no,no,telephone,10,oct,415,3,-1,0,unknown,yes
63,technician,divorced,unknown,no,396,no,no,telephone,5,nov,17,3,-1,0,unknown,no
31,management,divorced,unknown,no,8356,no,no,unknown,3,nov,214,9,-1,0,unknown,no
27,unemployed,single,primary,no,2549,no,no,unknown,9,feb,94,4,-1,0,unknown,no
19,retired,married,unknown,no,2529,no,no,unknown,20,jul,79,8,-1,0,unknown,no
63,student,single,secondary,no,2504,yes,no,telephone,22,dec,181,4,-1,0,unknown,no
26,blue-collar,single,tertiary,no,2672,no,no,unknown,25,jan,588,2,-1,0,unknown,yes
20,technician,single,primary,no,-5747,yes,yes,telephone,2,dec,248,5,199,3,other,no
38,services,married,unknown,no,702,yes,no,unknown,23,feb,400,3,-1,0,unknown,yes
43,unemployed,married,primary,no,1308,yes,no,telephone,19,may,236,4,-1,0,unknown,no
25,self-employed,single,primary,no,5279,yes,no,telephone,17,aug,308,3,-1,0,unknown,yes
65,technician,married,unknown,no,1566,yes,no,telephone,25,dec,146,1,-1,0,unknown,no
19,student,single,primary,no,-3531,yes,no,unknown,25,jul,671,4,-1,0,unknown,yes
23,blue-collar,married,unknown,no,2717,yes,no,unknown,12,mar,179,9,215,4,failure,no
45,retired,married,secondary,no,-995,no,no,cellular,27,oct,207,7,242,4,success,no
70,unknown,divorced,unknown,no,-2238,no,no,telephone,20,sep,192,6,-1,0,unknown,no
46,admin.,single,tertiary,no,-1086,no,no,unknown,9,dec,98,9,246,4,success,no
43,student,divorced,unknown,no,3055,no,no,cellular,23,may,67,4,190,1,success,no
42,self-employed,divorced,tertiary,no,5210,yes,no,cellular,4,mar,19,6,-1,0,unknown,no
29,unknown,single,primary,no,2876,no,no,unknown,28,jul,326,3,-1,0,unknown,no
22,self-employed,single,unknown,no,3324,yes,no,telephone,18,apr,88,3,-1,0,unknown,no
51,management,married,tertiary,no,2846,yes,yes,cellular,16,jan,127,8,-1,0,unknown,no
65,self-employed,single,unknown,no,1727,yes,no,cellular,29,may,651,5,-1,0,unknown,yes
54,technician,divorced,unknown,no,3520,yes,no,telephone,21,nov,215,8,83,2,success,no
32,management,divorced,unknown,no,-5855,yes,yes,unknown,24,aug,26,9,-1,0,unknown,no
61,admin.,single,secondary,yes,1757,yes,no,telephone,10,dec,414,2,-1,0,unknown,yes
53,technician,divorced,tertiary,no,-1721,yes,no,telephone,26,apr,76,7,-1,0,unknown,no
32,entrepreneur,married,secondary,no,4922,yes,no,unknown,22,jul,207,2,-1,0,unknown,no
60,blue-collar,divorced,secondary,no,980,yes,no,cellular,12,aug,184,7,-1,0,unknown,no
65,technician,married,tertiary,no,1516,no,no,telephone,30,sep,70,3,-1,0,unknown,no
40,student,divorced,unknown,no,-3105,yes,yes,cellular,28,nov,31,8,-1,0,unknown,no
23,blue-collar,married,secondary,no,4482,yes,no,cellular,11,sep,61,4,-1,0,unknown,no
63,unknown,married,secondary,no,3310,no,no,cellular,5,may,26,9,-1,0,unknown,no
67,housemaid,single,secondary,no,3098,no,yes,unknown,20,jun,83,4,-1,0,unknown,no
61,unemployed,married,unknown,no,-1023,yes,no,cellular,11,jul,1525,2,-1,0,unknown,yes
60,housemaid,single,secondary,no,-904,no,no,telephone,16,oct,132,4,150,4,success,no
62,retired,divorced,primary,no,2095,yes,no,telephone,15,feb,514,5,-1,0,unknown,yes
38,unemployed,divorced,tertiary,no,-666,yes,no,telephone,6,sep,205,8,-1,0,unknown,no
40,self-employed,divorced,primary,no,2731,yes,no,unknown,13,jan,283,3,-1,0,unknown,no
60,unemployed,married,unknown,no,-5079,no,no,telephone,16,jun,43,9,-1,0,unknown,no
72,student,divorced,secondary,no,-44,yes,no,unknown,27,jun,82,9,-1,0,unknown,no
33,student,divorced,tertiary,no,6829,no,no,cellular,3,jul,184,3,-1,0,unknown,no
64,services,single,secondary,no,2745,yes,no,cellular,18,feb,549,8,-1,0,unknown,yes
70,unemployed,single,unknown,no,1924,no,no,unknown,1,jun,11,6,-1,0,unknown,no
32,admin.,divorced,tertiary,no,7396,yes,yes,unknown,25,jun,182,6,-1,0,unknown,no
42,housemaid,divorced,primary,no,-5605,yes,no,unknown,17,sep,13,2,-1,0,unknown,no
53,unknown,married,tertiary,no,-1030,yes,no,cellular,27,aug,157,8,-1,0,unknown,no
28,blue-collar,married,secondary,no,215,no,no,unknown,20,may,255,7,-1,0,unknown,no
68,retired,divorced,tertiary,no,4005,yes,no,cellular,6,jul,352,2,-1,0,unknown,no
32,unemployed,single,unknown,no,4057,no,no,cellular,9,jul,38,4,96,4,success,no
21,retired,divorced,unknown,no,-1182,no,no,telephone,4,may,47,5,-1,0,unknown,no
38,unknown,married,tertiary,no,4425,yes,no,cellular,7,jul,163,9,-1,0,unknown,no
30,retired,single,unknown,no,209,no,no,unknown,23,mar,1608,2,-1,0,unknown,yes
39,self-employed,single,unknown,no,5068,no,yes,unknown,29,jul,113,7,-1,0,unknown,no
36,unknown,married,unknown,no,-1684,yes,no,unknown,30,jun,143,5,-1,0,unknown,no
51,self-employed,divorced,primary,no,1051,yes,no,cellular,22,dec,146,2,181,2,failure,no
31,unemployed,divorced,secondary,no,-51,yes,yes,cellular,25,jun,21,3,-1,0,unknown,no
21,unknown,divorced,unknown,no,4600,yes,no,telephone,11,feb,383,5,-1,0,unknown,yes
65,unemployed,married,tertiary,no,-150,yes,no,telephone,26,feb,75,1,-1,0,unknown,no
70,self-employed,single,unknown,no,1295,yes,no,unknown,23,jul,313,7,-1,0,unknown,no
69,services,married,primary,no,2947,no,no,cellular,3,jan,166,1,-1,0,unknown,no
63,services,divorced,tertiary,no,3063,yes,no,unknown,16,sep,244,6,-1,0,unknown,no
44,unknown,married,secondary,no,4091,no,no,unknown,6,mar,14,6,327,2,other,no
46,student,single,tertiary,no,2058,yes,no,unknown,7,jun,569,1,-1,0,unknown,yes
64,services,married,tertiary,no,164,yes,no,telephone,12,mar,72,7,330,2,other,no
45,blue-collar,divorced,tertiary,no,370,no,no,unknown,7,dec,286,8,-1,0,unknown,no
52,student,single,tertiary,no,1500,no,no,telephone,29,sep,412,3,-1,0,unknown,yes
25,blue-collar,married,unknown,no,2174,yes,no,cellular,22,oct,200,1,-1,0,unknown,no
33,services,married,secondary,no,980,yes,no,unknown,19,dec,106,2,-1,0,unknown,no
59,services,single,unknown,no,1480,yes,yes,telephone,22,jul,983,1,316,1,other,yes
53,entrepreneur,single,primary,no,-3142,no,no,cellular,16,jan,84,9,-1,0,unknown,no
47,entrepreneur,divorced,primary,no,3431,yes,no,telephone,18,apr,766,4,-1,0,unknown,yes
35,unemployed,single,tertiary,no,1967,no,no,unknown,31,may,43,7,233,4,other,no
19,unknown,divorced,unknown,no,4437,no,yes,cellular,10,jul,127,5,-1,0,unknown,no
66,management,married,unknown,no,1423,yes,no,cellular,29,jul,38,9,-1,0,unknown,no
30,management,divorced,secondary,no,-3807,yes,yes,cellular,1,may,0,9,-1,0,unknown,no
21,services,married,secondary,no,344,yes,no,telephone,8,dec,77,6,-1,0,unknown,no
43,retired,single,secondary,no,821,yes,no,telephone,3,jan,23,5,-1,0,unknown,no
42,services,married,unknown,no,3658,yes,no,telephone,30,may,1107,1,-1,0,unknown,yes
47,entrepreneur,single,secondary,no,-4806,yes,no,cellular,16,may,369,4,-1,0,unknown,yes
28,unemployed,married,secondary,no,1546,no,yes,unknown,24,apr,0,5,-1,0,unknown,no
24,services,married,secondary,no,2968,yes,no,unknown,3,jun,65,9,-1,0,unknown,no
48,housemaid,married,tertiary,no,-567,no,no,cellular,2,aug,286,2,-1,0,unknown,no
61,student,married,primary,no,1647,yes,no,unknown,12,oct,131,2,-1,0,unknown,no
27,retired,divorced,primary,no,-463,yes,no,cellular,8,may,459,3,-1,0,unknown,yes
56,housemaid,married,unknown,no,-772,no,no,unknown,19,aug,181,3,-1,0,unknown,no
30,unemployed,divorced,unknown,no,194,no,yes,unknown,31,dec,273,7,-1,0,unknown,no
48,unemployed,single,tertiary,no,-715,yes,no,unknown,24,may,234,1,-1,0,unknown,no
24,blue-collar,single,primary,no,3480,no,no,telephone,18,mar,262,2,173,3,other,no
73,technician,divorced,secondary,no,-788,no,no,telephone,20,aug,67,1,-1,0,unknown,no
66,housemaid,single,secondary,no,-1293,no,no,cellular,25,dec,120,9,-1,0,unknown,no
59,blue-collar,single,unknown,no,6742,yes,no,telephone,15,apr,13,9,-1,0,unknown,no
59,entrepreneur,married,primary,no,4313,no,no,cellular,17,mar,228,3,343,1,other,no
73,admin.,married,unknown,no,-4178,no,no,telephone,18,mar,158,3,-1,0,unknown,no
53,retired,married,unknown,no,-878,no,yes,unknown,31,jun,368,1,-1,0,unknown,yes
37,student,divorced,secondary,no,2152,no,no,telephone,18,aug,59,5,-1,0,unknown,no
21,admin.,divorced,secondary,no,2397,no,no,telephone,9,oct,148,3,-1,0,unknown,no
71,unknown,single,primary,no,-3061,yes,no,telephone,26,may,51,2,390,4,failure,no
24,self-employed,married,unknown,no,4909,yes,no,cellular,31,jan,245,3,-1,0,unknown,no
71,entrepreneur,divorced,tertiary,no,3906,yes,no,cellular,5,jan,486,8,-1,0,unknown,yes
18,entrepreneur,divorced,primary,no,2873,yes,no,unknown,11,mar,374,8,-1,0,unknown,yes
61,admin.,married,unknown,no,5505,yes,no,unknown,29,dec,744,1,-1,0,unknown,yes
73,housemaid,divorced,primary,no,2783,no,no,unknown,4,dec,919,2,-1,0,unknown,yes
62,technician,married,primary,no,2772,yes,no,telephone,26,jun,381,1,-1,0,unknown,no
59,student,single,primary,no,6110,no,yes,unknown,10,feb,87,8,-1,0,unknown,no
64,housemaid,single,tertiary,no,4736,no,no,cellular,31,jan,63,1,-1,0,unknown,no
30,admin.,single,tertiary,no,-1109,yes,no,unknown,4,jul,153,6,-1,0,unknown,no
72,student,married,secondary,no,3328,no,no,unknown,23,dec,1314,8,-1,0,unknown,yes
39,unknown,divorced,secondary,no,-575,yes,no,unknown,3,feb,137,8,-1,0,unknown,no
71,housemaid,single,unknown,no,2940,no,no,unknown,25,aug,57,7,-1,0,unknown,no
38,management,single,primary,no,2857,no,yes,unknown,16,feb,745,8,-1,0,unknown,yes
39,housemaid,single,unknown,no,-2739,yes,no,cellular,21,nov,125,8,-1,0,unknown,no
45,unemployed,divorced,secondary,no,1056,yes,no,telephone,11,jan,302,3,-1,0,unknown,no
26,self-employed,divorced,tertiary,no,2221,yes,no,unknown,9,oct,400,2,-1,0,unknown,yes
43,blue-collar,married,secondary,no,110,no,yes,telephone,1,feb,477,4,-1,0,unknown,yes
26,retired,single,unknown,no,2369,no,no,unknown,10,feb,444,5,-1,0,unknown,yes
32,self-employed,divorced,secondary,no,3847,yes,no,telephone,12,jul,466,2,-1,0,unknown,yes
27,housemaid,married,unknown,no,1330,no,no,cellular,30,jan,284,8,-1,0,unknown,yes
41,technician,single,unknown,no,2098,yes,no,telephone,24,mar,133,8,-1,0,unknown,no
74,self-employed,divorced,unknown,no,5585,yes,no,unknown,2,may,283,4,-1,0,unknown,no
59,student,divorced,unknown,no,2846,no,no,telephone,15,dec,467,5,-1,0,unknown,yes
25,technician,married,secondary,no,2027,yes,no,telephone,30,jul,111,5,362,1,other,no
41,self-employed,single,unknown,no,-1459,no,no,unknown,24,jun,90,5,-1,0,unknown,no
33,student,single,unknown,no,3442,no,no,telephone,20,aug,108,9,-1,0,unknown,no
66,housemaid,divorced,primary,no,2416,no,no,unknown,16,jan,206,9,214,4,other,no
43,student,single,unknown,no,5285,yes,no,cellular,2,jul,13,4,-1,0,unknown,no
44,services,married,secondary,no,1564,yes,no,unknown,13,sep,389,1,-1,0,unknown,yes
54,entrepreneur,divorced,unknown,no,-4042,yes,no,cellular,18,jul,38,8,-1,0,unknown,no
21,self-employed,divorced,tertiary,no,-3692,no,no,telephone,29,jun,36,1,-1,0,unknown,no
67,housemaid,married,tertiary,no,3636,no,no,unknown,22,sep,56,7,-1,0,unknown,no
41,entrepreneur,divorced,unknown,no,-292,yes,no,telephone,19,apr,221,4,-1,0,unknown,no
36,management,single,tertiary,no,2737,no,no,cellular,11,dec,86,1,342,1,failure,no
53,student,single,tertiary,no,1766,yes,no,cellular,14,oct,118,4,-1,0,unknown,no
56,admin.,divorced,secondary,no,920,yes,no,telephone,30,jun,692,7,-1,0,unknown,yes
27,management,married,primary,no,1133,yes,no,unknown,26,jun,484,8,244,1,success,yes
42,housemaid,married,tertiary,no,-1180,yes,no,unknown,3,oct,493,2,-1,0,unknown,yes
35,technician,single,tertiary,no,1375,yes,no,unknown,9,mar,222,9,-1,0,unknown,no
36,services,married,primary,no,-335,yes,yes,unknown,5,jul,519,5,-1,0,unknown,yes
53,unknown,divorced,primary,no,302,no,no,cellular,14,jan,388,8,-1,0,unknown,yes
27,entrepreneur,divorced,tertiary,no,449,no,no,unknown,7,nov,790,2,-1,0,unknown,yes
50,blue-collar,single,unknown,no,740,yes,yes,telephone,12,aug,17,2,-1,0,unknown,no
72,entrepreneur,single,tertiary,no,4197,no,yes,cellular,21,aug,7,4,-1,0,unknown,no
67,unemployed,single,unknown,no,1032,no,no,telephone,18,aug,49,4,-1,0,unknown,no
22,retired,married,unknown,no,4503,yes,no,telephone,11,sep,682,3,-1,0,unknown,yes
64,housemaid,divorced,unknown,no,6050,no,yes,telephone,27,apr,240,5,-1,0,unknown,no
66,management,divorced,primary,no,3995,no,yes,cellular,24,jun,143,2,-1,0,unknown,no
52,blue-collar,divorced,tertiary,no,3031,no,no,unknown,9,nov,185,1,-1,0,unknown,no
61,technician,single,tertiary,no,2406,no,no,telephone,11,dec,456,4,-1,0,unknown,yes
51,technician,divorced,secondary,no,4026,no,no,telephone,18,jul,682,6,-1,0,unknown,yes
50,technician,married,primary,no,1691,yes,no,unknown,2,feb,337,6,-1,0,unknown,yes
72,unknown,married,secondary,no,4385,no,no,unknown,20,jun,368,2,-1,0,unknown,yes
38,unemployed,divorced,secondary,no,3270,yes,no,unknown,13,aug,99,6,-1,0,unknown,no
34,technician,single,unknown,no,340,no,no,unknown,15,apr,162,4,-1,0,unknown,no
39,student,divorced,primary,no,4118,yes,yes,telephone,8,may,558,1,-1,0,unknown,yes
65,technician,married,secondary,no,1698,yes,no,cellular,5,aug,397,1,68,1,success,yes
54,housemaid,married,tertiary,no,1103,no,no,unknown,5,mar,297,2,235,3,failure,yes
32,unemployed,married,secondary,no,-9,yes,no,unknown,7,jun,17,4,-1,0,unknown,no
52,self-employed,divorced,primary,no,1922,no,yes,telephone,12,jan,10,8,-1,0,unknown,no
45,services,married,tertiary,no,4421,yes,no,unknown,20,apr,36,3,-1,0,unknown,no
24,services,single,tertiary,no,4097,no,no,telephone,12,jun,224,5,53,4,success,no
49,unemployed,divorced,tertiary,no,2486,yes,no,telephone,9,mar,198,3,27,1,success,no
28,retired,divorced,unknown,no,3227,yes,no,telephone,4,jan,737,8,-1,0,unknown,yes
27,unknown,married,tertiary,no,5249,yes,no,telephone,8,jun,306,4,36,1,success,yes
26,blue-collar,married,unknown,no,971,no,yes,unknown,19,mar,89,8,100,2,failure,no
31,student,single,unknown,no,-1933,no,no,cellular,22,aug,45,8,-1,0,unknown,no
30,entrepreneur,divorced,secondary,no,5338,no,no,unknown,1,jul,488,9,-1,0,unknown,yes
74,housemaid,married,secondary,no,-171,no,no,cellular,23,nov,158,2,-1,0,unknown,no
42,admin.,single,tertiary,no,-654,no,no,unknown,11,jul,273,7,-1,0,unknown,no
19,services,married,primary,no,-3981,no,no,telephone,23,dec,214,1,-1,0,unknown,no
52,self-employed,divorced,tertiary,yes,3141,yes,no,unknown,13,aug,29,4,-1,0,unknown,no
24,unemployed,married,secondary,no,-3455,yes,no,telephone,18,jul,15,4,-1,0,unknown,no
38,blue-collar,divorced,tertiary,no,-834,yes,no,unknown,21,may,122,4,179,1,failure,no
35,unemployed,married,secondary,no,3193,yes,no,telephone,20,oct,115,7,14,3,other,no
20,entrepreneur,divorced,tertiary,no,3595,yes,no,cellular,10,aug,289,5,-1,0,unknown,no
59,blue-collar,single,primary,no,-537,yes,no,telephone,13,aug,258,5,-1,0,unknown,no
71,services,divorced,tertiary,no,1019,no,no,unknown,25,nov,895,3,-1,0,unknown,yes
56,technician,single,primary,no,-1202,no,no,telephone,12,aug,503,5,-1,0,unknown,yes
58,student,divorced,primary,no,-227,no,no,cellular,13,dec,177,5,-1,0,unknown,no
66,unemployed,single,tertiary,no,2224,no,no,cellular,2,oct,178,8,-1,0,unknown,no
28,student,married,primary,no,-86,yes,no,unknown,3,jun,289,2,-1,0,unknown,yes
56,student,divorced,primary,no,688,yes,no,telephone,29,feb,31,8,193,2,other,no
41,student,married,secondary,no,-2984,yes,no,unknown,17,aug,2353,4,-1,0,unknown,yes
63,self-employed,single,secondary,no,4832,yes,yes,telephone,26,oct,188,9,-1,0,unknown,no
36,admin.,divorced,primary,no,2957,yes,no,cellular,21,jan,620,8,-1,0,unknown,yes
21,services,divorced,unknown,no,3808,yes,no,unknown,19,sep,882,5,328,3,success,yes
43,student,married,tertiary,no,5305,yes,no,cellular,12,sep,224,5,-1,0,unknown,no
55,self-employed,divorced,primary,no,-1060,no,no,telephone,16,jun,28,9,-1,0,unknown,no
59,management,divorced,tertiary,no,344,no,no,cellular,20,oct,219,5,105,4,success,no
49,admin.,married,secondary,no,-4278,yes,no,telephone,31,jun,234,9,-1,0,unknown,no
56,retired,divorced,tertiary,no,10872,yes,no,unknown,20,jun,401,6,242,3,other,yes
62,unknown,married,primary,no,972,no,no,telephone,22,nov,12,1,-1,0,unknown,no
63,services,married,primary,no,4548,yes,no,telephone,10,apr,162,8,365,3,success,no
53,technician,married,primary,no,-2302,yes,no,unknown,23,jan,660,1,-1,0,unknown,yes
57,services,married,primary,no,4421,yes,no,unknown,23,jan,1224,2,-1,0,unknown,yes
54,entrepreneur,married,unknown,no,7012,yes,no,cellular,15,jan,54,6,-1,0,unknown,no
50,blue-collar,single,unknown,no,1241,yes,no,telephone,30,may,527,5,-1,0,unknown,yes
53,unemployed,single,unknown,no,-1618,no,no,telephone,31,jul,40,2,-1,0,unknown,no
20,student,married,primary,no,1005,yes,yes,cellular,27,jan,474,6,-1,0,unknown,yes
26,blue-collar,single,unknown,no,-5277,yes,no,telephone,8,jan,83,7,-1,0,unknown,no
25,blue-collar,single,tertiary,no,1308,yes,no,telephone,19,dec,828,3,-1,0,unknown,yes
50,student,divorced,primary,no,3893,no,no,unknown,5,nov,306,8,-1,0,unknown,no
23,services,married,secondary,no,1315,yes,no,unknown,12,dec,131,4,-1,0,unknown,no
58,student,single,primary,no,568,yes,yes,unknown,10,jun,85,9,-1,0,unknown,no
56,entrepreneur,divorced,tertiary,no,3010,no,yes,cellular,22,nov,69,7,-1,0,unknown,no
21,student,divorced,unknown,no,3240,yes,no,unknown,14,feb,294,3,-1,0,unknown,no
30,unemployed,married,primary,no,-3571,yes,no,cellular,28,feb,583,5,-1,0,unknown,yes
66,unemployed,married,unknown,no,1690,yes,no,unknown,22,dec,362,9,-1,0,unknown,no
19,blue-collar,divorced,primary,no,8752,no,no,telephone,12,jul,464,9,356,1,other,yes
22,retired,married,tertiary,no,-2594,no,yes,telephone,24,sep,392,8,-1,0,unknown,yes
61,unknown,married,primary,no,1165,yes,yes,unknown,13,aug,998,8,102,4,failure,yes
44,entrepreneur,divorced,unknown,no,7265,yes,no,unknown,21,feb,365,9,-1,0,unknown,yes
49,retired,divorced,unknown,no,4745,yes,no,cellular,21,jul,60,5,315,3,failure,no
38,housemaid,married,tertiary,no,-121,no,no,telephone,17,may,404,9,194,4,success,yes
25,housemaid,single,primary,no,2043,yes,no,unknown,1,nov,100,6,-1,0,unknown,no
55,admin.,married,secondary,no,1416,no,no,unknown,22,oct,1411,6,-1,0,unknown,yes
25,blue-collar,single,primary,no,-827,no,yes,telephone,10,dec,121,6,-1,0,unknown,no
67,unemployed,divorced,tertiary,no,1199,no,no,unknown,26,apr,89,7,-1,0,unknown,no
20,services,single,secondary,no,580,no,no,telephone,5,dec,70,9,-1,0,unknown,no
71,unemployed,divorced,tertiary,no,1762,no,no,unknown,11,oct,277,3,-1,0,unknown,no
61,self-employed,married,primary,no,-828,yes,no,telephone,10,apr,29,6,-1,0,unknown,no
20,self-employed,married,secondary,no,-2418,yes,no,cellular,6,apr,791,5,-1,0,unknown,yes
39,unemployed,divorced,tertiary,no,1298,yes,no,unknown,15,sep,89,4,-1,0,unknown,no
23,self-employed,divorced,unknown,no,6583,yes,no,unknown,9,jul,90,8,-1,0,unknown,no
19,technician,divorced,secondary,no,1670,no,no,unknown,8,jul,12,3,-1,0,unknown,no
40,unemployed,married,secondary,no,425,yes,no,cellular,23,apr,72,2,-1,0,unknown,no
61,admin.,married,tertiary,no,3692,no,yes,unknown,23,sep,140,4,-1,0,unknown,no
19,retired,single,unknown,no,946,yes,yes,unknown,6,aug,119,3,-1,0,unknown,no
55,housemaid,divorced,secondary,yes,7043,no,no,telephone,6,oct,82,7,-1,0,unknown,no
34,unemployed,single,tertiary,no,1411,yes,yes,unknown,17,apr,10,4,-1,0,unknown,no
52,unemployed,married,secondary,no,3530,yes,no,unknown,12,jun,92,9,-1,0,unknown,no
51,self-employed,single,secondary,no,-847,yes,no,telephone,7,apr,388,5,-1,0,unknown,yes
40,student,single,secondary,no,2936,no,no,cellular,5,jan,149,3,349,4,other,no
47,technician,married,unknown,no,2250,yes,no,cellular,16,may,88,2,-1,0,unknown,no
69,entrepreneur,married,primary,no,1252,yes,no,telephone,23,oct,93,6,-1,0,unknown,no
25,services,divorced,primary,no,-86,yes,no,cellular,6,nov,208,6,-1,0,unknown,no
39,entrepreneur,single,unknown,no,-496,no,no,cellular,8,mar,92,1,-1,0,unknown,no
61,services,married,unknown,no,2272,yes,no,unknown,3,jan,257,7,123,3,failure,no
53,unknown,married,tertiary,no,3315,no,no,unknown,8,feb,1174,5,-1,0,unknown,yes
22,unemployed,single,secondary,no,1040,yes,no,unknown,29,feb,10,7,-1,0,unknown,no
30,technician,married,unknown,no,2287,yes,yes,cellular,7,aug,47,4,-1,0,unknown,no
46,management,divorced,tertiary,no,1308,no,no,unknown,17,apr,50,5,-1,0,unknown,no
48,self-employed,divorced,primary,no,1719,yes,no,cellular,19,mar,152,7,-1,0,unknown,no
64,blue-collar,single,primary,no,819,no,no,unknown,26,apr,10,6,-1,0,unknown,no
74,self-employed,divorced,primary,no,1477,yes,no,cellular,20,oct,167,1,-1,0,unknown,no
72,housemaid,married,primary,no,9541,no,yes,telephone,14,jan,682,1,-1,0,unknown,yes
33,retired,married,tertiary,no,2360,no,yes,telephone,25,jan,3,2,-1,0,unknown,no
59,housemaid,married,secondary,no,3364,no,no,unknown,28,may,117,3,136,4,success,no
47,retired,married,tertiary,no,2741,yes,no,cellular,6,jul,369,1,-1,0,unknown,no
74,unknown,single,secondary,no,632,yes,yes,telephone,31,sep,43,2,-1,0,unknown,no
72,entrepreneur,divorced,primary,no,5316,no,no,telephone,7,jul,20,2,-1,0,unknown,no
33,admin.,divorced,unknown,no,546,no,no,unknown,30,nov,257,7,280,1,failure,no
29,unemployed,married,unknown,no,4597,yes,yes,unknown,5,may,2,6,-1,0,unknown,no
34,management,single,unknown,no,417,yes,no,cellular,19,mar,417,9,-1,0,unknown,yes
33,retired,married,secondary,no,-1465,yes,no,telephone,21,aug,17,5,-1,0,unknown,no
29,blue-collar,married,primary,no,2522,no,yes,cellular,28,dec,191,3,-1,0,unknown,no
25,retired,single,tertiary,no,-1900,yes,no,cellular,7,jul,347,1,-1,0,unknown,no
37,student,single,unknown,no,3034,yes,no,unknown,9,apr,71,1,-1,0,unknown,no
20,admin.,married,secondary,no,-2170,yes,no,cellular,12,jan,28,2,317,2,success,no
33,student,divorced,unknown,no,463,yes,no,cellular,25,mar,49,3,-1,0,unknown,no
47,housemaid,married,tertiary,no,-2885,yes,no,telephone,15,nov,497,5,-1,0,unknown,yes
62,technician,divorced,primary,no,9920,no,no,cellular,15,aug,315,7,-1,0,unknown,no
40,housemaid,divorced,tertiary,no,-3553,yes,no,telephone,28,feb,56,4,-1,0,unknown,no
45,unknown,single,primary,no,1452,no,no,telephone,24,sep,324,6,-1,0,unknown,yes
68,technician,single,primary,no,4863,yes,no,cellular,21,apr,318,6,-1,0,unknown,yes
57,housemaid,married,primary,no,4541,yes,no,cellular,16,jul,1570,2,-1,0,unknown,yes
71,blue-collar,divorced,unknown,no,3984,yes,no,telephone,23,oct,128,6,73,3,success,no
22,self-employed,divorced,tertiary,yes,468,no,no,cellular,20,dec,516,5,-1,0,unknown,yes
37,housemaid,married,unknown,no,5488,no,no,telephone,26,jul,152,6,-1,0,unknown,no
57,blue-collar,married,tertiary,no,4171,yes,no,cellular,15,dec,588,4,-1,0,unknown,yes
73,blue-collar,married,secondary,no,2061,yes,no,telephone,5,aug,24,1,-1,0,unknown,no
61,self-employed,single,secondary,no,2146,no,yes,telephone,12,jul,49,9,-1,0,unknown,no
18,technician,married,tertiary,no,508,no,no,unknown,4,nov,489,3,-1,0,unknown,yes
74,entrepreneur,married,tertiary,no,-1314,yes,no,cellular,3,apr,441,1,-1,0,unknown,yes
47,services,divorced,tertiary,no,5145,no,yes,telephone,31,dec,94,4,-1,0,unknown,no
38,unemployed,married,tertiary,no,5371,yes,no,telephone,29,jul,234,7,-1,0,unknown,no
37,retired,divorced,primary,no,-1237,yes,no,cellular,27,may,124,4,-1,0,unknown,no
23,services,divorced,unknown,no,960,yes,no,cellular,29,dec,2,4,-1,0,unknown,no
39,admin.,single,primary,no,991,yes,no,cellular,1,oct,6,9,-1,0,unknown,no
35,entrepreneur,married,unknown,no,1324,no,no,unknown,13,jul,14,6,-1,0,unknown,no
25,services,married,unknown,no,1616,yes,no,cellular,5,mar,232,9,-1,0,unknown,no
56,technician,divorced,unknown,no,4272,no,yes,unknown,12,oct,84,2,338,1,other,no
49,admin.,single,primary,no,-825,no,no,cellular,2,nov,40,7,-1,0,unknown,no
50,management,single,tertiary,no,-1123,yes,no,unknown,6,jul,730,7,276,4,success,yes
70,entrepreneur,married,primary,no,5143,yes,no,cellular,5,jul,33,8,-1,0,unknown,no
33,services,divorced,primary,no,30,no,no,unknown,27,feb,289,9,-1,0,unknown,yes
29,admin.,married,unknown,no,-2377,yes,no,telephone,18,aug,579,8,-1,0,unknown,yes
55,management,married,secondary,yes,-36,yes,no,unknown,24,jul,46,2,-1,0,unknown,no
69,housemaid,married,secondary,no,429,yes,no,unknown,5,sep,62,3,-1,0,unknown,no
51,admin.,married,primary,no,6101,yes,no,telephone,18,dec,220,2,-1,0,unknown,no
31,student,divorced,unknown,no,4205,no,no,cellular,16,apr,183,1,-1,0,unknown,no
53,self-employed,single,primary,no,4875,no,yes,telephone,17,sep,189,7,-1,0,unknown,no
50,technician,married,primary,no,3890,yes,no,telephone,2,jan,208,8,-1,0,unknown,no
40,housemaid,married,tertiary,no,4270,yes,no,telephone,17,may,772,5,-1,0,unknown,yes
67,technician,married,unknown,no,-647,no,no,unknown,10,oct,14,9,-1,0,unknown,no
62,services,married,secondary,no,825,yes,no,telephone,26,jul,368,4,-1,0,unknown,yes
19,unemployed,single,secondary,no,-1555,yes,no,cellular,3,apr,68,1,229,4,success,no
58,services,single,secondary,no,789,no,no,unknown,14,jul,120,4,-1,0,unknown,no
38,housemaid,single,primary,no,3481,no,no,unknown,19,dec,24,5,-1,0,unknown,no
19,blue-collar,single,unknown,no,1827,yes,no,telephone,12,sep,152,8,-1,0,unknown,no
44,services,married,tertiary,no,5369,yes,yes,unknown,26,may,420,5,-1,0,unknown,yes
74,housemaid,divorced,secondary,no,-2011,yes,no,cellular,1,may,26,9,-1,0,unknown,no
26,admin.,single,unknown,no,2928,yes,no,unknown,7,feb,83,6,132,2,other,no
18,unknown,single,secondary,no,-2333,no,no,telephone,26,may,120,8,161,4,other,no
28,services,married,tertiary,no,1706,yes,no,telephone,7,aug,28,3,-1,0,unknown,no
20,admin.,married,unknown,no,3650,yes,no,telephone,13,apr,370,3,-1,0,unknown,no
69,technician,married,primary,no,777,yes,yes,unknown,9,feb,398,9,-1,0,unknown,yes
40,student,married,primary,no,3081,no,yes,telephone,5,aug,466,6,-1,0,unknown,yes
43,entrepreneur,divorced,secondary,no,-1464,yes,no,unknown,4,apr,226,4,-1,0,unknown,no
21,unemployed,divorced,secondary,no,-3583,yes,no,telephone,5,may,182,8,-1,0,unknown,no
35,technician,single,unknown,no,3099,no,no,telephone,24,dec,78,4,-1,0,unknown,no
72,technician,divorced,tertiary,no,6670,yes,no,telephone,24,jul,274,4,-1,0,unknown,no
23,housemaid,single,secondary,no,-1574,yes,no,cellular,28,nov,151,7,-1,0,unknown,no
52,blue-collar,single,unknown,no,5100,yes,no,cellular,20,may,911,7,-1,0,unknown,yes
39,retired,divorced,tertiary,no,1553,yes,no,telephone,12,oct,889,8,-1,0,unknown,yes
60,unknown,single,secondary,no,-2596,yes,no,telephone,8,apr,607,7,-1,0,unknown,yes
32,blue-collar,married,secondary,no,-1981,yes,yes,unknown,13,jul,115,8,-1,0,unknown,no
39,housemaid,single,unknown,no,1470,yes,no,unknown,4,apr,118,8,232,2,other,no
54,self-employed,married,secondary,no,205,yes,no,cellular,20,oct,494,7,-1,0,unknown,yes
69,unemployed,divorced,primary,no,-2527,yes,no,unknown,11,dec,336,1,-1,0,unknown,no
59,unknown,divorced,tertiary,no,-3674,yes,no,unknown,15,apr,314,4,212,4,other,no
29,unknown,single,tertiary,yes,-1124,yes,no,unknown,24,feb,84,3,-1,0,unknown,no
64,housemaid,married,primary,no,2006,yes,no,unknown,14,may,462,9,-1,0,unknown,yes
66,management,single,unknown,no,1403,no,no,cellular,18,aug,223,8,-1,0,unknown,no
59,technician,divorced,primary,no,-85,yes,no,cellular,20,apr,152,9,-1,0,unknown,no
55,student,single,primary,no,2030,yes,no,unknown,1,nov,517,5,-1,0,unknown,yes
35,entrepreneur,single,tertiary,no,4552,no,no,unknown,1,feb,129,5,-1,0,unknown,no
62,management,married,unknown,no,2608,yes,yes,cellular,11,sep,273,5,-1,0,unknown,no
52,housemaid,divorced,secondary,no,1057,no,no,telephone,29,jun,161,2,-1,0,unknown,no
47,management,single,primary,no,4215,no,no,unknown,29,mar,231,7,-1,0,unknown,no
41,entrepreneur,married,primary,no,-1465,no,no,telephone,29,oct,10,8,-1,0,unknown,no
59,housemaid,single,unknown,no,746,no,no,unknown,24,nov,159,5,-1,0,unknown,no
47,housemaid,married,primary,no,817,yes,no,cellular,20,may,209,8,-1,0,unknown,no
31,unknown,married,unknown,no,-2298,no,no,unknown,30,jun,175,6,-1,0,unknown,no
23,management,single,secondary,no,159,yes,no,telephone,31,sep,485,4,-1,0,unknown,yes
20,admin.,divorced,unknown,no,-4820,yes,no,cellular,6,may,96,7,-1,0,unknown,no
33,services,divorced,secondary,no,7176,no,no,unknown,5,sep,555,8,356,3,other,yes
24,housemaid,married,unknown,no,-1397,yes,no,unknown,13,jan,133,9,-1,0,unknown,no
69,management,divorced,primary,no,6195,no,no,cellular,10,dec,305,5,369,1,failure,no
31,retired,married,secondary,no,1537,yes,no,unknown,6,oct,23,9,-1,0,unknown,no
26,unemployed,divorced,primary,no,3122,yes,no,cellular,4,apr,57,8,-1,0,unknown,no
32,retired,single,secondary,no,-47,yes,no,unknown,4,jan,369,1,-1,0,unknown,yes
38,management,divorced,unknown,no,2048,no,no,cellular,7,feb,3,8,-1,0,unknown,no
52,technician,married,unknown,no,3380,yes,yes,unknown,16,feb,892,8,368,4,other,yes
19,technician,married,unknown,no,3422,yes,no,cellular,1,oct,54,7,-1,0,unknown,no
44,management,divorced,tertiary,no,3754,yes,no,cellular,9,nov,597,1,-1,0,unknown,yes
19,unknown,single,tertiary,no,314,no,no,unknown,26,may,187,6,273,3,success,no
52,unknown,married,secondary,no,-22,yes,no,cellular,19,jan,214,2,-1,0,unknown,no
35,housemaid,married,tertiary,no,-3373,no,yes,unknown,20,oct,22,6,-1,0,unknown,no
31,entrepreneur,married,unknown,no,2997,yes,yes,unknown,15,mar,117,2,-1,0,unknown,no
37,services,married,tertiary,no,4679,yes,no,unknown,9,nov,43,2,-1,0,unknown,no
35,housemaid,married,tertiary,no,6285,yes,no,cellular,21,jun,192,7,-1,0,unknown,no
27,retired,single,primary,no,2341,no,no,unknown,28,jan,206,1,247,3,other,no
42,self-employed,divorced,secondary,no,-883,yes,no,cellular,20,dec,319,5,-1,0,unknown,yes
19,services,single,secondary,no,-3683,yes,no,telephone,28,nov,543,1,-1,0,unknown,yes
42,retired,single,secondary,no,4557,no,no,telephone,22,jan,162,9,-1,0,unknown,no
71,unknown,married,tertiary,no,-3981,yes,yes,telephone,1,mar,68,5,-1,0,unknown,no
50,management,single,unknown,no,398,no,no,unknown,26,sep,104,5,-1,0,unknown,no
53,entrepreneur,married,primary,no,748,yes,no,cellular,1,feb,484,4,-1,0,unknown,yes
48,student,single,secondary,no,1214,yes,no,unknown,16,dec,40,3,-1,0,unknown,no
31,retired,married,tertiary,no,1530,yes,no,cellular,5,jun,254,8,-1,0,unknown,no
18,unknown,married,unknown,no,1838,yes,no,telephone,21,mar,3,7,-1,0,unknown,no
63,student,single,primary,no,-5844,no,yes,telephone,27,jun,72,9,-1,0,unknown,no
33,entrepreneur,single,primary,no,1467,no,yes,telephone,9,nov,230,6,-1,0,unknown,no
71,housemaid,divorced,secondary,no,-5285,yes,no,unknown,1,nov,157,1,-1,0,unknown,no
63,management,divorced,secondary,no,3626,no,no,unknown,19,jul,175,5,-1,0,unknown,no
69,unemployed,divorced,unknown,no,-247,yes,no,cellular,16,jul,278,5,321,1,failure,no
20,technician,single,tertiary,no,-5067,yes,no,cellular,3,feb,68,7,-1,0,unknown,no
52,blue-collar,single,unknown,no,-1026,no,no,telephone,4,mar,85,1,-1,0,unknown,no
58,entrepreneur,married,secondary,no,-292,no,no,unknown,12,apr,297,1,138,1,failure,no
23,student,divorced,unknown,no,5005,yes,no,unknown,29,aug,199,6,-1,0,unknown,no
42,unemployed,married,tertiary,no,2014,no,no,cellular,7,may,3,6,-1,0,unknown,no
30,unemployed,married,primary,no,2459,yes,yes,cellular,15,jan,286,9,-1,0,unknown,no
70,entrepreneur,married,primary,no,4977,no,no,unknown,23,sep,249,3,-1,0,unknown,no
51,unemployed,married,primary,yes,1133,no,no,unknown,15,jan,21,5,193,4,success,no
25,retired,divorced,primary,no,3692,yes,no,cellular,26,feb,355,5,-1,0,unknown,no
38,unemployed,married,secondary,no,3480,yes,no,unknown,5,jul,190,1,-1,0,unknown,no
51,unknown,single,secondary,no,-2447,no,no,unknown,30,nov,59,6,-1,0,unknown,no
21,services,single,tertiary,no,5855,no,no,telephone,25,mar,211,4,-1,0,unknown,no
42,retired,single,tertiary,no,-2850,yes,no,unknown,23,jun,233,6,-1,0,unknown,no
32,unemployed,divorced,tertiary,no,4183,yes,yes,unknown,2,aug,652,8,156,4,success,yes
21,housemaid,married,tertiary,no,-3141,no,yes,unknown,12,may,349,8,-1,0,unknown,yes
62,technician,divorced,unknown,no,3232,yes,no,cellular,19,jan,92,3,-1,0,unknown,no
29,management,married,tertiary,no,7025,yes,no,telephone,27,oct,32,9,-1,0,unknown,no
49,student,divorced,primary,no,782,yes,no,cellular,23,dec,494,4,-1,0,unknown,yes
49,unemployed,divorced,primary,no,651,yes,no,telephone,5,mar,482,1,-1,0,unknown,yes
45,admin.,married,primary,no,3259,no,yes,telephone,23,nov,49,9,130,4,success,no
30,technician,divorced,unknown,no,431,no,no,unknown,25,feb,16,5,-1,0,unknown,no
48,housemaid,married,tertiary,no,6894,yes,no,telephone,25,jun,321,8,-1,0,unknown,no
31,unknown,single,primary,no,2001,no,no,telephone,3,may,330,7,-1,0,unknown,no
37,unemployed,single,primary,no,459,no,no,unknown,24,jul,50,5,-1,0,unknown,no
35,student,single,primary,no,-202,no,no,unknown,29,feb,284,8,-1,0,unknown,no
46,unknown,divorced,primary,no,-1384,yes,no,telephone,6,jun,84,1,-1,0,unknown,no
23,unemployed,single,secondary,yes,-465,no,no,cellular,13,nov,77,4,-1,0,unknown,no
49,blue-collar,married,tertiary,no,367,yes,no,telephone,20,may,101,5,-1,0,unknown,no
46,services,single,tertiary,no,-44,yes,no,cellular,15,jun,189,4,-1,0,unknown,no
60,unknown,single,unknown,no,-557,yes,yes,cellular,4,may,421,6,-1,0,unknown,yes
19,services,divorced,secondary,no,7738,no,no,telephone,20,jul,178,9,-1,0,unknown,no
40,technician,married,unknown,no,-1676,yes,no,cellular,7,may,91,1,-1,0,unknown,no
36,self-employed,divorced,primary,no,1864,no,no,telephone,22,jul,555,2,-1,0,unknown,yes
48,blue-collar,divorced,unknown,no,3205,yes,no,cellular,18,jan,14,1,-1,0,unknown,no
68,management,married,primary,no,3318,no,no,cellular,21,sep,411,7,-1,0,unknown,yes
22,retired,divorced,primary,no,1246,yes,no,telephone,21,jun,395,2,65,4,other,no
36,services,married,tertiary,no,698,yes,no,unknown,22,sep,75,9,151,4,success,no
51,blue-collar,single,tertiary,no,2781,no,no,unknown,7,jan,57,8,-1,0,unknown,no
27,self-employed,married,tertiary,no,2224,no,yes,telephone,12,feb,535,1,-1,0,unknown,yes
42,student,married,tertiary,no,643,no,no,telephone,11,jul,211,3,-1,0,unknown,no
19,services,married,tertiary,no,-3276,no,no,unknown,24,apr,12,6,-1,0,unknown,no
28,entrepreneur,divorced,secondary,no,15,no,yes,unknown,12,oct,571,3,-1,0,unknown,yes
67,housemaid,married,tertiary,no,-2026,no,no,cellular,26,jan,110,9,-1,0,unknown,no
48,management,married,unknown,no,-584,yes,no,cellular,30,may,108,2,-1,0,unknown,no
73,housemaid,married,primary,no,1522,yes,no,cellular,15,apr,265,6,-1,0,unknown,no
32,student,single,tertiary,no,2502,yes,no,unknown,8,jun,279,2,-1,0,unknown,no
26,unemployed,married,secondary,no,6780,yes,no,telephone,11,jul,112,3,396,1,other,no
40,services,divorced,unknown,no,-194,no,no,cellular,21,nov,39,9,-1,0,unknown,no
36,unemployed,married,unknown,no,3753,yes,no,telephone,18,mar,207,9,-1,0,unknown,no
26,admin.,married,primary,no,2343,yes,no,unknown,10,jun,253,2,-1,0,unknown,no
52,services,single,unknown,no,5322,yes,yes,cellular,8,feb,507,8,-1,0,unknown,yes
38,blue-collar,married,unknown,no,3156,no,no,unknown,6,dec,170,3,-1,0,unknown,no
26,management,divorced,unknown,no,-1611,yes,no,telephone,3,oct,267,2,-1,0,unknown,no
45,unemployed,married,unknown,no,-3761,yes,no,cellular,20,apr,14,8,-1,0,unknown,no
63,services,divorced,secondary,no,2359,no,no,telephone,12,oct,580,3,-1,0,unknown,yes
68,admin.,single,primary,no,-167,no,no,telephone,17,sep,102,8,-1,0,unknown,no
24,housemaid,married,tertiary,no,-1526,yes,no,cellular,3,jul,258,6,-1,0,unknown,no
33,blue-collar,single,unknown,no,-2391,no,yes,cellular,20,feb,639,1,-1,0,unknown,yes
33,entrepreneur,married,secondary,no,1907,yes,no,unknown,18,jun,429,2,-1,0,unknown,yes
50,services,divorced,primary,no,5959,no,no,cellular,30,apr,261,2,-1,0,unknown,no
21,entrepreneur,single,tertiary,no,193,yes,no,cellular,12,aug,313,7,-1,0,unknown,no
21,technician,married,primary,no,3199,no,no,cellular,22,dec,654,6,-1,0,unknown,yes
56,student,divorced,secondary,no,1115,no,no,cellular,24,aug,431,2,-1,0,unknown,yes
57,management,single,secondary,no,-2456,no,no,cellular,16,jan,242,1,-1,0,unknown,no
34,services,married,secondary,no,3634,yes,no,unknown,28,aug,277,5,-1,0,unknown,no
54,unknown,single,unknown,no,-1870,yes,yes,telephone,22,oct,41,2,-1,0,unknown,no
56,admin.,married,secondary,no,1488,yes,no,unknown,10,jul,163,6,-1,0,unknown,no
69,unemployed,divorced,tertiary,no,395,no,no,telephone,19,jan,92,2,-1,0,unknown,no
46,self-employed,divorced,unknown,no,4110,no,no,cellular,9,mar,145,9,372,4,other,no
69,unknown,single,primary,no,-1760,no,no,unknown,14,may,280,5,-1,0,unknown,no
53,technician,single,tertiary,no,2599,no,no,telephone,20,mar,41,7,79,4,success,no
55,management,married,unknown,no,-1103,yes,no,telephone,14,mar,4,4,-1,0,unknown,no
56,housemaid,divorced,secondary,no,-114,yes,yes,cellular,22,jan,130,2,-1,0,unknown,no
67,blue-collar,married,primary,no,-9515,yes,no,cellular,4,aug,100,3,-1,0,unknown,no
54,entrepreneur,divorced,secondary,no,7718,yes,no,telephone,15,sep,140,5,-1,0,unknown,no
69,technician,single,tertiary,no,3079,no,yes,unknown,20,may,690,1,-1,0,unknown,yes
52,unemployed,married,tertiary,no,-885,no,no,telephone,27,jan,316,4,-1,0,unknown,no
24,blue-collar,married,unknown,no,-1961,no,no,unknown,2,jan,102,4,-1,0,unknown,no
44,housemaid,divorced,tertiary,no,-68,no,no,unknown,26,sep,50,2,-1,0,unknown,no
45,unemployed,divorced,primary,no,3580,no,no,telephone,18,jan,248,9,-1,0,unknown,no
39,admin.,divorced,unknown,no,-4270,yes,no,unknown,2,sep,276,6,-1,0,unknown,no
31,entrepreneur,single,primary,no,996,yes,yes,telephone,18,mar,170,9,-1,0,unknown,no
24,self-employed,married,secondary,no,6750,no,no,telephone,8,mar,61,6,-1,0,unknown,no
54,unknown,divorced,primary,no,-1989,yes,yes,cellular,31,apr,7,2,-1,0,unknown,no
39,services,single,primary,no,1664,yes,no,telephone,10,may,79,1,-1,0,unknown,no
22,technician,divorced,tertiary,no,8052,yes,no,telephone,20,jun,157,4,-1,0,unknown,no
72,student,married,secondary,no,3325,no,no,cellular,4,jun,400,1,-1,0,unknown,yes
19,services,divorced,tertiary,no,1801,yes,no,cellular,10,oct,495,8,-1,0,unknown,yes
44,self-employed,married,secondary,no,2947,no,no,unknown,10,sep,137,1,-1,0,unknown,no
38,blue-collar,single,secondary,no,216,no,no,unknown,27,jan,410,5,106,2,failure,no
71,services,single,primary,no,5333,no,no,cellular,30,sep,1293,9,-1,0,unknown,yes
55,unknown,divorced,tertiary,no,221,no,no,cellular,3,apr,325,1,-1,0,unknown,no
32,retired,married,primary,no,-4472,no,no,cellular,21,jul,336,4,-1,0,unknown,yes
38,blue-collar,married,primary,no,245,yes,no,telephone,4,jun,619,8,-1,0,unknown,yes
27,entrepreneur,married,primary,no,-1485,yes,no,telephone,23,sep,106,8,-1,0,unknown,no
40,unemployed,divorced,secondary,no,576,no,yes,telephone,10,feb,2,1,-1,0,unknown,no
73,self-employed,married,tertiary,no,643,yes,no,cellular,7,nov,1119,8,-1,0,unknown,yes
56,entrepreneur,married,tertiary,no,5026,no,no,unknown,22,feb,173,3,-1,0,unknown,no
22,services,married,primary,no,3515,yes,yes,unknown,23,jul,397,7,-1,0,unknown,no
18,management,married,secondary,no,2215,yes,yes,telephone,12,dec,431,1,-1,0,unknown,yes
30,blue-collar,divorced,tertiary,no,1414,no,yes,telephone,7,sep,130,5,154,3,failure,no
38,self-employed,divorced,unknown,no,-1763,no,no,cellular,13,may,201,4,-1,0,unknown,no
43,unemployed,married,tertiary,no,-5140,yes,no,cellular,8,jul,200,4,213,3,failure,no
67,housemaid,married,primary,no,1763,no,no,unknown,27,nov,64,5,76,3,success,no
62,admin.,single,unknown,no,3814,no,no,unknown,13,aug,32,3,-1,0,unknown,no
38,entrepreneur,single,secondary,no,1097,yes,no,cellular,1,aug,202,7,171,4,success,no
70,entrepreneur,married,unknown,no,-186,no,no,unknown,31,apr,33,2,52,1,failure,no
35,blue-collar,married,unknown,yes,2820,yes,no,unknown,16,oct,109,1,-1,0,unknown,no
54,management,single,primary,no,1172,no,no,telephone,19,jul,53,6,123,4,success,no
62,services,single,tertiary,no,6495,yes,no,cellular,28,jan,316,1,-1,0,unknown,no
49,self-employed,married,secondary,no,5132,yes,no,cellular,19,apr,530,7,-1,0,unknown,yes
53,services,divorced,unknown,no,4310,yes,yes,cellular,21,dec,222,8,-1,0,unknown,no
34,blue-collar,divorced,primary,no,3703,no,yes,telephone,26,may,136,2,-1,0,unknown,no
52,entrepreneur,married,tertiary,no,-2459,no,no,cellular,30,oct,1469,4,-1,0,unknown,yes
66,unemployed,married,unknown,no,3417,yes,no,unknown,13,dec,5,7,298,4,other,no
28,self-employed,single,primary,no,2555,no,no,telephone,29,jul,93,6,212,1,other,no
38,admin.,single,primary,no,3247,no,no,telephone,7,dec,84,2,-1,0,unknown,no
69,self-employed,divorced,primary,no,2905,no,no,cellular,15,jun,113,4,-1,0,unknown,no
72,blue-collar,married,secondary,no,2785,yes,no,unknown,26,apr,67,3,174,4,success,no
70,unemployed,single,tertiary,no,9549,no,no,cellular,6,mar,79,9,-1,0,unknown,no
43,student,divorced,unknown,no,1193,no,no,unknown,4,nov,76,6,59,4,other,no
21,unemployed,divorced,tertiary,no,4240,no,no,cellular,22,jun,181,2,-1,0,unknown,no
51,housemaid,divorced,tertiary,no,5,no,no,unknown,23,oct,127,2,185,3,failure,no
69,self-employed,single,unknown,no,3802,yes,no,unknown,20,dec,263,3,-1,0,unknown,no
65,self-employed,single,tertiary,yes,4249,no,no,unknown,11,may,186,5,329,2,failure,no
35,unknown,married,secondary,no,2519,yes,yes,telephone,24,dec,52,6,159,4,other,no
57,retired,married,unknown,no,6445,yes,no,cellular,21,mar,428,5,167,2,failure,no
52,admin.,divorced,unknown,no,-1237,no,no,cellular,19,apr,164,1,-1,0,unknown,no
58,technician,divorced,primary,no,-43,no,no,cellular,2,feb,42,1,22,3,failure,no
46,management,single,tertiary,no,2062,yes,yes,telephone,17,sep,47,7,-1,0,unknown,no
69,retired,single,unknown,no,4073,yes,no,unknown,15,jul,411,7,-1,0,unknown,no
46,housemaid,married,unknown,no,1962,yes,no,telephone,20,dec,313,6,-1,0,unknown,no
55,self-employed,married,secondary,no,5291,yes,no,telephone,18,oct,182,9,-1,0,unknown,no
59,admin.,married,primary,no,-568,yes,no,unknown,12,mar,94,2,192,4,success,no
38,services,single,unknown,no,-2009,yes,no,cellular,3,aug,159,1,-1,0,unknown,no
59,retired,divorced,secondary,no,2350,yes,no,telephone,17,aug,261,6,261,2,other,no
30,services,married,unknown,no,1190,no,no,unknown,31,nov,545,6,-1,0,unknown,yes
66,management,married,unknown,no,3056,no,no,unknown,14,jan,209,9,-1,0,unknown,no
58,services,single,unknown,no,1340,yes,no,cellular,29,may,83,1,166,3,other,no
34,management,married,secondary,no,399,no,no,unknown,6,may,11,1,-1,0,unknown,no
73,admin.,divorced,tertiary,no,1197,no,no,unknown,4,dec,49,6,-1,0,unknown,no
26,student,single,unknown,no,1509,yes,no,unknown,21,mar,270,5,-1,0,unknown,no
58,entrepreneur,married,unknown,no,505,yes,no,cellular,31,feb,45,6,-1,0,unknown,no
18,management,married,tertiary,no,811,yes,no,cellular,8,jan,169,6,-1,0,unknown,no
19,unemployed,single,unknown,no,208,yes,no,unknown,27,apr,309,4,-1,0,unknown,no
65,technician,single,primary,no,4000,yes,no,unknown,20,dec,95,8,308,1,failure,no
46,technician,married,unknown,no,2006,yes,no,cellular,22,nov,285,5,-1,0,unknown,no
50,blue-collar,divorced,primary,no,8213,yes,no,cellular,3,oct,224,6,-1,0,unknown,no
27,technician,single,tertiary,no,1906,no,no,cellular,8,feb,149,2,-1,0,unknown,no
67,blue-collar,divorced,secondary,no,-234,yes,yes,telephone,13,may,587,1,-1,0,unknown,yes
57,self-employed,married,tertiary,no,9459,no,no,cellular,19,dec,303,8,-1,0,unknown,no
38,technician,divorced,unknown,no,2667,no,yes,unknown,31,nov,115,6,-1,0,unknown,no
45,management,married,primary,no,4402,no,no,cellular,15,oct,420,9,-1,0,unknown,yes
28,unemployed,married,secondary,no,3204,yes,yes,unknown,23,dec,345,5,187,2,success,no
72,entrepreneur,married,unknown,no,3297,no,no,unknown,7,feb,404,8,-1,0,unknown,yes
51,services,married,secondary,no,3034,no,no,unknown,31,jan,264,7,-1,0,unknown,no
25,housemaid,divorced,secondary,no,-1893,no,no,cellular,3,oct,123,1,-1,0,unknown,no
39,technician,married,unknown,no,2528,no,no,cellular,19,oct,110,7,-1,0,unknown,no
25,entrepreneur,married,tertiary,no,-2563,yes,no,cellular,26,dec,273,4,-1,0,unknown,no
66,entrepreneur,divorced,unknown,no,898,no,no,cellular,10,oct,36,6,-1,0,unknown,no
32,management,single,unknown,no,-760,yes,no,cellular,28,oct,442,9,-1,0,unknown,yes
34,admin.,divorced,tertiary,no,2498,no,no,telephone,27,sep,119,9,-1,0,unknown,no
40,admin.,divorced,primary,no,2428,yes,no,cellular,16,feb,256,9,-1,0,unknown,no
41,technician,divorced,unknown,no,2870,yes,no,telephone,14,oct,178,5,135,4,failure,no
62,student,married,secondary,no,2287,no,no,unknown,8,apr,189,4,134,3,success,no
36,housemaid,married,unknown,no,-402,no,no,unknown,11,mar,345,6,-1,0,unknown,no
22,technician,married,unknown,no,637,yes,no,unknown,31,jan,254,5,-1,0,unknown,no
49,technician,single,secondary,no,4192,no,no,unknown,19,aug,74,5,-1,0,unknown,no
61,blue-collar,married,tertiary,no,4636,no,no,telephone,2,feb,19,8,-1,0,unknown,no
18,unemployed,single,primary,no,-2027,yes,no,telephone,5,nov,473,5,-1,0,unknown,yes
40,unemployed,married,primary,no,-3183,yes,no,unknown,11,aug,557,1,-1,0,unknown,yes
54,housemaid,divorced,secondary,no,-764,no,no,cellular,7,dec,46,5,-1,0,unknown,no
25,blue-collar,married,tertiary,no,4568,yes,no,unknown,8,jan,95,5,-1,0,unknown,no
30,entrepreneur,single,unknown,no,5078,yes,no,unknown,17,jun,85,5,-1,0,unknown,no
25,self-employed,single,unknown,no,-1359,yes,no,telephone,12,apr,715,3,-1,0,unknown,yes
74,blue-collar,married,unknown,no,2347,yes,no,unknown,18,mar,59,9,88,1,success,no
40,technician,divorced,unknown,no,6942,no,yes,telephone,29,jan,46,5,-1,0,unknown,no
60,admin.,married,unknown,no,2672,yes,no,telephone,7,oct,51,2,-1,0,unknown,no
18,retired,married,secondary,no,5700,yes,yes,unknown,9,nov,337,5,-1,0,unknown,yes
62,housemaid,married,unknown,no,4428,yes,no,cellular,19,dec,564,9,-1,0,unknown,yes
68,entrepreneur,divorced,unknown,no,-1315,yes,no,telephone,14,jan,128,8,-1,0,unknown,no
41,management,single,tertiary,no,851,yes,no,telephone,24,nov,37,6,-1,0,unknown,no
52,retired,divorced,unknown,no,1527,no,no,telephone,30,jul,227,9,-1,0,unknown,no
41,retired,single,primary,yes,1736,no,no,unknown,26,jun,60,7,-1,0,unknown,no
34,blue-collar,single,secondary,no,4180,yes,no,unknown,19,mar,17,2,-1,0,unknown,no
22,services,single,secondary,no,2652,yes,no,telephone,20,dec,560,1,-1,0,unknown,yes
37,retired,divorced,secondary,no,-7412,yes,no,cellular,18,dec,528,3,-1,0,unknown,yes
38,technician,married,primary,no,-2527,yes,no,unknown,25,feb,961,4,-1,0,unknown,yes
57,unknown,married,unknown,no,-5158,yes,no,cellular,30,oct,165,9,-1,0,unknown,no
48,admin.,married,secondary,no,1950,yes,no,cellular,15,mar,89,5,-1,0,unknown,no
63,self-employed,married,primary,no,2146,yes,no,unknown,21,dec,378,2,-1,0,unknown,no
53,admin.,married,tertiary,no,2275,no,yes,telephone,21,aug,51,5,-1,0,unknown,no
28,unknown,divorced,unknown,no,-1462,yes,yes,cellular,4,nov,71,2,-1,0,unknown,no
69,unemployed,divorced,primary,no,3451,no,no,telephone,13,jul,76,9,296,4,success,no
32,technician,divorced,unknown,no,3578,yes,no,cellular,5,dec,781,6,-1,0,unknown,yes
36,management,divorced,tertiary,no,-2353,yes,no,telephone,31,jul,337,5,-1,0,unknown,no
24,retired,divorced,primary,no,-2988,no,no,unknown,12,may,37,2,-1,0,unknown,no
68,unemployed,divorced,unknown,no,1422,yes,no,cellular,30,dec,25,7,-1,0,unknown,no
45,technician,divorced,primary,no,6814,yes,no,cellular,17,oct,477,7,-1,0,unknown,yes
68,blue-collar,married,secondary,no,6537,no,no,cellular,10,mar,418,2,-1,0,unknown,yes
60,admin.,single,unknown,no,3118,no,no,telephone,30,jan,286,6,303,1,success,no
22,unemployed,divorced,primary,no,-773,no,no,cellular,26,jan,56,3,300,2,success,no
22,housemaid,single,secondary,no,4091,no,no,cellular,12,jun,168,8,-1,0,unknown,no
47,retired,divorced,tertiary,no,61,no,no,telephone,6,apr,238,5,-1,0,unknown,no
71,retired,divorced,unknown,no,-886,yes,no,telephone,27,jul,694,8,-1,0,unknown,yes
49,management,married,unknown,no,-5028,yes,no,unknown,20,oct,47,7,350,3,failure,no
25,services,single,tertiary,no,1731,yes,no,telephone,28,oct,186,8,-1,0,unknown,no
27,housemaid,married,secondary,no,-472,yes,no,cellular,20,oct,44,1,-1,0,unknown,no
55,retired,married,tertiary,no,1713,yes,yes,cellular,12,jan,151,6,-1,0,unknown,no
64,entrepreneur,single,unknown,no,-5495,no,no,unknown,13,jun,57,3,-1,0,unknown,no
49,housemaid,married,primary,no,1934,yes,no,unknown,21,jul,466,5,-1,0,unknown,yes
65,retired,divorced,secondary,no,-5892,no,no,cellular,30,jan,75,2,-1,0,unknown,no
45,unknown,divorced,secondary,no,4696,yes,no,telephone,17,feb,139,4,-1,0,unknown,no
34,housemaid,divorced,secondary,no,2993,yes,no,cellular,20,sep,135,6,-1,0,unknown,no
48,technician,divorced,tertiary,no,584,yes,no,unknown,10,sep,519,1,283,3,failure,yes
25,housemaid,divorced,tertiary,no,3116,yes,yes,cellular,19,jun,365,2,-1,0,unknown,yes
57,self-employed,married,primary,no,-1520,yes,no,cellular,5,nov,15,2,-1,0,unknown,no
42,management,married,primary,no,1640,no,no,cellular,26,apr,17,9,-1,0,unknown,no
26,blue-collar,divorced,secondary,no,3814,yes,no,unknown,5,jul,206,5,253,1,other,no
19,blue-collar,divorced,primary,no,-7887,yes,yes,unknown,8,may,143,5,-1,0,unknown,no
32,blue-collar,married,tertiary,no,77,no,no,unknown,30,mar,83,6,-1,0,unknown,no
67,technician,single,primary,no,1354,yes,no,telephone,17,apr,405,3,-1,0,unknown,yes
20,unemployed,married,tertiary,no,832,yes,no,unknown,3,feb,35,9,-1,0,unknown,no
66,blue-collar,married,primary,no,5807,yes,no,telephone,21,jun,942,3,-1,0,unknown,yes
53,self-employed,married,unknown,no,-1958,yes,no,telephone,16,mar,6,4,-1,0,unknown,no
21,admin.,married,tertiary,no,-446,no,no,unknown,27,jul,32,9,-1,0,unknown,no
31,technician,married,unknown,no,-4341,no,no,telephone,19,apr,96,8,-1,0,unknown,no
58,unemployed,single,tertiary,no,5967,no,no,telephone,6,aug,183,6,274,1,success,no
58,admin.,divorced,primary,no,681,yes,no,cellular,10,nov,62,8,-1,0,unknown,no
42,admin.,divorced,unknown,no,103,no,no,telephone,16,jan,343,1,-1,0,unknown,no
72,admin.,single,primary,no,1265,yes,no,telephone,13,sep,114,4,-1,0,unknown,no
67,entrepreneur,divorced,tertiary,no,3337,yes,no,unknown,3,mar,10,4,-1,0,unknown,no
27,management,divorced,unknown,no,2468,yes,no,cellular,22,mar,542,2,-1,0,unknown,yes
38,management,divorced,secondary,yes,9390,no,no,telephone,8,may,743,2,-1,0,unknown,yes
53,technician,single,primary,no,2788,no,no,telephone,20,oct,248,9,-1,0,unknown,no
29,self-employed,single,tertiary,no,23,no,no,telephone,8,jan,423,6,-1,0,unknown,yes
44,self-employed,divorced,unknown,no,-266,no,no,unknown,7,mar,33,7,-1,0,unknown,no
57,self-employed,divorced,primary,no,241,yes,no,unknown,27,apr,80,4,-1,0,unknown,no
19,admin.,divorced,unknown,no,-3096,yes,no,cellular,11,feb,101,3,-1,0,unknown,no
71,student,married,primary,no,1542,no,no,telephone,29,dec,835,3,-1,0,unknown,yes
30,unknown,married,primary,no,3780,no,no,cellular,31,jun,185,5,-1,0,unknown,no
70,housemaid,married,primary,no,-422,no,yes,unknown,20,oct,1,6,-1,0,unknown,no
49,unemployed,single,unknown,no,-1006,yes,no,telephone,3,apr,123,2,-1,0,unknown,no
48,management,divorced,unknown,no,5984,no,no,telephone,21,jan,2,7,-1,0,unknown,no
33,student,single,primary,no,-2869,yes,no,cellular,21,mar,70,7,-1,0,unknown,no
49,blue-collar,single,secondary,no,-4799,no,no,telephone,30,jul,156,1,-1,0,unknown,no
49,technician,single,secondary,no,-2046,yes,no,unknown,7,mar,100,7,8,3,success,no
51,unemployed,divorced,secondary,no,-3212,no,no,cellular,11,jun,8,4,-1,0,unknown,no
28,technician,married,tertiary,no,2585,yes,no,cellular,17,nov,31,4,-1,0,unknown,no
27,unknown,divorced,secondary,no,337,no,no,telephone,25,jun,206,3,44,4,success,no
32,entrepreneur,divorced,unknown,no,761,no,no,unknown,18,jan,306,9,66,2,other,no
34,entrepreneur,single,secondary,no,4892,yes,no,telephone,25,feb,133,3,-1,0,unknown,no
57,admin.,single,unknown,no,-657,yes,no,cellular,9,oct,339,4,-1,0,unknown,no
35,entrepreneur,single,tertiary,no,3755,no,yes,cellular,13,nov,46,3,69,4,success,no
72,technician,married,unknown,no,5970,yes,no,unknown,29,dec,33,8,-1,0,unknown,no
26,blue-collar,married,unknown,no,51,yes,no,cellular,30,nov,471,8,1,2,other,yes
42,admin.,married,unknown,no,3640,no,no,unknown,15,jun,106,8,277,4,failure,no
57,retired,divorced,secondary,no,695,no,no,telephone,19,feb,146,5,-1,0,unknown,no
31,self-employed,single,primary,no,4203,yes,no,unknown,15,feb,760,7,312,1,other,yes
42,unemployed,divorced,unknown,no,-3305,no,no,telephone,7,apr,142,3,-1,0,unknown,no
67,unknown,married,secondary,no,-3528,yes,no,telephone,3,dec,0,8,-1,0,unknown,no
39,admin.,single,secondary,no,245,no,no,cellular,24,aug,717,2,-1,0,unknown,yes
69,technician,married,secondary,no,-1251,no,no,telephone,8,jun,3,8,-1,0,unknown,no
47,unemployed,single,primary,no,-131,no,no,cellular,13,aug,280,6,-1,0,unknown,no
37,blue-collar,single,primary,no,762,yes,no,unknown,16,apr,100,2,-1,0,unknown,no
38,services,divorced,primary,no,3589,no,yes,unknown,3,nov,163,6,332,3,success,no
61,unknown,divorced,primary,no,196,yes,no,telephone,21,mar,204,2,-1,0,unknown,no
49,technician,married,tertiary,no,-1055,yes,no,unknown,31,jul,135,3,-1,0,unknown,no
68,unknown,divorced,primary,no,365,no,no,telephone,23,jul,384,5,-1,0,unknown,yes
63,management,divorced,primary,no,-891,yes,no,unknown,1,feb,688,1,142,2,success,yes
66,services,divorced,primary,no,-1387,no,no,telephone,3,jan,23,9,-1,0,unknown,no
73,unemployed,single,unknown,no,-3430,no,no,telephone,16,nov,415,3,94,3,other,yes
38,entrepreneur,divorced,unknown,no,1632,yes,no,unknown,1,aug,35,1,-1,0,unknown,no
52,technician,married,primary,no,-288,yes,no,unknown,18,mar,21,6,-1,0,unknown,no
49,unknown,single,tertiary,no,4330,no,no,unknown,14,jun,804,1,126,1,failure,yes
47,unemployed,single,unknown,no,-2932,no,no,unknown,30,jul,173,3,-1,0,unknown,no
72,entrepreneur,divorced,secondary,no,-208,no,no,telephone,7,aug,42,7,-1,0,unknown,no
56,blue-collar,single,unknown,no,6878,no,no,telephone,23,jun,217,4,188,1,success,no
66,blue-collar,married,secondary,no,-1404,yes,no,unknown,3,jul,78,9,-1,0,unknown,no
29,unknown,married,unknown,no,711,yes,no,unknown,31,may,161,7,-1,0,unknown,no
58,admin.,single,primary,no,-2235,no,yes,cellular,29,mar,252,5,312,2,success,no
64,management,divorced,unknown,no,-2634,yes,no,telephone,22,feb,524,9,-1,0,unknown,yes
35,admin.,divorced,primary,no,6078,no,no,telephone,16,jul,0,3,269,1,other,no
38,management,single,primary,no,1937,yes,no,unknown,29,aug,62,8,-1,0,unknown,no
30,technician,married,unknown,no,1825,yes,no,cellular,6,aug,26,8,-1,0,unknown,no
38,self-employed,single,secondary,no,-3681,no,no,unknown,18,mar,26,4,-1,0,unknown,no
25,retired,divorced,secondary,no,2502,no,no,telephone,29,feb,751,1,102,2,success,yes
63,unknown,divorced,unknown,no,4905,no,no,telephone,25,sep,709,4,-1,0,unknown,yes
57,housemaid,single,primary,no,4881,no,no,cellular,13,jun,356,9,-1,0,unknown,no
63,self-employed,married,secondary,no,3434,no,no,unknown,24,oct,265,1,-1,0,unknown,no
24,student,single,tertiary,no,-1975,no,no,cellular,2,mar,485,3,-1,0,unknown,yes
40,unknown,married,primary,no,2365,no,yes,unknown,12,may,15,8,-1,0,unknown,no
61,services,married,unknown,yes,3431,no,no,cellular,4,jan,32,3,365,1,failure,no
49,entrepreneur,single,primary,no,-3976,no,no,unknown,9,feb,98,2,-1,0,unknown,no
28,services,single,tertiary,no,-1950,yes,no,unknown,20,sep,460,1,12,3,other,yes
39,blue-collar,married,tertiary,no,4095,yes,no,unknown,23,oct,164,9,-1,0,unknown,no
39,management,married,secondary,no,4059,yes,no,telephone,5,nov,180,3,-1,0,unknown,no
60,entrepreneur,married,tertiary,no,-3236,yes,no,unknown,10,oct,67,7,-1,0,unknown,no
42,self-employed,married,primary,no,3815,yes,yes,telephone,6,mar,269,3,-1,0,unknown,no
39,blue-collar,divorced,secondary,no,1709,yes,no,cellular,1,aug,564,8,-1,0,unknown,yes
45,entrepreneur,single,tertiary,no,3773,no,no,unknown,20,oct,103,9,325,3,success,no
46,admin.,married,secondary,no,-486,no,no,telephone,5,aug,249,8,-1,0,unknown,no
30,blue-collar,single,secondary,no,3364,yes,no,cellular,6,may,104,5,-1,0,unknown,no
35,admin.,married,unknown,no,3962,yes,no,unknown,22,aug,406,2,-1,0,unknown,yes
19,admin.,single,secondary,no,365,no,no,cellular,21,feb,166,6,-1,0,unknown,no
46,entrepreneur,single,secondary,no,1476,no,no,telephone,19,feb,106,8,189,1,failure,no
38,unemployed,married,tertiary,no,-528,no,no,telephone,11,dec,140,2,-1,0,unknown,no
32,services,married,primary,no,6392,no,no,unknown,15,apr,24,6,172,3,other,no
69,blue-collar,single,primary,no,1061,no,no,telephone,2,aug,518,7,-1,0,unknown,yes
44,housemaid,single,tertiary,no,-1351,yes,yes,telephone,15,feb,818,9,-1,0,unknown,yes
67,unemployed,single,primary,no,-730,yes,yes,cellular,7,apr,167,9,278,2,other,no
48,student,divorced,secondary,no,1804,no,no,unknown,17,aug,64,2,-1,0,unknown,no
32,services,married,unknown,no,3689,yes,no,unknown,12,mar,281,1,-1,0,unknown,no
68,blue-collar,divorced,secondary,no,-2596,no,yes,unknown,12,aug,155,7,-1,0,unknown,no
40,self-employed,divorced,secondary,no,6982,yes,no,cellular,5,dec,75,6,-1,0,unknown,no
41,management,married,unknown,no,2351,no,no,telephone,20,feb,10,4,-1,0,unknown,no
61,services,married,tertiary,no,2826,yes,no,unknown,7,jan,568,9,-1,0,unknown,yes
30,housemaid,divorced,secondary,no,1130,yes,no,unknown,2,jun,411,1,-1,0,unknown,yes
39,unknown,married,secondary,no,1480,no,no,cellular,27,aug,455,7,-1,0,unknown,yes
60,technician,single,tertiary,no,976,no,no,cellular,13,sep,149,5,24,1,other,no
54,admin.,single,secondary,no,4485,yes,yes,unknown,24,oct,361,5,-1,0,unknown,no
50,technician,divorced,secondary,no,1399,no,no,unknown,9,aug,224,6,328,4,failure,no
73,unemployed,divorced,primary,no,3731,no,no,cellular,29,feb,121,2,-1,0,unknown,no
20,unknown,married,tertiary,no,117,no,no,cellular,15,jan,477,3,-1,0,unknown,yes
71,admin.,married,secondary,no,2011,no,no,cellular,28,jul,1726,9,-1,0,unknown,yes
36,blue-collar,divorced,secondary,no,-995,no,no,cellular,26,jul,592,4,-1,0,unknown,yes
40,unemployed,divorced,unknown,no,5083,yes,no,telephone,15,dec,386,6,225,1,success,yes
46,housemaid,single,unknown,no,-1085,yes,no,telephone,1,mar,355,3,-1,0,unknown,yes
47,entrepreneur,single,unknown,no,445,no,yes,unknown,21,jun,271,3,183,4,success,no
56,blue-collar,married,secondary,no,475,no,no,telephone,20,jul,495,9,-1,0,unknown,yes
61,services,single,secondary,no,357,yes,no,cellular,21,sep,175,9,333,3,other,no
64,entrepreneur,married,unknown,no,3596,no,no,unknown,25,jan,51,3,-1,0,unknown,no
42,unemployed,married,primary,no,470,yes,no,cellular,31,mar,376,3,-1,0,unknown,yes
54,services,married,primary,no,5617,yes,no,telephone,28,may,650,6,209,4,success,yes
64,housemaid,single,primary,no,-1039,yes,no,cellular,3,mar,107,1,-1,0,unknown,no
25,student,divorced,primary,no,1932,yes,yes,unknown,30,aug,394,5,-1,0,unknown,no
59,technician,divorced,tertiary,no,-911,yes,no,telephone,1,oct,82,9,-1,0,unknown,no
33,services,single,unknown,no,2689,yes,no,unknown,27,jun,737,9,175,4,success,yes
25,technician,divorced,secondary,no,1375,no,yes,telephone,19,feb,296,8,-1,0,unknown,no
18,admin.,married,unknown,no,956,yes,yes,cellular,20,jan,217,6,-1,0,unknown,no
61,management,divorced,primary,no,4999,yes,no,unknown,13,oct,390,9,-1,0,unknown,yes
22,retired,single,secondary,no,-545,yes,no,telephone,15,may,432,3,-1,0,unknown,yes
20,blue-collar,divorced,tertiary,no,3187,yes,no,telephone,13,nov,575,9,-1,0,unknown,yes
18,retired,married,unknown,no,-890,yes,no,telephone,18,sep,596,8,-1,0,unknown,yes
21,admin.,married,secondary,no,1762,yes,no,telephone,17,oct,13,1,-1,0,unknown,no
57,services,single,secondary,no,-2174,yes,no,cellular,1,sep,33,9,-1,0,unknown,no
52,admin.,single,primary,no,-570,no,no,cellular,15,jan,451,8,-1,0,unknown,yes
49,self-employed,single,primary,no,1175,yes,no,telephone,24,mar,753,8,-1,0,unknown,yes
59,retired,married,unknown,no,6883,yes,no,cellular,4,jun,94,6,-1,0,unknown,no
51,retired,divorced,tertiary,no,1726,yes,no,cellular,28,may,2,9,-1,0,unknown,no
60,student,divorced,secondary,no,6401,yes,yes,telephone,2,apr,100,8,-1,0,unknown,no
42,self-employed,single,primary,no,2085,no,no,cellular,26,feb,124,2,395,1,failure,no
27,blue-collar,divorced,unknown,no,258,yes,no,unknown,19,dec,369,6,-1,0,unknown,yes
38,entrepreneur,divorced,primary,no,6054,yes,no,unknown,8,dec,12,8,-1,0,unknown,no
63,unknown,single,unknown,no,2737,yes,yes,cellular,22,dec,61,6,-1,0,unknown,no
56,student,single,primary,no,-510,yes,yes,telephone,16,apr,578,9,-1,0,unknown,yes
44,admin.,married,tertiary,no,2838,yes,yes,unknown,8,may,43,5,-1,0,unknown,no
44,management,married,secondary,no,542,no,no,cellular,10,dec,367,8,336,1,other,yes
19,unknown,married,primary,no,-4562,yes,no,cellular,16,feb,115,2,-1,0,unknown,no
58,self-employed,married,secondary,no,4239,yes,no,telephone,5,oct,280,5,-1,0,unknown,no
65,admin.,divorced,unknown,no,4717,no,no,telephone,19,jan,19,1,5,1,success,no
30,housemaid,divorced,tertiary,no,6953,no,yes,cellular,6,jul,87,5,-1,0,unknown,no
26,self-employed,married,secondary,no,2693,no,no,telephone,10,jul,142,7,-1,0,unknown,no
69,unemployed,married,primary,no,674,yes,yes,unknown,24,aug,502,1,-1,0,unknown,yes
53,unemployed,single,secondary,no,3935,yes,no,unknown,30,oct,213,3,-1,0,unknown,no
39,student,divorced,secondary,no,3980,yes,no,cellular,5,jun,11,6,-1,0,unknown,no
59,retired,divorced,unknown,no,6352,no,no,cellular,21,jan,417,1,-1,0,unknown,no
43,unemployed,married,tertiary,no,1288,no,no,telephone,19,aug,14,3,376,3,success,no
71,student,divorced,tertiary,no,924,yes,yes,unknown,19,feb,702,8,-1,0,unknown,yes
29,technician,single,secondary,no,-730,no,no,telephone,13,dec,61,9,-1,0,unknown,no
34,management,single,secondary,no,3040,no,no,cellular,28,mar,172,7,-1,0,unknown,no
31,unemployed,divorced,unknown,no,-3235,yes,no,cellular,15,aug,19,4,-1,0,unknown,no
31,services,married,secondary,no,3758,no,yes,cellular,8,apr,212,7,-1,0,unknown,no
74,technician,divorced,unknown,no,3191,no,yes,cellular,11,may,177,7,-1,0,unknown,no
51,unknown,single,tertiary,no,3183,yes,no,cellular,31,sep,136,7,-1,0,unknown,no
70,technician,married,tertiary,no,1838,no,no,cellular,1,nov,9,8,225,4,other,no
74,admin.,divorced,unknown,no,6035,yes,no,telephone,4,jul,544,4,165,3,other,yes
37,retired,married,secondary,no,4046,no,no,telephone,25,oct,418,4,-1,0,unknown,yes
28,student,married,tertiary,no,-403,no,yes,telephone,22,dec,258,9,-1,0,unknown,no
33,blue-collar,single,primary,no,-349,yes,no,unknown,22,jul,219,8,-1,0,unknown,no
68,blue-collar,married,unknown,no,-1223,yes,no,telephone,30,jan,306,4,-1,0,unknown,no
48,housemaid,divorced,tertiary,no,3081,no,yes,cellular,26,jan,40,6,-1,0,unknown,no
72,management,married,tertiary,no,-1586,yes,no,telephone,27,aug,696,9,-1,0,unknown,yes
23,admin.,married,tertiary,no,4682,yes,no,telephone,27,oct,86,6,-1,0,unknown,no
73,blue-collar,divorced,primary,no,5403,yes,no,unknown,13,jan,275,5,-1,0,unknown,no
36,retired,single,primary,no,-1221,no,no,cellular,7,oct,240,7,-1,0,unknown,no
54,unknown,single,primary,no,864,no,no,unknown,27,feb,261,2,231,4,other,no
21,blue-collar,divorced,secondary,no,1473,yes,no,unknown,7,apr,544,8,-1,0,unknown,yes
64,services,divorced,unknown,no,4082,no,no,unknown,6,sep,90,7,-1,0,unknown,no
21,technician,single,secondary,no,6265,yes,yes,telephone,25,jul,356,6,198,1,failure,yes
37,blue-collar,married,primary,no,-3648,no,no,cellular,8,dec,235,3,-1,0,unknown,no
27,admin.,divorced,unknown,no,465,no,no,cellular,12,jul,20,9,-1,0,unknown,no
41,unemployed,married,secondary,no,622,yes,yes,unknown,24,dec,137,2,-1,0,unknown,no
71,unemployed,divorced,secondary,no,-2791,yes,no,cellular,18,oct,469,4,-1,0,unknown,yes
52,unknown,single,secondary,no,-36,yes,no,cellular,23,jul,97,2,-1,0,unknown,no
43,unemployed,married,primary,yes,2710,yes,no,unknown,15,may,169,6,-1,0,unknown,no
54,student,married,tertiary,no,584,no,no,telephone,28,jan,173,7,-1,0,unknown,no
55,self-employed,divorced,unknown,no,-3224,yes,no,unknown,16,may,248,9,-1,0,unknown,no
38,unknown,married,primary,no,10071,no,no,unknown,1,aug,555,6,-1,0,unknown,yes
71,admin.,divorced,unknown,no,2223,no,yes,telephone,10,dec,49,6,-1,0,unknown,no
57,management,single,primary,no,1759,no,no,telephone,15,dec,181,5,-1,0,unknown,no
56,unemployed,married,secondary,no,-1880,yes,no,telephone,24,jul,142,4,-1,0,unknown,no
38,self-employed,divorced,secondary,no,2207,no,no,telephone,13,jul,90,4,-1,0,unknown,no
27,housemaid,married,tertiary,no,928,no,no,unknown,19,feb,650,4,227,3,success,yes
55,retired,divorced,tertiary,no,-4259,no,no,telephone,27,jan,2,5,-1,0,unknown,no
63,technician,divorced,unknown,no,-1797,no,no,cellular,13,apr,33,1,-1,0,unknown,no
21,unemployed,divorced,tertiary,no,3814,yes,no,unknown,9,aug,341,2,-1,0,unknown,yes
74,unknown,single,tertiary,no,7272,yes,no,unknown,31,jan,78,3,109,4,other,no
62,admin.,married,unknown,no,2527,no,no,telephone,21,feb,331,7,181,2,failure,no
37,unemployed,single,primary,no,4742,no,no,telephone,16,jul,460,1,-1,0,unknown,yes
34,blue-collar,divorced,tertiary,no,954,no,no,cellular,23,may,75,3,-1,0,unknown,no
72,unemployed,divorced,primary,no,1162,yes,no,telephone,14,jun,54,7,-1,0,unknown,no
24,unknown,single,secondary,no,4705,no,no,unknown,23,dec,40,6,-1,0,unknown,no
21,services,single,tertiary,no,6426,yes,no,telephone,9,aug,57,2,76,2,failure,no
46,services,married,secondary,no,5337,yes,no,cellular,18,dec,80,4,-1,0,unknown,no
31,unemployed,divorced,secondary,no,-1785,yes,no,unknown,4,sep,523,1,-1,0,unknown,yes
20,technician,single,primary,no,1221,yes,no,unknown,12,aug,379,5,-1,0,unknown,yes
41,admin.,divorced,unknown,no,2258,yes,no,telephone,24,dec,0,2,-1,0,unknown,no
54,housemaid,divorced,tertiary,no,641,no,no,cellular,5,jan,534,8,-1,0,unknown,yes
33,housemaid,married,primary,no,2590,no,no,cellular,11,nov,21,6,-1,0,unknown,no
72,unemployed,married,unknown,no,3892,no,no,telephone,5,apr,274,1,-1,0,unknown,no
69,unemployed,married,secondary,no,4440,no,no,unknown,19,may,42,2,-1,0,unknown,no
21,services,single,tertiary,no,6495,yes,no,unknown,21,sep,16,4,-1,0,unknown,no
73,unknown,divorced,secondary,yes,431,no,no,unknown,29,jun,367,3,101,2,failure,yes
41,technician,single,secondary,no,-2681,no,yes,telephone,7,jun,162,9,-1,0,unknown,no
51,self-employed,single,tertiary,no,2500,no,no,unknown,4,mar,235,1,-1,0,unknown,no
47,unemployed,married,unknown,no,7091,no,no,unknown,8,dec,142,7,325,4,failure,no
35,housemaid,divorced,unknown,no,-12,yes,no,telephone,30,feb,17,9,-1,0,unknown,no
36,admin.,divorced,tertiary,no,3489,yes,no,unknown,27,feb,347,9,-1,0,unknown,yes
48,management,married,tertiary,no,3516,yes,yes,telephone,6,jul,442,6,-1,0,unknown,yes
36,blue-collar,divorced,primary,no,1999,no,no,cellular,6,may,10,7,106,3,success,no
66,unemployed,married,primary,no,1443,yes,no,cellular,22,dec,121,8,-1,0,unknown,no
63,unknown,single,secondary,no,-1355,no,no,telephone,4,oct,210,3,-1,0,unknown,no
36,unemployed,single,tertiary,no,-5442,yes,no,telephone,14,jan,239,5,-1,0,unknown,no
39,unknown,married,unknown,no,-1922,no,no,telephone,31,dec,222,4,-1,0,unknown,no
41,technician,single,secondary,no,248,yes,no,unknown,3,may,304,9,-1,0,unknown,no
62,management,single,secondary,no,4725,yes,no,unknown,10,nov,878,9,-1,0,unknown,yes
29,retired,married,secondary,no,1112,yes,yes,telephone,22,jan,127,4,-1,0,unknown,no
47,student,single,secondary,no,-138,no,no,telephone,6,sep,209,2,-1,0,unknown,no
55,admin.,divorced,unknown,no,-1257,yes,no,unknown,18,aug,309,1,-1,0,unknown,yes
70,admin.,single,secondary,no,3399,no,no,unknown,30,apr,231,3,-1,0,unknown,no
48,unknown,married,tertiary,no,5510,yes,yes,telephone,10,nov,126,2,-1,0,unknown,no
53,services,divorced,primary,no,4622,no,no,unknown,9,jan,252,5,-1,0,unknown,no
36,unknown,divorced,unknown,no,3246,yes,no,unknown,16,nov,270,6,-1,0,unknown,no
65,services,single,tertiary,no,-3017,no,no,cellular,20,aug,226,9,-1,0,unknown,no
62,student,divorced,tertiary,no,364,yes,no,telephone,4,may,59,4,-1,0,unknown,no
53,entrepreneur,married,tertiary,no,7282,no,no,telephone,26,jan,181,4,-1,0,unknown,no
47,housemaid,divorced,primary,no,4798,yes,no,unknown,29,feb,556,4,-1,0,unknown,yes
72,self-employed,single,primary,no,-3203,no,no,cellular,28,may,523,1,-1,0,unknown,yes
66,student,single,primary,no,1255,no,no,telephone,11,sep,358,3,-1,0,unknown,no
72,admin.,divorced,tertiary,no,2515,yes,no,telephone,28,oct,308,4,-1,0,unknown,yes
50,self-employed,married,primary,no,-870,yes,no,unknown,12,aug,42,1,-1,0,unknown,no
35,technician,married,secondary,no,-5525,no,no,telephone,24,nov,158,5,-1,0,unknown,no
69,unknown,single,primary,no,1720,no,yes,unknown,19,oct,30,9,-1,0,unknown,no
66,technician,single,unknown,no,-947,yes,no,cellular,10,aug,438,1,-1,0,unknown,yes
45,management,married,tertiary,no,-935,yes,no,cellular,7,sep,88,7,-1,0,unknown,no
64,technician,divorced,tertiary,no,355,yes,yes,telephone,7,feb,375,2,-1,0,unknown,no
28,unemployed,divorced,secondary,no,1020,yes,no,unknown,18,jul,434,9,-1,0,unknown,yes
74,housemaid,divorced,primary,no,1395,yes,no,cellular,3,oct,575,4,-1,0,unknown,yes
71,unemployed,divorced,primary,no,-1236,no,no,telephone,31,may,361,3,239,3,failure,no
62,student,married,unknown,no,760,yes,no,telephone,12,mar,214,7,-1,0,unknown,no
50,blue-collar,single,secondary,no,-3865,no,no,telephone,14,oct,235,6,-1,0,unknown,no
34,unknown,single,unknown,no,2358,no,no,unknown,20,aug,99,8,-1,0,unknown,no
23,admin.,divorced,unknown,no,-7171,yes,no,unknown,2,feb,50,9,-1,0,unknown,no
21,self-employed,married,tertiary,no,551,no,yes,cellular,30,apr,36,7,-1,0,unknown,no
37,unknown,married,tertiary,no,4188,no,no,unknown,9,dec,51,6,159,4,success,no
65,housemaid,divorced,primary,no,-1764,yes,no,unknown,10,may,701,8,-1,0,unknown,yes
64,retired,divorced,primary,no,3578,yes,yes,telephone,27,may,46,9,-1,0,unknown,no
44,self-employed,divorced,unknown,no,4900,no,no,telephone,6,apr,331,8,367,4,other,no
32,retired,single,primary,no,-8530,no,no,cellular,17,mar,52,6,-1,0,unknown,no
23,blue-collar,divorced,unknown,no,967,yes,no,telephone,15,mar,954,8,-1,0,unknown,yes
64,housemaid,single,primary,no,-7230,yes,no,telephone,1,may,117,9,-1,0,unknown,no
31,entrepreneur,married,primary,no,1067,yes,no,telephone,24,dec,137,6,-1,0,unknown,no
28,entrepreneur,married,tertiary,no,1401,yes,no,unknown,27,oct,133,6,-1,0,unknown,no
56,entrepreneur,single,tertiary,no,-6046,yes,no,telephone,22,jun,437,2,325,4,failure,yes
26,admin.,single,tertiary,no,7214,no,yes,cellular,13,jan,63,9,382,3,other,no
43,admin.,single,tertiary,no,2283,no,no,cellular,10,nov,458,8,-1,0,unknown,yes
33,entrepreneur,single,secondary,no,-1131,yes,no,telephone,12,apr,276,5,-1,0,unknown,no
22,retired,divorced,tertiary,no,5832,no,no,telephone,23,oct,64,3,-1,0,unknown,no
74,housemaid,married,secondary,no,-3980,yes,no,cellular,22,oct,17,9,-1,0,unknown,no
69,technician,divorced,tertiary,no,-2275,yes,no,unknown,16,jun,384,7,-1,0,unknown,yes
27,housemaid,single,primary,no,-5496,yes,no,telephone,2,feb,63,9,-1,0,unknown,no
67,student,divorced,unknown,no,6842,yes,no,cellular,3,oct,567,7,-1,0,unknown,yes
20,entrepreneur,divorced,primary,no,2423,yes,no,unknown,8,may,35,8,-1,0,unknown,no
30,housemaid,married,primary,no,3407,no,no,cellular,20,nov,247,5,-1,0,unknown,no
60,management,divorced,secondary,no,2328,yes,no,unknown,29,sep,303,6,-1,0,unknown,no
66,admin.,married,tertiary,no,3149,no,no,cellular,15,mar,276,8,-1,0,unknown,yes
47,admin.,single,unknown,no,1657,yes,no,cellular,24,mar,97,7,-1,0,unknown,no
71,retired,divorced,unknown,no,2238,yes,no,unknown,19,sep,537,1,-1,0,unknown,yes
62,technician,single,tertiary,no,1746,yes,yes,telephone,18,mar,378,4,-1,0,unknown,yes
23,entrepreneur,married,secondary,no,-408,no,no,cellular,23,apr,184,8,31,2,failure,no
34,unknown,single,secondary,no,1282,yes,no,telephone,1,dec,238,9,-1,0,unknown,no
62,self-employed,single,secondary,no,2246,no,no,cellular,27,sep,215,6,-1,0,unknown,no
68,retired,married,unknown,no,1755,no,yes,unknown,19,apr,756,4,-1,0,unknown,yes
70,retired,single,secondary,no,-3023,no,no,telephone,2,may,584,2,-1,0,unknown,yes
36,technician,single,secondary,no,-2624,yes,yes,unknown,5,feb,69,9,-1,0,unknown,no
59,unemployed,single,unknown,no,4681,no,no,unknown,18,aug,78,1,-1,0,unknown,no
52,entrepreneur,divorced,unknown,no,499,yes,no,telephone,16,sep,1028,5,-1,0,unknown,yes
63,unknown,single,primary,yes,3182,no,yes,telephone,10,oct,69,8,-1,0,unknown,no
43,admin.,married,unknown,no,-1863,yes,no,telephone,21,apr,791,4,-1,0,unknown,yes
68,technician,divorced,tertiary,no,-3009,yes,no,unknown,29,mar,270,1,-1,0,unknown,no
22,unknown,divorced,unknown,no,-1115,no,yes,unknown,3,apr,13,4,253,2,success,no
46,management,married,unknown,no,753,yes,no,unknown,25,jul,105,5,-1,0,unknown,no
54,retired,single,secondary,no,-578,yes,no,telephone,10,jan,166,5,-1,0,unknown,no
37,technician,divorced,primary,no,5316,no,no,cellular,25,nov,461,1,74,1,success,yes
66,admin.,divorced,secondary,no,1963,no,no,telephone,24,nov,102,2,-1,0,unknown,no
38,housemaid,divorced,primary,no,6986,yes,no,cellular,13,feb,95,6,-1,0,unknown,no
27,admin.,single,secondary,no,2639,yes,no,unknown,21,oct,652,5,-1,0,unknown,yes
22,management,divorced,tertiary,no,-5836,yes,no,cellular,10,may,21,9,-1,0,unknown,no
53,technician,married,secondary,no,4600,yes,yes,telephone,11,sep,206,7,-1,0,unknown,no
23,self-employed,single,secondary,no,-3119,no,no,telephone,7,jun,181,5,-1,0,unknown,no
43,management,married,tertiary,yes,2116,no,no,telephone,2,mar,15,9,-1,0,unknown,no
21,entrepreneur,married,tertiary,no,-908,yes,no,cellular,19,mar,23,1,-1,0,unknown,no
56,entrepreneur,divorced,unknown,no,7870,yes,no,telephone,28,jul,124,3,-1,0,unknown,no
56,self-employed,divorced,secondary,no,5754,no,no,cellular,27,mar,37,2,-1,0,unknown,no
67,student,divorced,tertiary,no,-809,no,no,unknown,18,oct,167,7,-1,0,unknown,no
52,housemaid,married,tertiary,no,1039,no,no,cellular,26,mar,242,9,-1,0,unknown,no
18,self-employed,single,unknown,no,2158,yes,no,unknown,11,oct,303,2,-1,0,unknown,yes
41,student,divorced,primary,yes,4021,yes,no,cellular,17,dec,203,6,139,4,failure,no
74,retired,divorced,tertiary,no,1510,yes,no,unknown,3,jul,123,2,-1,0,unknown,no
53,unemployed,married,tertiary,no,-1660,yes,no,telephone,20,sep,35,3,212,2,other,no
23,services,single,secondary,no,-736,yes,no,cellular,12,sep,73,1,-1,0,unknown,no
58,unknown,married,unknown,no,1409,no,no,unknown,25,mar,140,6,-1,0,unknown,no
71,management,divorced,secondary,no,5137,yes,no,telephone,28,aug,665,2,-1,0,unknown,yes
63,unknown,married,primary,no,2710,no,no,telephone,2,jan,58,3,-1,0,unknown,no
61,housemaid,divorced,unknown,no,-904,yes,no,unknown,25,dec,137,6,157,4,success,no
74,unknown,single,secondary,no,3373,yes,yes,unknown,1,aug,340,6,-1,0,unknown,no
48,unknown,married,tertiary,no,258,yes,no,cellular,9,nov,315,4,-1,0,unknown,no
37,student,divorced,tertiary,no,4102,yes,no,unknown,22,feb,869,1,-1,0,unknown,yes
41,admin.,divorced,unknown,no,9026,no,no,unknown,24,apr,54,7,-1,0,unknown,no
42,technician,divorced,tertiary,yes,343,yes,no,telephone,19,jul,4,2,-1,0,unknown,no
53,retired,divorced,secondary,no,3835,yes,no,unknown,8,jun,100,6,-1,0,unknown,no
38,services,married,unknown,no,-819,no,no,unknown,27,dec,41,7,-1,0,unknown,no
47,technician,divorced,tertiary,no,1085,yes,no,unknown,9,sep,205,2,-1,0,unknown,no
41,admin.,married,tertiary,no,1511,yes,yes,telephone,7,aug,590,6,-1,0,unknown,yes
61,unknown,divorced,primary,no,840,yes,no,telephone,4,feb,300,1,373,4,success,no
59,services,married,primary,no,8834,yes,no,telephone,22,apr,37,6,183,4,failure,no
47,admin.,married,unknown,no,500,yes,no,telephone,16,jan,31,8,308,2,other,no
39,student,divorced,primary,no,3188,yes,yes,cellular,6,jul,625,8,25,4,success,yes
45,admin.,divorced,secondary,no,-4384,no,no,telephone,18,apr,172,7,66,3,other,no
24,student,divorced,tertiary,yes,2722,no,no,telephone,2,aug,663,4,-1,0,unknown,yes
52,admin.,divorced,tertiary,no,4859,yes,no,cellular,11,feb,343,4,345,4,failure,no
72,entrepreneur,single,tertiary,no,-164,yes,no,cellular,5,aug,1293,5,276,4,success,yes
45,services,divorced,unknown,no,-6130,yes,no,cellular,17,feb,528,8,-1,0,unknown,yes
31,self-employed,divorced,unknown,no,1306,no,no,unknown,5,nov,137,4,-1,0,unknown,no
73,admin.,divorced,primary,no,1474,yes,no,telephone,26,aug,366,9,-1,0,unknown,yes
27,unemployed,married,tertiary,no,3601,no,yes,unknown,31,jan,164,3,-1,0,unknown,no
33,unknown,divorced,tertiary,no,7473,no,no,cellular,3,feb,68,9,-1,0,unknown,no
33,services,married,tertiary,no,279,yes,no,cellular,19,may,71,2,-1,0,unknown,no
71,entrepreneur,married,tertiary,no,-1153,no,no,cellular,8,jan,130,6,-1,0,unknown,no
48,management,married,tertiary,no,-2088,yes,no,cellular,11,dec,30,5,-1,0,unknown,no
59,management,married,secondary,no,2019,yes,no,unknown,3,may,50,5,-1,0,unknown,no
42,retired,single,tertiary,no,2865,yes,no,cellular,3,may,179,6,24,2,failure,no
30,blue-collar,divorced,secondary,no,-218,yes,no,telephone,1,jul,793,7,-1,0,unknown,yes
23,unemployed,married,tertiary,no,3766,no,no,telephone,30,feb,222,4,-1,0,unknown,no
61,management,divorced,unknown,no,2823,no,no,telephone,24,feb,135,4,236,4,other,no
26,entrepreneur,married,unknown,no,1553,yes,yes,unknown,13,dec,71,9,-1,0,unknown,no
62,blue-collar,single,secondary,no,-1292,no,yes,cellular,31,jun,56,4,-1,0,unknown,no
53,admin.,married,tertiary,no,-26,yes,no,unknown,30,nov,277,8,-1,0,unknown,no
73,admin.,divorced,unknown,no,-5888,yes,no,telephone,10,oct,486,1,255,2,other,yes
60,housemaid,divorced,unknown,no,2132,yes,yes,cellular,26,mar,131,4,-1,0,unknown,no
37,unknown,single,tertiary,no,1502,no,no,unknown,6,aug,206,2,-1,0,unknown,no
35,blue-collar,divorced,tertiary,no,1990,no,no,cellular,11,mar,316,5,307,2,other,no
60,unknown,divorced,unknown,no,2940,no,yes,cellular,8,oct,15,2,109,3,other,no
74,entrepreneur,married,tertiary,no,2583,no,yes,unknown,19,apr,111,7,-1,0,unknown,no
38,unemployed,divorced,primary,no,1090,yes,yes,telephone,30,jul,337,7,275,1,other,yes
21,student,married,tertiary,no,1569,yes,no,unknown,11,jan,297,9,-1,0,unknown,no
67,blue-collar,single,unknown,no,-2802,yes,no,unknown,6,jan,14,4,-1,0,unknown,no
50,management,divorced,unknown,no,-333,no,no,telephone,31,sep,70,5,-1,0,unknown,no
44,unemployed,married,secondary,no,1574,yes,yes,unknown,12,dec,293,3,-1,0,unknown,no
24,housemaid,divorced,primary,no,-791,no,no,cellular,18,jun,81,7,-1,0,unknown,no
23,self-employed,married,unknown,no,4011,yes,no,telephone,3,may,434,5,-1,0,unknown,yes
32,unknown,single,primary,no,-558,yes,no,unknown,13,feb,7,9,-1,0,unknown,no
35,unknown,married,tertiary,no,2073,yes,no,cellular,4,feb,54,7,-1,0,unknown,no
49,unemployed,divorced,unknown,no,1773,no,no,telephone,9,jul,85,4,-1,0,unknown,no
73,admin.,married,secondary,no,3668,yes,yes,unknown,31,jun,669,7,-1,0,unknown,yes
28,unknown,divorced,unknown,no,4133,yes,no,telephone,16,dec,410,1,-1,0,unknown,yes
37,housemaid,single,secondary,no,3511,yes,no,cellular,12,aug,556,2,349,1,failure,yes
41,management,married,primary,no,-4913,no,no,cellular,20,mar,149,3,271,1,success,no
32,services,divorced,secondary,no,5016,no,no,telephone,7,mar,446,5,106,2,other,yes
65,management,divorced,tertiary,no,6018,no,no,cellular,12,may,495,5,-1,0,unknown,yes
24,management,divorced,tertiary,no,-27,yes,no,cellular,8,oct,131,7,184,1,failure,no
38,unknown,married,tertiary,no,2135,no,no,telephone,21,apr,1340,9,-1,0,unknown,yes
59,self-employed,married,unknown,no,-1257,no,no,telephone,15,dec,491,9,-1,0,unknown,yes
43,technician,married,tertiary,no,-4439,yes,yes,unknown,2,aug,942,6,-1,0,unknown,yes
61,student,single,tertiary,no,-799,yes,no,unknown,31,jun,519,7,371,2,failure,yes
73,admin.,divorced,unknown,no,-202,yes,no,telephone,11,aug,386,8,-1,0,unknown,yes
31,student,divorced,primary,no,355,yes,no,cellular,24,jul,742,4,-1,0,unknown,yes
74,unknown,single,tertiary,no,-1462,no,yes,cellular,21,feb,140,7,-1,0,unknown,no
54,student,single,tertiary,no,-783,no,yes,telephone,5,sep,394,6,-1,0,unknown,yes
38,admin.,married,unknown,no,1389,no,no,telephone,23,nov,61,8,-1,0,unknown,no
35,entrepreneur,married,primary,no,-894,yes,no,telephone,6,jun,340,1,-1,0,unknown,no
22,technician,married,primary,no,3058,no,no,cellular,19,nov,397,5,-1,0,unknown,yes
20,student,married,primary,no,3474,yes,no,unknown,30,nov,325,3,-1,0,unknown,no
40,unknown,married,unknown,no,8585,yes,no,unknown,14,jun,489,9,-1,0,unknown,yes
43,retired,married,secondary,no,4810,no,yes,cellular,7,dec,137,9,28,4,other,no
54,student,single,secondary,no,2154,yes,no,unknown,12,feb,203,3,177,3,other,no
41,management,single,tertiary,no,-443,no,no,telephone,30,sep,2,2,-1,0,unknown,no
66,entrepreneur,single,tertiary,no,2306,no,yes,telephone,17,jan,40,5,-1,0,unknown,no
36,technician,divorced,tertiary,no,2405,no,no,cellular,4,jun,266,4,-1,0,unknown,no
68,unknown,divorced,secondary,no,-121,yes,yes,cellular,20,aug,213,7,-1,0,unknown,no
42,housemaid,married,unknown,no,3781,no,no,telephone,22,feb,56,8,350,3,other,no
38,unemployed,single,tertiary,no,-2783,no,no,telephone,22,mar,71,4,246,4,other,no
29,unemployed,divorced,unknown,no,687,no,yes,cellular,10,oct,108,3,268,1,failure,no
74,admin.,divorced,tertiary,yes,3095,no,no,cellular,24,oct,325,9,-1,0,unknown,no
58,student,single,unknown,no,557,no,no,telephone,28,jul,242,8,-1,0,unknown,no
50,technician,divorced,unknown,no,800,yes,no,telephone,1,nov,18,7,-1,0,unknown,no
67,management,divorced,secondary,no,1008,no,no,unknown,29,dec,368,8,-1,0,unknown,yes
70,management,single,unknown,no,-1091,no,yes,unknown,23,jan,78,8,11,4,failure,no
21,self-employed,divorced,primary,no,4955,no,no,telephone,30,may,287,8,-1,0,unknown,yes
59,services,single,secondary,no,-1640,no,yes,cellular,4,nov,33,1,-1,0,unknown,no
74,unemployed,divorced,tertiary,no,2380,yes,no,unknown,13,jun,1593,4,-1,0,unknown,yes
24,student,single,secondary,no,2667,yes,no,unknown,6,oct,21,7,-1,0,unknown,no
39,entrepreneur,divorced,primary,no,-1431,yes,no,telephone,26,jul,349,6,-1,0,unknown,yes
72,technician,divorced,primary,no,1642,yes,no,cellular,15,oct,201,3,312,3,success,no
50,management,single,unknown,no,-1314,yes,yes,cellular,14,oct,23,3,-1,0,unknown,no
34,services,divorced,primary,no,5608,yes,no,telephone,25,jul,7,4,-1,0,unknown,no
41,technician,single,primary,no,-2003,yes,no,cellular,3,mar,116,6,-1,0,unknown,no
51,student,single,primary,no,-544,no,no,telephone,24,jul,418,1,-1,0,unknown,yes
45,blue-collar,divorced,primary,no,-2260,yes,no,cellular,19,jan,10,4,-1,0,unknown,no
60,management,married,tertiary,no,-2662,yes,no,telephone,6,nov,314,9,-1,0,unknown,yes
58,blue-collar,divorced,tertiary,no,6210,yes,yes,cellular,2,apr,274,7,-1,0,unknown,no
56,technician,married,secondary,no,3056,yes,no,telephone,9,jul,79,6,-1,0,unknown,no
39,student,married,unknown,no,1845,yes,no,telephone,30,jul,20,5,380,2,failure,no
66,management,divorced,tertiary,no,-552,yes,yes,cellular,13,apr,636,2,-1,0,unknown,yes
34,self-employed,married,primary,no,4154,no,no,telephone,18,jan,92,2,-1,0,unknown,no
51,blue-collar,single,unknown,no,-1057,yes,no,unknown,12,aug,30,6,-1,0,unknown,no
23,retired,single,tertiary,no,3811,no,no,cellular,21,apr,295,9,-1,0,unknown,no
63,services,married,secondary,no,-1202,no,yes,telephone,22,feb,63,9,-1,0,unknown,no
23,entrepreneur,single,primary,no,-516,no,no,cellular,4,apr,166,1,-1,0,unknown,no
51,unemployed,divorced,unknown,no,3704,yes,no,cellular,28,aug,13,7,-1,0,unknown,no
18,services,single,tertiary,no,4022,yes,no,telephone,23,aug,1279,7,-1,0,unknown,yes
27,blue-collar,married,unknown,no,3220,yes,yes,unknown,29,may,153,2,-1,0,unknown,no
38,management,divorced,tertiary,no,-1735,yes,yes,cellular,7,feb,1812,4,-1,0,unknown,yes
22,self-employed,single,secondary,no,78,yes,no,unknown,12,jul,125,8,-1,0,unknown,no
19,retired,divorced,primary,no,1895,no,no,unknown,23,mar,110,6,384,1,success,no
39,self-employed,married,secondary,no,-1132,yes,yes,telephone,11,jun,634,7,158,1,success,yes
65,retired,single,primary,no,5548,yes,no,telephone,7,sep,103,6,-1,0,unknown,no
74,unemployed,divorced,primary,yes,-5804,yes,no,cellular,29,may,145,9,253,4,failure,no
19,self-employed,divorced,unknown,no,-920,no,no,telephone,26,sep,20,9,-1,0,unknown,no
27,retired,single,tertiary,no,-110,no,no,cellular,27,apr,802,6,-1,0,unknown,yes
51,self-employed,divorced,secondary,no,-7134,yes,yes,cellular,10,sep,22,6,-1,0,unknown,no
33,services,divorced,secondary,no,-2778,yes,no,unknown,9,jan,380,9,-1,0,unknown,yes
65,unknown,married,secondary,no,3304,yes,yes,telephone,2,apr,199,9,-1,0,unknown,no
68,retired,married,unknown,no,1514,no,yes,telephone,5,nov,16,3,287,4,failure,no
56,unemployed,married,unknown,yes,6156,no,yes,cellular,10,jan,0,7,-1,0,unknown,no
39,retired,married,unknown,no,6072,no,no,unknown,25,dec,707,3,-1,0,unknown,yes
29,retired,married,primary,no,2726,yes,no,telephone,28,sep,349,4,-1,0,unknown,no
41,housemaid,married,secondary,no,2365,no,no,unknown,29,aug,299,9,-1,0,unknown,no
64,services,single,primary,no,1621,no,no,unknown,14,aug,148,8,-1,0,unknown,no
57,blue-collar,married,secondary,no,-6566,no,no,cellular,27,jul,70,6,-1,0,unknown,no
55,admin.,divorced,secondary,no,-2773,no,no,telephone,16,sep,293,6,93,4,failure,no
27,unknown,single,tertiary,no,1725,yes,yes,telephone,27,nov,241,8,-1,0,unknown,no
52,retired,divorced,secondary,no,3276,yes,no,telephone,2,nov,334,2,69,3,success,yes
68,entrepreneur,married,unknown,no,2294,yes,yes,unknown,19,mar,117,5,-1,0,unknown,no
66,retired,married,unknown,no,-1262,no,no,telephone,23,jul,1118,7,-1,0,unknown,yes
49,housemaid,divorced,unknown,no,4243,no,no,cellular,9,jun,17,3,358,3,success,no
24,self-employed,divorced,tertiary,no,5883,yes,no,unknown,14,may,21,8,-1,0,unknown,no
38,blue-collar,divorced,tertiary,no,4245,yes,no,telephone,15,sep,641,3,-1,0,unknown,yes
37,entrepreneur,single,primary,no,4400,yes,no,unknown,19,apr,269,4,-1,0,unknown,no
43,unknown,married,secondary,no,-259,no,no,unknown,31,mar,101,6,-1,0,unknown,no
21,entrepreneur,divorced,secondary,no,4660,yes,no,unknown,26,nov,370,6,-1,0,unknown,yes
63,services,married,unknown,no,1861,yes,no,cellular,8,mar,155,2,-1,0,unknown,no
69,unemployed,divorced,unknown,no,2962,yes,yes,telephone,27,feb,5,2,-1,0,unknown,no
39,unemployed,married,unknown,no,2522,yes,no,telephone,15,jan,271,3,250,1,success,no
32,unknown,single,unknown,no,1057,no,no,unknown,8,mar,71,3,384,2,other,no
73,student,married,unknown,no,-1164,no,no,telephone,28,aug,31,4,-1,0,unknown,no
57,blue-collar,divorced,unknown,no,1175,yes,no,unknown,4,dec,65,4,378,4,success,no
38,student,married,secondary,no,4392,no,no,unknown,27,jun,166,4,-1,0,unknown,no
32,unemployed,single,tertiary,no,94,yes,no,unknown,29,feb,13,3,-1,0,unknown,no
39,technician,single,unknown,no,4111,no,yes,cellular,6,aug,553,1,-1,0,unknown,yes
69,housemaid,married,secondary,no,3640,yes,no,telephone,11,may,211,9,-1,0,unknown,no
45,unknown,divorced,unknown,no,523,yes,no,unknown,12,dec,89,2,-1,0,unknown,no
31,unknown,single,primary,no,5601,yes,no,telephone,24,apr,299,3,-1,0,unknown,yes
44,admin.,single,primary,no,353,yes,yes,cellular,28,jan,420,2,238,1,failure,yes
58,admin.,married,secondary,no,5965,yes,no,cellular,9,dec,245,6,-1,0,unknown,no
57,services,single,tertiary,no,2729,no,no,unknown,18,jan,58,6,-1,0,unknown,no
45,services,single,primary,no,1375,no,yes,cellular,17,apr,30,1,-1,0,unknown,no
43,admin.,divorced,primary,no,-1248,yes,no,cellular,21,dec,507,4,-1,0,unknown,yes
66,student,divorced,tertiary,no,1157,no,yes,cellular,26,sep,69,5,-1,0,unknown,no
19,unemployed,divorced,primary,no,809,yes,no,cellular,3,oct,5,6,262,3,failure,no
42,management,married,unknown,no,-2363,no,no,cellular,27,oct,265,5,210,1,failure,no
73,unknown,single,tertiary,no,768,no,no,cellular,13,jun,42,3,237,2,failure,no
20,technician,married,primary,no,-995,no,no,telephone,6,jan,1214,3,-1,0,unknown,yes
25,unknown,single,tertiary,no,3186,yes,no,cellular,28,dec,525,3,-1,0,unknown,yes
61,retired,single,unknown,no,5353,yes,no,telephone,14,aug,241,6,-1,0,unknown,no
50,blue-collar,single,primary,no,-2268,yes,no,unknown,27,dec,463,4,-1,0,unknown,yes
59,housemaid,divorced,secondary,no,6575,yes,no,cellular,1,sep,164,4,-1,0,unknown,no
69,management,married,primary,no,1036,no,no,cellular,28,feb,400,3,-1,0,unknown,yes
52,technician,married,primary,no,-1510,yes,no,telephone,27,jun,268,4,-1,0,unknown,no
23,retired,single,unknown,no,3703,yes,no,cellular,4,jul,7,8,264,1,success,no
56,services,married,secondary,no,79,yes,no,telephone,22,nov,766,3,-1,0,unknown,yes
69,technician,divorced,secondary,no,1177,yes,no,telephone,18,jan,508,3,-1,0,unknown,yes
40,student,married,secondary,no,206,no,no,cellular,11,nov,791,6,-1,0,unknown,yes
42,admin.,single,unknown,no,-1034,yes,no,unknown,11,may,339,1,-1,0,unknown,no
67,unknown,divorced,unknown,no,3601,no,yes,unknown,8,nov,137,6,-1,0,unknown,no
60,technician,divorced,unknown,no,561,yes,no,unknown,4,nov,59,9,-1,0,unknown,no
36,blue-collar,single,unknown,no,-2899,no,no,telephone,2,may,51,3,-1,0,unknown,no
22,entrepreneur,married,unknown,no,3081,no,yes,telephone,1,mar,40,2,-1,0,unknown,no
68,services,single,secondary,no,-2204,no,no,cellular,24,feb,64,3,-1,0,unknown,no
28,self-employed,married,tertiary,no,-2047,no,no,telephone,10,jan,206,3,-1,0,unknown,no
73,housemaid,married,unknown,no,5011,yes,no,unknown,17,jun,297,2,210,4,other,no
29,student,divorced,tertiary,no,-2176,no,yes,cellular,7,jul,97,4,-1,0,unknown,no
27,housemaid,single,primary,no,-5547,no,no,unknown,7,feb,205,8,-1,0,unknown,no
25,technician,divorced,primary,no,3297,no,no,cellular,13,feb,107,7,-1,0,unknown,no
41,entrepreneur,single,unknown,yes,508,no,no,unknown,22,may,307,9,276,4,other,no
45,unknown,single,primary,no,768,no,no,cellular,24,may,1151,8,-1,0,unknown,yes
58,self-employed,divorced,tertiary,no,476,yes,no,unknown,26,mar,301,7,-1,0,unknown,no
53,student,single,primary,no,2120,yes,no,telephone,1,mar,15,6,-1,0,unknown,no
54,retired,single,primary,no,-841,yes,no,unknown,28,jan,167,3,-1,0,unknown,no
38,management,married,tertiary,no,5864,no,no,cellular,1,mar,379,4,-1,0,unknown,no
25,unknown,single,primary,no,-3018,yes,no,unknown,13,sep,201,8,-1,0,unknown,no
72,retired,single,unknown,no,2761,no,no,telephone,1,feb,778,2,-1,0,unknown,yes
26,management,divorced,tertiary,no,3355,yes,no,cellular,6,jan,14,6,-1,0,unknown,no
64,entrepreneur,divorced,tertiary,no,-862,yes,no,telephone,23,sep,88,1,-1,0,unknown,no
32,management,single,secondary,no,-1657,no,no,unknown,26,may,64,7,-1,0,unknown,no
65,unknown,married,secondary,no,4483,no,no,cellular,25,aug,376,4,-1,0,unknown,yes
63,student,married,tertiary,no,-1558,no,no,unknown,10,nov,191,1,-1,0,unknown,no
57,blue-collar,divorced,tertiary,no,-402,yes,no,cellular,21,apr,38,5,-1,0,unknown,no
35,technician,single,secondary,no,4092,yes,no,telephone,1,aug,86,5,-1,0,unknown,no
59,retired,single,unknown,no,1527,yes,no,telephone,25,dec,190,6,101,4,other,no
37,blue-collar,married,primary,no,-3984,yes,no,telephone,5,may,1432,8,259,2,other,yes
23,retired,married,primary,no,6679,yes,yes,unknown,22,jun,116,4,292,4,success,no
29,student,married,primary,no,-171,yes,yes,cellular,25,jun,44,7,-1,0,unknown,no
19,technician,divorced,tertiary,no,211,yes,yes,telephone,2,jun,177,4,-1,0,unknown,no
24,unemployed,single,unknown,no,2192,no,yes,unknown,30,feb,95,2,100,3,success,no
33,management,divorced,secondary,no,3303,yes,yes,unknown,3,oct,215,8,-1,0,unknown,no
20,entrepreneur,single,unknown,no,7323,yes,no,cellular,30,oct,162,5,-1,0,unknown,no
62,unemployed,divorced,unknown,no,-3572,yes,no,telephone,23,sep,301,4,-1,0,unknown,no
20,unemployed,single,primary,no,3908,no,no,unknown,3,jul,633,2,73,2,success,yes
44,housemaid,married,secondary,no,3658,yes,no,telephone,31,mar,57,7,-1,0,unknown,no
67,admin.,married,unknown,no,1010,yes,no,cellular,18,feb,444,5,-1,0,unknown,yes
60,unknown,married,secondary,no,3791,yes,no,telephone,23,apr,769,9,-1,0,unknown,yes
57,blue-collar,divorced,tertiary,no,4234,no,no,telephone,8,aug,120,7,-1,0,unknown,no
55,blue-collar,married,primary,no,-2735,no,no,unknown,9,sep,31,9,-1,0,unknown,no
50,blue-collar,single,secondary,no,6688,no,no,unknown,2,oct,445,5,-1,0,unknown,yes
45,student,divorced,tertiary,no,-3267,yes,no,cellular,29,feb,311,6,-1,0,unknown,yes
18,blue-collar,single,tertiary,no,-1993,no,yes,cellular,2,jun,61,8,-1,0,unknown,no
72,student,divorced,tertiary,no,635,no,no,cellular,27,aug,152,6,-1,0,unknown,no
25,unknown,single,unknown,no,7215,no,no,unknown,16,mar,222,4,-1,0,unknown,no
54,unemployed,single,unknown,yes,495,no,no,cellular,7,nov,48,2,380,4,success,no
49,unknown,divorced,primary,no,1326,yes,no,cellular,30,sep,323,6,-1,0,unknown,no
65,blue-collar,divorced,primary,no,5732,yes,yes,unknown,31,apr,302,9,-1,0,unknown,no
60,admin.,married,tertiary,no,519,no,no,cellular,4,may,562,8,-1,0,unknown,yes
54,services,married,primary,no,-2122,no,yes,unknown,5,dec,216,3,214,2,other,no
21,technician,single,unknown,no,167,yes,yes,cellular,1,jul,220,5,-1,0,unknown,no
47,blue-collar,single,primary,no,5547,yes,yes,unknown,31,nov,249,6,-1,0,unknown,no
23,entrepreneur,single,secondary,no,1636,no,no,telephone,22,nov,82,7,-1,0,unknown,no
63,services,divorced,unknown,no,7232,yes,yes,unknown,10,may,366,2,-1,0,unknown,yes
71,unknown,divorced,tertiary,no,3643,yes,no,unknown,13,apr,280,6,-1,0,unknown,no
36,entrepreneur,married,tertiary,yes,-517,yes,no,unknown,24,apr,471,2,-1,0,unknown,yes
49,entrepreneur,single,primary,no,1576,no,no,cellular,27,may,377,8,-1,0,unknown,no
26,retired,married,unknown,no,-1144,no,no,unknown,15,mar,262,7,-1,0,unknown,no
29,entrepreneur,divorced,tertiary,no,-588,yes,yes,unknown,1,sep,45,2,-1,0,unknown,no
28,blue-collar,divorced,tertiary,no,14900,yes,no,cellular,18,dec,648,4,-1,0,unknown,yes
63,retired,divorced,unknown,no,4488,yes,no,telephone,23,feb,118,7,-1,0,unknown,no
72,housemaid,married,unknown,no,4014,yes,no,unknown,14,dec,859,9,-1,0,unknown,yes
33,unemployed,divorced,tertiary,no,-452,no,no,cellular,18,jul,132,3,6,3,failure,no
18,entrepreneur,single,primary,no,6145,yes,yes,telephone,25,apr,40,8,275,3,other,no
62,admin.,married,primary,no,4731,yes,no,unknown,22,aug,557,9,86,1,failure,yes
72,self-employed,divorced,primary,yes,7084,no,no,telephone,12,jul,408,8,-1,0,unknown,yes
70,technician,married,secondary,no,6938,yes,no,unknown,12,aug,398,4,-1,0,unknown,yes
38,entrepreneur,married,unknown,no,-3027,yes,no,unknown,5,apr,24,4,-1,0,unknown,no
47,student,divorced,tertiary,no,-1916,no,no,telephone,7,nov,545,7,-1,0,unknown,yes
30,housemaid,divorced,secondary,no,-1597,no,no,telephone,26,feb,234,4,-1,0,unknown,no
51,management,married,primary,yes,-1417,yes,no,telephone,24,jul,163,7,-1,0,unknown,no
21,student,married,secondary,no,2396,yes,no,unknown,13,dec,630,9,-1,0,unknown,yes
45,unknown,divorced,tertiary,no,-282,no,no,unknown,9,sep,282,9,379,2,failure,no
55,self-employed,single,tertiary,no,7659,no,no,cellular,6,jun,36,9,-1,0,unknown,no
48,unknown,married,unknown,no,7154,yes,no,cellular,21,jul,189,6,-1,0,unknown,no
72,housemaid,married,primary,no,1403,no,no,cellular,7,jun,261,1,11,4,other,no
44,management,single,primary,yes,7306,no,no,unknown,18,feb,590,8,356,4,other,yes
22,unknown,divorced,secondary,no,5900,no,no,telephone,15,sep,84,6,66,4,success,no
42,unknown,divorced,primary,yes,66,yes,no,cellular,8,may,407,7,-1,0,unknown,no
20,unknown,single,secondary,no,-4622,yes,yes,unknown,28,dec,414,2,-1,0,unknown,yes
50,housemaid,divorced,tertiary,no,767,yes,no,telephone,20,mar,35,3,-1,0,unknown,no
21,self-employed,divorced,tertiary,no,-516,yes,no,cellular,16,apr,4,6,-1,0,unknown,no
42,unemployed,married,tertiary,no,2044,no,yes,telephone,17,apr,224,3,319,4,failure,no
37,technician,married,tertiary,no,1691,yes,no,telephone,3,dec,402,5,328,1,failure,yes
51,housemaid,married,tertiary,no,1612,no,no,cellular,13,sep,208,4,-1,0,unknown,no
43,management,single,secondary,no,2998,yes,yes,cellular,9,nov,433,5,-1,0,unknown,yes
22,entrepreneur,divorced,tertiary,no,-2225,no,no,unknown,20,may,251,8,88,2,other,no
52,unemployed,divorced,secondary,no,2660,yes,no,telephone,15,feb,273,4,116,1,success,no
45,unemployed,married,tertiary,no,100,yes,no,cellular,26,jun,7,9,-1,0,unknown,no
46,entrepreneur,married,secondary,no,2024,yes,no,cellular,26,dec,23,3,-1,0,unknown,no
26,admin.,single,secondary,no,4303,no,no,telephone,30,jul,333,7,-1,0,unknown,no
69,retired,divorced,secondary,no,-2261,yes,no,telephone,27,aug,371,7,-1,0,unknown,no
55,technician,single,primary,no,576,yes,no,telephone,16,may,201,1,158,3,failure,no
67,technician,divorced,secondary,no,1066,yes,no,cellular,16,aug,230,3,-1,0,unknown,no
23,admin.,single,secondary,no,-124,no,no,cellular,19,aug,245,1,-1,0,unknown,no
36,retired,married,tertiary,no,4130,no,yes,unknown,4,apr,28,8,-1,0,unknown,no
61,technician,single,secondary,no,-744,no,no,telephone,19,jul,284,5,-1,0,unknown,yes
74,management,single,secondary,no,-248,no,yes,cellular,19,dec,167,4,-1,0,unknown,no
28,services,married,unknown,no,-713,yes,no,cellular,2,sep,238,3,-1,0,unknown,no
19,services,divorced,primary,no,4708,no,no,telephone,6,oct,213,7,373,1,other,no
64,technician,divorced,unknown,no,-58,yes,no,cellular,13,apr,371,8,-1,0,unknown,no
61,blue-collar,married,tertiary,no,2807,yes,no,telephone,15,sep,98,8,-1,0,unknown,no
61,technician,single,primary,no,7367,no,no,cellular,10,dec,120,1,-1,0,unknown,no
26,entrepreneur,single,primary,no,1197,yes,yes,telephone,22,apr,128,7,-1,0,unknown,no
38,entrepreneur,single,unknown,no,4769,yes,no,telephone,10,jan,370,5,64,4,failure,yes
41,student,divorced,primary,no,6452,yes,no,cellular,4,apr,145,2,-1,0,unknown,no
51,retired,single,unknown,no,4513,no,no,telephone,14,feb,50,8,-1,0,unknown,no
39,unknown,divorced,secondary,no,1372,no,no,unknown,8,jun,1051,2,-1,0,unknown,yes
20,unemployed,single,unknown,no,3355,yes,no,unknown,6,aug,175,6,107,4,success,no
29,management,married,primary,no,-2450,yes,no,telephone,12,jun,29,5,-1,0,unknown,no
45,admin.,married,primary,no,-924,no,no,unknown,8,sep,286,6,-1,0,unknown,no
47,self-employed,divorced,tertiary,no,-396,no,yes,cellular,6,jun,346,8,340,3,other,yes
43,technician,divorced,tertiary,no,8165,no,no,cellular,15,nov,178,9,-1,0,unknown,no
65,unknown,married,tertiary,no,-1022,yes,no,telephone,29,jul,268,3,-1,0,unknown,no
38,unknown,married,tertiary,no,-1066,yes,yes,cellular,25,dec,48,3,-1,0,unknown,no
45,management,single,primary,no,-1718,yes,yes,cellular,19,may,118,7,-1,0,unknown,no
73,admin.,married,tertiary,no,3107,no,no,unknown,14,aug,45,3,-1,0,unknown,no
43,entrepreneur,divorced,unknown,no,1852,yes,no,cellular,3,feb,126,5,-1,0,unknown,no
50,housemaid,married,secondary,no,4693,yes,no,cellular,18,feb,213,4,-1,0,unknown,no
38,management,divorced,primary,no,3442,yes,no,unknown,10,nov,150,9,114,4,failure,no
52,unknown,divorced,tertiary,no,-2730,no,no,telephone,14,aug,232,8,-1,0,unknown,no
69,services,single,primary,no,-1006,yes,no,telephone,14,jun,179,9,-1,0,unknown,no
51,technician,single,tertiary,no,5531,no,yes,unknown,22,feb,98,6,-1,0,unknown,no
58,retired,single,primary,no,811,no,no,unknown,7,jun,39,2,-1,0,unknown,no
68,services,single,tertiary,no,4996,no,no,cellular,7,nov,75,8,-1,0,unknown,no
64,unknown,married,secondary,no,972,yes,no,cellular,21,aug,57,1,-1,0,unknown,no
35,unemployed,single,tertiary,no,-1488,no,no,telephone,22,jun,317,5,381,3,other,no
28,self-employed,married,unknown,no,510,yes,no,telephone,23,sep,442,2,-1,0,unknown,yes
74,blue-collar,single,primary,no,-1489,yes,no,unknown,11,jun,328,7,-1,0,unknown,no
40,admin.,single,primary,no,-278,no,no,cellular,18,mar,266,5,-1,0,unknown,no
65,student,divorced,unknown,no,2027,yes,no,unknown,10,sep,94,3,-1,0,unknown,no
39,entrepreneur,married,unknown,no,2962,yes,no,telephone,15,oct,320,7,-1,0,unknown,yes
34,technician,divorced,secondary,no,-3361,yes,no,telephone,30,may,239,3,-1,0,unknown,no
22,retired,single,primary,no,1370,yes,yes,unknown,12,jun,12,6,-1,0,unknown,no
61,housemaid,married,secondary,no,-342,yes,yes,cellular,23,apr,614,4,-1,0,unknown,yes
28,entrepreneur,single,primary,no,-528,yes,no,cellular,17,mar,21,2,-1,0,unknown,no
47,technician,divorced,primary,no,1822,yes,no,unknown,22,oct,180,9,-1,0,unknown,no
32,housemaid,married,secondary,no,-233,no,no,telephone,24,may,185,6,-1,0,unknown,no
44,retired,divorced,primary,yes,5581,yes,no,unknown,29,dec,468,5,-1,0,unknown,yes
52,unknown,single,primary,no,4997,yes,no,unknown,17,mar,630,5,-1,0,unknown,yes
50,blue-collar,single,secondary,no,4979,yes,no,cellular,1,feb,724,8,113,3,other,yes
37,services,single,tertiary,no,-66,no,no,telephone,6,jun,217,5,-1,0,unknown,no
33,services,married,secondary,no,-1473,no,no,telephone,21,aug,293,8,-1,0,unknown,no
51,unknown,divorced,primary,no,1669,no,no,cellular,15,mar,23,8,-1,0,unknown,no
19,entrepreneur,divorced,unknown,no,970,yes,no,telephone,19,jun,172,1,-1,0,unknown,no
52,self-employed,single,tertiary,no,-408,yes,no,telephone,14,nov,588,4,-1,0,unknown,yes
57,unknown,divorced,unknown,no,-2114,yes,yes,cellular,10,sep,156,9,-1,0,unknown,no
73,unknown,married,tertiary,no,1298,yes,no,telephone,29,jan,18,2,-1,0,unknown,no
45,student,single,unknown,no,207,yes,no,telephone,10,mar,57,4,309,3,success,no
64,technician,single,tertiary,no,3494,no,yes,unknown,23,feb,144,4,-1,0,unknown,no
56,self-employed,single,secondary,no,3424,yes,no,telephone,7,dec,69,1,-1,0,unknown,no
23,student,married,tertiary,no,4735,no,yes,unknown,7,aug,128,7,-1,0,unknown,no
26,student,single,tertiary,no,-2366,yes,no,unknown,14,sep,104,1,325,2,failure,no
37,technician,single,tertiary,no,2629,no,no,unknown,15,oct,99,5,-1,0,unknown,no
18,retired,single,primary,no,-765,yes,yes,cellular,22,jun,24,8,175,1,success,no
25,blue-collar,single,unknown,no,-2249,no,yes,cellular,20,mar,552,4,-1,0,unknown,yes
72,student,divorced,secondary,no,133,yes,no,telephone,9,oct,304,5,-1,0,unknown,yes
40,technician,single,unknown,no,4638,no,yes,unknown,28,aug,251,3,-1,0,unknown,no
20,retired,married,unknown,no,302,yes,no,telephone,15,oct,240,5,-1,0,unknown,no
21,unemployed,single,secondary,no,6133,yes,no,telephone,9,jul,130,3,-1,0,unknown,no
42,unknown,single,primary,no,3074,yes,no,telephone,23,feb,447,4,-1,0,unknown,yes
64,unknown,divorced,tertiary,no,237,yes,no,telephone,7,nov,686,3,-1,0,unknown,yes
55,entrepreneur,single,primary,no,4913,no,no,telephone,24,jul,1,5,-1,0,unknown,no
32,student,divorced,primary,no,2763,no,no,unknown,11,jan,21,2,-1,0,unknown,no
38,unemployed,married,tertiary,no,-1383,no,no,unknown,5,aug,289,9,-1,0,unknown,no
52,entrepreneur,divorced,unknown,no,7016,no,no,unknown,27,dec,69,3,90,3,other,no
74,student,single,tertiary,no,2203,yes,no,unknown,9,may,626,1,15,1,success,yes
70,housemaid,married,secondary,no,1479,no,no,cellular,6,sep,284,5,-1,0,unknown,no
70,retired,single,tertiary,no,-1151,yes,no,unknown,7,dec,118,4,-1,0,unknown,no
63,retired,divorced,unknown,no,4972,no,yes,unknown,28,nov,138,2,204,1,failure,no
69,self-employed,married,primary,no,2979,yes,yes,unknown,23,dec,302,8,-1,0,unknown,no
31,unknown,married,primary,no,3316,no,no,cellular,25,mar,39,9,-1,0,unknown,no
53,management,divorced,tertiary,no,-104,yes,no,telephone,23,dec,554,6,-1,0,unknown,yes
29,housemaid,divorced,secondary,no,3932,yes,no,cellular,14,jul,1,8,-1,0,unknown,no
34,retired,married,unknown,no,4166,yes,no,unknown,19,aug,996,2,-1,0,unknown,yes
56,technician,married,primary,no,-589,yes,no,unknown,22,jan,47,6,-1,0,unknown,no
26,unknown,divorced,tertiary,no,-2840,yes,no,cellular,22,jun,349,1,230,4,other,no
52,entrepreneur,single,secondary,no,3172,yes,no,telephone,11,nov,10,3,-1,0,unknown,no
30,unemployed,married,secondary,no,-3311,no,no,cellular,28,feb,145,7,-1,0,unknown,no
32,entrepreneur,divorced,primary,yes,1880,yes,no,cellular,7,aug,256,1,-1,0,unknown,no
35,student,single,primary,no,77,no,no,unknown,6,jun,18,6,-1,0,unknown,no
68,services,married,unknown,no,5089,yes,no,cellular,4,nov,151,7,-1,0,unknown,no
50,management,married,secondary,no,240,yes,no,cellular,14,nov,93,3,-1,0,unknown,no
23,retired,divorced,unknown,no,4754,no,no,cellular,22,dec,177,8,-1,0,unknown,no
44,blue-collar,single,secondary,no,-124,yes,no,cellular,3,mar,181,8,-1,0,unknown,no
40,admin.,married,secondary,no,4431,yes,no,cellular,17,apr,396,5,-1,0,unknown,no
44,management,single,tertiary,no,7622,no,yes,cellular,15,jul,34,2,-1,0,unknown,no
51,self-employed,single,primary,no,-1790,yes,no,unknown,1,sep,22,2,-1,0,unknown,no
73,student,married,secondary,no,2301,no,no,unknown,21,nov,132,5,-1,0,unknown,no
63,unknown,single,unknown,no,9694,yes,no,unknown,11,oct,563,4,359,2,success,yes
55,retired,married,primary,no,1623,yes,no,unknown,13,feb,498,4,-1,0,unknown,yes
31,unemployed,single,unknown,no,1608,no,no,cellular,30,sep,211,5,-1,0,unknown,no
53,retired,married,primary,no,3795,no,no,cellular,24,jun,566,1,-1,0,unknown,yes
70,admin.,divorced,primary,no,1546,yes,no,cellular,3,feb,422,7,-1,0,unknown,yes
25,self-employed,married,secondary,no,-3714,no,no,cellular,13,aug,84,3,-1,0,unknown,no
52,unemployed,married,tertiary,no,4830,no,no,unknown,18,apr,48,8,-1,0,unknown,no
36,entrepreneur,married,secondary,no,-4603,yes,yes,unknown,24,nov,92,9,-1,0,unknown,no
47,unemployed,single,primary,no,168,yes,no,cellular,9,aug,66,8,-1,0,unknown,no
31,self-employed,divorced,secondary,no,5056,no,no,cellular,25,nov,251,2,238,1,failure,no
37,management,single,secondary,no,350,yes,no,cellular,2,jul,226,7,94,4,other,no
66,entrepreneur,single,primary,no,-664,yes,no,cellular,28,jul,235,4,-1,0,unknown,no
42,retired,married,primary,no,4068,yes,no,telephone,8,nov,54,5,-1,0,unknown,no
57,unknown,single,secondary,no,-1138,no,no,telephone,2,jul,404,5,-1,0,unknown,no
41,housemaid,married,secondary,no,-2254,no,no,telephone,23,feb,146,9,-1,0,unknown,no
31,student,divorced,secondary,no,2249,no,no,telephone,24,aug,164,2,-1,0,unknown,no
43,student,single,unknown,no,872,no,no,cellular,1,feb,1495,2,-1,0,unknown,yes
55,unknown,single,secondary,no,-2319,yes,no,cellular,24,mar,85,3,-1,0,unknown,no
40,retired,single,unknown,no,3339,yes,no,cellular,31,oct,129,5,-1,0,unknown,no
39,admin.,married,tertiary,no,2820,no,no,telephone,3,jul,291,4,-1,0,unknown,yes
65,student,married,unknown,no,340,no,no,telephone,29,jul,547,9,-1,0,unknown,yes
74,housemaid,single,secondary,no,546,yes,no,cellular,17,dec,34,3,-1,0,unknown,no
36,student,single,tertiary,no,2838,yes,no,telephone,7,jul,342,1,-1,0,unknown,no
63,retired,divorced,unknown,no,5004,yes,no,unknown,10,apr,646,5,-1,0,unknown,yes
68,blue-collar,divorced,unknown,no,572,yes,no,telephone,19,may,141,8,-1,0,unknown,no
20,management,divorced,primary,no,3392,yes,no,telephone,24,jul,87,1,-1,0,unknown,no
59,blue-collar,divorced,tertiary,no,3123,yes,no,telephone,9,aug,292,1,-1,0,unknown,yes
36,student,divorced,primary,no,4068,no,no,telephone,18,mar,72,6,-1,0,unknown,no
26,entrepreneur,married,tertiary,no,1541,yes,no,cellular,15,jun,125,7,-1,0,unknown,no
45,services,divorced,unknown,no,-1322,no,no,unknown,17,dec,586,8,-1,0,unknown,yes
37,retired,divorced,primary,no,31,yes,no,cellular,24,sep,230,8,-1,0,unknown,no
62,technician,single,secondary,no,2454,yes,no,telephone,26,oct,25,3,-1,0,unknown,no
24,technician,married,unknown,no,6894,no,no,telephone,22,nov,103,4,261,2,other,no
31,unemployed,divorced,tertiary,no,-33,no,no,telephone,26,dec,254,9,-1,0,unknown,no
26,unknown,divorced,tertiary,no,3844,yes,no,telephone,17,may,169,5,63,1,failure,no
72,unknown,divorced,primary,no,435,no,no,telephone,19,apr,278,9,-1,0,unknown,no
74,self-employed,single,primary,no,1755,no,no,unknown,9,sep,369,5,-1,0,unknown,no
36,unknown,single,tertiary,no,5982,yes,no,cellular,25,apr,169,5,-1,0,unknown,no
64,blue-collar,single,unknown,no,3722,yes,no,telephone,6,mar,1119,9,-1,0,unknown,yes
69,management,divorced,primary,yes,-2312,no,no,unknown,19,jul,635,6,-1,0,unknown,yes
31,retired,single,secondary,no,-299,yes,no,cellular,8,may,15,3,-1,0,unknown,no
73,admin.,divorced,tertiary,no,5202,yes,no,cellular,6,jan,79,5,-1,0,unknown,no
55,unemployed,married,secondary,no,1849,yes,no,cellular,17,aug,92,1,-1,0,unknown,no
70,entrepreneur,divorced,tertiary,no,-2033,yes,no,telephone,6,nov,52,9,-1,0,unknown,no
53,housemaid,single,secondary,no,-1041,no,yes,telephone,13,jan,96,7,-1,0,unknown,no
57,entrepreneur,married,unknown,no,3539,yes,no,unknown,21,sep,142,1,-1,0,unknown,no
34,retired,divorced,tertiary,no,4415,yes,no,unknown,24,jan,13,4,121,1,other,no
47,services,married,unknown,no,1476,yes,no,cellular,29,apr,35,2,-1,0,unknown,no
26,unknown,married,primary,no,8871,no,yes,telephone,2,oct,26,3,171,4,failure,no
50,self-employed,married,tertiary,no,3902,no,no,cellular,12,apr,12,4,-1,0,unknown,no
73,housemaid,divorced,unknown,no,690,no,no,cellular,7,nov,169,2,-1,0,unknown,no
69,blue-collar,single,secondary,no,-1031,no,no,unknown,6,sep,104,1,172,4,failure,no
42,retired,divorced,unknown,no,-1510,yes,no,telephone,17,jan,706,4,157,1,other,yes
31,services,single,tertiary,no,2432,yes,no,unknown,28,oct,27,9,-1,0,unknown,no
28,blue-collar,divorced,unknown,no,-47,yes,no,telephone,8,sep,671,9,-1,0,unknown,yes
70,services,divorced,secondary,no,6459,no,yes,cellular,6,apr,23,9,-1,0,unknown,no
52,unknown,divorced,secondary,no,5835,no,no,cellular,29,jul,249,3,-1,0,unknown,no
58,student,single,secondary,yes,3327,no,no,cellular,31,sep,73,1,270,2,failure,no
31,blue-collar,divorced,primary,no,-2124,no,no,telephone,19,nov,452,1,-1,0,unknown,yes
47,management,married,tertiary,no,-599,yes,no,cellular,21,jul,16,3,-1,0,unknown,no
58,technician,divorced,secondary,no,5201,yes,no,telephone,23,feb,786,8,-1,0,unknown,yes
21,entrepreneur,married,primary,no,-271,yes,yes,telephone,9,jun,12,4,-1,0,unknown,no
21,management,single,secondary,no,4799,yes,no,unknown,20,jun,71,8,-1,0,unknown,no
45,housemaid,single,unknown,no,2851,yes,no,cellular,28,mar,160,7,-1,0,unknown,no
25,unemployed,divorced,tertiary,no,1578,yes,yes,unknown,30,apr,363,8,-1,0,unknown,no
19,student,divorced,unknown,no,-691,yes,yes,telephone,16,jun,778,2,-1,0,unknown,yes
58,technician,divorced,primary,no,1139,no,no,cellular,18,nov,144,8,-1,0,unknown,no
63,management,married,unknown,no,1993,yes,no,cellular,19,jun,365,9,327,3,failure,no
39,retired,single,unknown,no,4529,no,no,telephone,7,jan,335,6,28,1,other,yes
58,services,married,secondary,no,-1242,yes,no,cellular,8,oct,218,3,-1,0,unknown,no
73,housemaid,married,unknown,no,632,yes,no,telephone,21,aug,302,7,-1,0,unknown,no
72,retired,divorced,secondary,no,1557,no,no,cellular,31,sep,10,9,-1,0,unknown,no
33,technician,divorced,secondary,no,3416,yes,no,cellular,31,feb,150,8,10,2,success,no
46,self-employed,married,tertiary,no,-1310,no,no,telephone,19,apr,397,8,-1,0,unknown,yes
66,services,married,primary,no,-2538,yes,yes,unknown,1,nov,165,7,291,3,other,no
65,housemaid,divorced,primary,no,3450,yes,no,telephone,26,jun,533,5,-1,0,unknown,yes
47,unemployed,divorced,primary,no,-3144,yes,no,cellular,13,feb,462,2,181,3,success,yes
29,technician,married,secondary,no,5289,yes,no,telephone,1,nov,513,5,-1,0,unknown,yes
52,housemaid,divorced,primary,no,953,yes,no,telephone,11,jul,35,5,-1,0,unknown,no
28,management,divorced,secondary,no,-3233,no,yes,telephone,2,jun,72,2,-1,0,unknown,no
63,housemaid,married,tertiary,no,-22,yes,yes,cellular,21,aug,7,1,199,3,success,no
67,technician,married,primary,no,2563,no,no,unknown,3,jul,1048,5,-1,0,unknown,yes
38,student,single,secondary,no,-179,yes,no,unknown,13,oct,69,6,-1,0,unknown,no
38,unknown,married,primary,no,1483,yes,no,cellular,7,jan,118,7,96,1,other,no
22,student,divorced,primary,no,3649,no,no,unknown,2,oct,82,2,-1,0,unknown,no
65,management,married,tertiary,no,814,no,no,telephone,2,oct,10,6,-1,0,unknown,no
37,retired,married,unknown,no,-1396,yes,yes,telephone,3,may,78,8,-1,0,unknown,no
54,technician,married,primary,no,523,yes,no,unknown,13,jun,26,6,-1,0,unknown,no
20,unknown,single,tertiary,no,5680,yes,no,unknown,12,jul,129,3,-1,0,unknown,no
61,admin.,single,primary,no,6493,no,no,unknown,1,apr,878,3,146,2,success,yes
50,unemployed,divorced,primary,no,-4654,yes,no,telephone,18,sep,309,7,-1,0,unknown,no
70,unknown,single,primary,no,4705,no,no,telephone,5,jan,316,2,-1,0,unknown,no
26,admin.,married,primary,no,2175,yes,yes,cellular,19,mar,155,3,-1,0,unknown,no
26,self-employed,single,unknown,no,4203,no,yes,cellular,31,oct,430,7,-1,0,unknown,yes
21,self-employed,married,unknown,no,-233,yes,no,telephone,27,feb,616,9,-1,0,unknown,yes
52,entrepreneur,single,primary,no,-3897,yes,yes,telephone,10,feb,840,1,-1,0,unknown,yes
34,services,single,primary,no,3181,no,no,cellular,6,jan,26,5,-1,0,unknown,no
51,unknown,single,tertiary,no,-1408,no,no,cellular,18,mar,546,2,-1,0,unknown,yes
41,blue-collar,married,tertiary,no,-2754,no,no,telephone,15,oct,65,5,-1,0,unknown,no
49,unemployed,single,secondary,no,-2544,no,yes,unknown,14,may,130,6,-1,0,unknown,no
18,unknown,married,unknown,no,3231,no,no,telephone,24,jun,109,8,-1,0,unknown,no
25,admin.,married,primary,no,1842,no,no,unknown,16,aug,290,7,-1,0,unknown,no
62,blue-collar,divorced,unknown,no,3777,no,no,telephone,4,apr,235,5,301,1,success,no
40,unemployed,single,tertiary,no,3436,no,no,cellular,19,jan,29,5,-1,0,unknown,no
64,blue-collar,divorced,unknown,no,156,yes,no,cellular,21,dec,393,2,-1,0,unknown,yes
57,management,divorced,unknown,no,1210,no,no,cellular,30,sep,149,6,-1,0,unknown,no
29,admin.,married,primary,no,-115,yes,no,telephone,8,mar,0,3,-1,0,unknown,no
71,self-employed,single,primary,no,790,no,no,telephone,25,aug,138,6,-1,0,unknown,no
29,housemaid,married,tertiary,no,-1487,no,no,telephone,1,apr,187,3,-1,0,unknown,no
63,management,married,primary,no,2597,yes,no,unknown,20,nov,18,2,-1,0,unknown,no
64,unemployed,single,tertiary,no,4658,yes,no,telephone,22,mar,42,8,-1,0,unknown,no
32,unemployed,married,tertiary,no,-1034,yes,no,unknown,22,mar,1302,4,218,3,other,yes
58,technician,single,secondary,no,5278,yes,no,unknown,13,apr,528,5,344,4,success,yes
36,admin.,single,secondary,no,1764,yes,no,unknown,9,apr,36,9,-1,0,unknown,no
43,entrepreneur,married,secondary,no,2148,no,no,cellular,1,dec,224,4,-1,0,unknown,no
69,entrepreneur,married,unknown,no,-3690,no,no,unknown,15,jul,123,1,-1,0,unknown,no
46,unemployed,divorced,secondary,no,-4015,no,no,unknown,29,feb,202,6,-1,0,unknown,no
39,entrepreneur,married,primary,no,1856,yes,no,cellular,15,aug,164,5,-1,0,unknown,no
57,services,single,primary,no,3799,no,yes,unknown,14,nov,12,3,-1,0,unknown,no
38,self-employed,divorced,secondary,no,-597,no,no,telephone,5,feb,97,5,-1,0,unknown,no
68,technician,single,unknown,no,6448,yes,no,telephone,26,jan,34,8,-1,0,unknown,no
55,unemployed,divorced,tertiary,no,3634,no,no,cellular,17,aug,173,1,-1,0,unknown,no
37,entrepreneur,married,unknown,no,-1310,no,no,cellular,6,apr,613,4,-1,0,unknown,yes
74,admin.,married,unknown,no,1515,yes,no,unknown,9,jun,1396,3,-1,0,unknown,yes
46,student,married,tertiary,no,8876,no,no,unknown,31,jan,744,4,86,4,other,yes
68,unknown,single,tertiary,no,-2315,no,no,unknown,20,mar,1095,2,-1,0,unknown,yes
21,housemaid,divorced,tertiary,no,3012,yes,no,cellular,26,jul,3,2,-1,0,unknown,no
72,self-employed,single,primary,no,451,no,no,unknown,26,jul,337,2,-1,0,unknown,yes
24,management,divorced,tertiary,no,3550,yes,no,telephone,25,nov,82,3,-1,0,unknown,no
45,student,married,tertiary,no,5236,yes,no,telephone,19,aug,517,9,-1,0,unknown,yes
45,management,single,unknown,no,260,no,no,unknown,27,feb,433,5,-1,0,unknown,yes
21,services,married,unknown,no,4789,yes,no,cellular,23,jul,142,4,397,3,failure,no
39,blue-collar,single,secondary,no,8106,no,no,telephone,21,apr,165,4,6,3,other,no
29,admin.,married,unknown,no,1622,yes,yes,cellular,26,jun,79,3,-1,0,unknown,no
62,blue-collar,single,tertiary,no,3784,yes,no,telephone,17,apr,87,9,-1,0,unknown,no
20,technician,single,primary,no,-353,yes,no,unknown,7,sep,1024,1,-1,0,unknown,yes
39,housemaid,divorced,unknown,no,1480,yes,no,unknown,8,jan,566,6,-1,0,unknown,yes
61,technician,married,unknown,yes,891,yes,no,cellular,15,jan,54,4,-1,0,unknown,no
19,unemployed,divorced,tertiary,no,3820,no,no,unknown,6,may,83,8,-1,0,unknown,no
41,student,divorced,unknown,no,5047,no,no,cellular,1,may,29,7,10,3,success,no
51,admin.,married,unknown,no,1093,no,no,cellular,9,nov,1160,3,16,3,success,yes
44,student,single,tertiary,no,6037,yes,no,telephone,7,aug,613,5,-1,0,unknown,yes
72,unemployed,divorced,unknown,no,6026,no,yes,telephone,30,jul,207,4,-1,0,unknown,no
58,retired,married,primary,no,3971,no,no,unknown,22,nov,304,4,-1,0,unknown,no
18,entrepreneur,single,secondary,no,-129,yes,no,cellular,20,mar,355,8,-1,0,unknown,yes
25,management,divorced,unknown,no,-417,yes,no,telephone,19,aug,58,9,-1,0,unknown,no
40,student,divorced,primary,no,-1021,yes,no,unknown,4,apr,703,4,215,4,failure,yes
55,unknown,divorced,unknown,no,4279,yes,no,unknown,1,mar,193,2,-1,0,unknown,no
23,unemployed,single,secondary,no,-2223,no,no,telephone,9,feb,25,1,39,4,success,no
39,blue-collar,divorced,tertiary,no,3459,no,yes,unknown,2,sep,130,4,-1,0,unknown,no
42,retired,single,secondary,no,-1830,no,no,telephone,16,dec,237,8,-1,0,unknown,no
35,management,divorced,unknown,no,3901,yes,yes,cellular,2,jul,112,5,-1,0,unknown,no
34,unemployed,married,secondary,no,1474,yes,no,unknown,3,may,309,2,-1,0,unknown,no
29,student,divorced,secondary,no,5435,yes,no,cellular,14,sep,551,4,-1,0,unknown,yes
23,retired,married,tertiary,no,4857,no,no,telephone,13,mar,381,4,-1,0,unknown,no
43,retired,married,unknown,no,5741,yes,no,cellular,17,jun,265,5,-1,0,unknown,no
44,admin.,married,secondary,no,5818,no,yes,telephone,10,aug,185,2,-1,0,unknown,no
25,technician,single,secondary,no,1855,yes,no,unknown,3,sep,75,7,19,4,failure,no
36,retired,married,tertiary,no,-2063,no,no,unknown,4,apr,156,5,-1,0,unknown,no
59,services,divorced,primary,no,-1744,no,no,unknown,25,jan,89,4,-1,0,unknown,no
18,technician,single,unknown,no,-4856,no,no,cellular,5,aug,701,8,-1,0,unknown,yes
74,management,married,primary,no,-1837,yes,no,cellular,11,oct,613,2,-1,0,unknown,yes
46,management,single,primary,no,1630,yes,no,cellular,6,mar,43,1,88,3,success,no
62,management,single,tertiary,no,-260,yes,no,telephone,29,jun,446,6,-1,0,unknown,yes
66,management,single,tertiary,no,880,no,no,unknown,1,apr,313,8,-1,0,unknown,no
52,services,divorced,unknown,no,2905,yes,no,cellular,19,jun,953,7,148,1,other,yes
57,student,married,primary,no,508,yes,no,telephone,30,dec,160,9,265,2,other,no
31,unemployed,single,secondary,no,-1952,yes,no,cellular,7,mar,330,1,-1,0,unknown,no
52,housemaid,single,primary,no,1262,yes,no,telephone,23,jul,188,3,-1,0,unknown,no
65,student,single,tertiary,no,-1280,no,no,unknown,10,feb,18,9,374,1,other,no
62,retired,married,secondary,no,608,no,no,cellular,29,may,12,5,-1,0,unknown,no
37,management,single,secondary,no,5463,yes,no,unknown,12,mar,33,6,-1,0,unknown,no
73,self-employed,single,tertiary,no,609,no,no,cellular,12,may,90,7,-1,0,unknown,no
66,technician,divorced,secondary,no,6751,no,no,telephone,31,mar,77,3,-1,0,unknown,no
30,technician,married,primary,no,5730,yes,no,unknown,29,sep,336,7,246,2,failure,no
55,retired,divorced,tertiary,no,-320,no,no,cellular,1,aug,324,3,-1,0,unknown,yes
66,unemployed,married,unknown,no,-1920,no,yes,cellular,9,feb,916,6,-1,0,unknown,yes
63,unknown,married,tertiary,no,1264,yes,no,unknown,17,aug,95,8,-1,0,unknown,no
66,unknown,married,unknown,no,4893,no,no,telephone,23,aug,719,7,158,4,other,yes
25,housemaid,divorced,unknown,no,-51,yes,no,unknown,12,oct,244,5,-1,0,unknown,no
60,unemployed,divorced,tertiary,no,4155,yes,no,cellular,28,mar,176,6,-1,0,unknown,no
37,retired,divorced,tertiary,no,5059,no,yes,unknown,2,oct,284,4,-1,0,unknown,no
50,unknown,divorced,unknown,no,-906,no,no,unknown,9,may,313,2,-1,0,unknown,no
43,unknown,single,unknown,no,-611,no,no,telephone,12,feb,48,7,-1,0,unknown,no
56,unknown,single,secondary,no,3567,yes,no,telephone,28,oct,359,4,21,2,failure,yes
38,blue-collar,single,tertiary,no,1879,no,no,unknown,25,jun,333,6,-1,0,unknown,yes
70,self-employed,married,tertiary,no,-641,yes,no,telephone,25,feb,1549,2,396,2,success,yes
66,student,single,secondary,no,363,yes,no,telephone,4,apr,626,2,-1,0,unknown,yes
59,services,married,tertiary,no,1210,yes,no,cellular,22,mar,297,6,-1,0,unknown,no
60,retired,divorced,secondary,no,-3285,yes,no,telephone,29,jan,321,8,-1,0,unknown,no
71,entrepreneur,married,secondary,no,3726,yes,no,unknown,12,aug,752,1,327,1,other,yes
58,admin.,married,tertiary,no,-17,no,no,unknown,18,aug,881,7,-1,0,unknown,yes
26,student,single,primary,no,-6953,no,no,cellular,3,jan,452,6,-1,0,unknown,yes
41,admin.,divorced,unknown,no,1351,no,no,cellular,22,dec,376,5,-1,0,unknown,yes
54,unemployed,divorced,tertiary,no,-808,no,no,cellular,1,jun,30,8,-1,0,unknown,no
66,retired,single,primary,no,6504,yes,no,unknown,23,dec,457,1,-1,0,unknown,yes
58,retired,divorced,secondary,no,-338,no,no,unknown,18,jan,75,5,-1,0,unknown,no
34,admin.,divorced,primary,no,-1879,no,no,telephone,24,sep,214,6,-1,0,unknown,no
41,housemaid,divorced,tertiary,no,2951,yes,no,cellular,21,jan,134,4,-1,0,unknown,no
38,admin.,single,tertiary,no,-564,no,no,telephone,23,mar,109,2,-1,0,unknown,no
68,retired,divorced,primary,no,-922,yes,no,telephone,8,sep,95,8,-1,0,unknown,no
56,unknown,married,tertiary,no,2956,yes,no,unknown,19,jan,498,5,-1,0,unknown,yes
72,housemaid,married,unknown,no,-1707,yes,no,telephone,22,feb,378,6,-1,0,unknown,yes
58,management,divorced,primary,no,-2961,no,no,cellular,28,apr,191,9,-1,0,unknown,no
56,entrepreneur,single,secondary,no,6616,no,no,cellular,25,jul,281,2,393,3,success,no
30,blue-collar,single,primary,no,3166,yes,yes,unknown,4,aug,1075,5,-1,0,unknown,yes
28,self-employed,single,primary,no,627,no,no,unknown,26,jan,130,1,-1,0,unknown,no
63,services,divorced,primary,no,1412,no,yes,unknown,23,jan,206,3,224,3,other,no
36,management,divorced,primary,no,2945,no,no,cellular,16,may,196,6,195,4,success,no
28,technician,married,secondary,no,4351,yes,no,unknown,31,aug,709,8,-1,0,unknown,yes
30,admin.,single,secondary,no,-851,yes,no,cellular,17,jan,111,5,382,2,other,no
63,entrepreneur,married,secondary,no,2524,no,no,telephone,28,mar,1106,4,-1,0,unknown,yes
62,admin.,married,primary,no,-101,yes,yes,unknown,23,jun,93,5,50,2,other,no
18,self-employed,single,unknown,no,854,yes,yes,unknown,9,jan,29,4,-1,0,unknown,no
57,admin.,divorced,unknown,no,1906,yes,no,unknown,26,mar,54,2,-1,0,unknown,no
61,management,divorced,secondary,no,1402,no,no,cellular,8,dec,143,1,295,4,success,no
36,unknown,married,unknown,no,3636,no,no,telephone,20,jan,270,8,-1,0,unknown,no
29,student,married,unknown,no,2888,yes,yes,unknown,19,apr,187,1,-1,0,unknown,no
25,unknown,married,unknown,no,-3115,yes,no,telephone,7,sep,121,2,-1,0,unknown,no
25,blue-collar,married,unknown,no,-2662,no,yes,unknown,29,may,213,5,-1,0,unknown,no
70,housemaid,single,unknown,no,310,yes,no,cellular,12,mar,470,8,-1,0,unknown,yes
62,admin.,married,tertiary,no,6925,yes,no,telephone,1,oct,471,3,-1,0,unknown,yes
29,unemployed,married,secondary,no,-1139,yes,no,telephone,24,jul,334,9,-1,0,unknown,no
65,unknown,divorced,primary,no,796,yes,yes,unknown,30,jun,785,6,-1,0,unknown,yes
50,self-employed,divorced,unknown,no,-190,yes,yes,telephone,28,nov,230,3,-1,0,unknown,no
62,retired,divorced,tertiary,no,-244,no,no,cellular,17,sep,1,7,-1,0,unknown,no
43,student,single,primary,no,1959,no,no,telephone,23,apr,88,7,-1,0,unknown,no
56,entrepreneur,single,tertiary,no,5637,yes,no,telephone,6,apr,102,7,-1,0,unknown,no
45,unemployed,divorced,unknown,no,2795,yes,no,telephone,26,sep,204,4,110,3,other,no
22,management,divorced,unknown,no,-994,yes,yes,telephone,24,feb,607,6,-1,0,unknown,yes
25,management,married,unknown,no,9707,no,no,unknown,22,oct,469,3,-1,0,unknown,yes
42,blue-collar,married,unknown,no,1659,yes,no,unknown,5,feb,68,4,-1,0,unknown,no
44,blue-collar,single,primary,no,-313,yes,yes,telephone,25,sep,189,3,42,3,success,no
63,housemaid,single,primary,no,5671,no,no,telephone,20,jul,277,3,-1,0,unknown,no
40,student,married,tertiary,no,11,no,no,cellular,7,may,1130,1,-1,0,unknown,yes
47,retired,divorced,secondary,yes,6426,yes,no,unknown,22,may,8,5,135,3,other,no
62,entrepreneur,married,unknown,no,-1196,yes,no,unknown,26,sep,160,3,-1,0,unknown,no
64,retired,single,tertiary,no,5725,no,no,unknown,22,oct,1143,1,-1,0,unknown,yes
40,technician,single,tertiary,no,2027,no,no,telephone,27,may,975,9,-1,0,unknown,yes
66,blue-collar,married,tertiary,no,5307,yes,no,unknown,12,sep,103,4,-1,0,unknown,no
64,housemaid,married,unknown,no,7145,no,no,cellular,5,aug,0,9,-1,0,unknown,no
37,services,married,unknown,no,-1985,no,no,cellular,2,jun,227,2,-1,0,unknown,no
35,admin.,single,tertiary,no,5261,no,no,cellular,4,may,520,2,-1,0,unknown,yes
35,admin.,divorced,unknown,no,-2816,yes,no,cellular,17,may,101,4,-1,0,unknown,no
19,services,married,tertiary,no,-1727,no,no,cellular,25,may,702,4,-1,0,unknown,yes
21,unknown,single,primary,no,-994,no,no,unknown,25,jan,104,5,26,4,success,no
47,retired,single,unknown,no,2938,yes,no,telephone,8,nov,243,1,197,1,other,no
50,services,single,primary,no,1522,no,yes,telephone,20,may,330,5,-1,0,unknown,yes
53,housemaid,married,secondary,no,920,yes,no,telephone,5,mar,109,2,-1,0,unknown,no
35,entrepreneur,married,unknown,no,1863,yes,no,telephone,17,jun,112,5,-1,0,unknown,no
54,services,divorced,secondary,no,3202,yes,no,unknown,20,sep,163,6,-1,0,unknown,no
36,housemaid,single,tertiary,no,3433,no,no,unknown,4,dec,465,3,-1,0,unknown,yes
64,blue-collar,married,unknown,no,4715,yes,no,unknown,31,mar,27,4,-1,0,unknown,no
45,unemployed,single,unknown,no,6899,no,no,cellular,21,jan,257,5,-1,0,unknown,no
57,management,single,unknown,no,1358,no,no,telephone,18,aug,291,6,-1,0,unknown,no
37,management,divorced,secondary,no,-144,yes,yes,unknown,18,dec,210,9,-1,0,unknown,no
66,student,married,secondary,no,3269,yes,no,unknown,28,sep,708,9,-1,0,unknown,yes
50,technician,married,tertiary,no,-2020,no,no,unknown,18,oct,237,6,8,1,other,no
29,retired,single,primary,no,-619,no,no,telephone,16,apr,259,1,-1,0,unknown,no
68,entrepreneur,single,primary,no,4430,yes,no,telephone,11,oct,236,6,-1,0,unknown,no
32,unemployed,divorced,secondary,yes,1049,yes,no,cellular,8,may,330,3,-1,0,unknown,no
58,unemployed,divorced,unknown,no,-2212,yes,no,cellular,29,mar,37,5,-1,0,unknown,no
56,blue-collar,divorced,primary,no,-3059,yes,no,cellular,12,aug,579,5,-1,0,unknown,yes
19,services,divorced,primary,no,1569,yes,no,telephone,18,mar,11,4,-1,0,unknown,no
46,retired,divorced,secondary,no,4858,yes,no,cellular,22,apr,264,3,-1,0,unknown,no
58,admin.,divorced,tertiary,no,4818,yes,no,cellular,18,oct,246,1,-1,0,unknown,no
27,unemployed,single,secondary,no,1756,yes,yes,unknown,29,dec,60,7,-1,0,unknown,no
19,housemaid,divorced,secondary,no,7467,no,yes,telephone,8,jul,10,8,-1,0,unknown,no
68,admin.,single,unknown,no,1107,no,no,cellular,16,feb,38,5,202,4,failure,no
28,technician,single,secondary,no,1006,yes,no,cellular,30,jan,81,8,-1,0,unknown,no
30,services,married,unknown,no,-6302,no,no,telephone,17,apr,551,4,-1,0,unknown,yes
27,services,single,tertiary,no,76,yes,no,cellular,2,aug,499,8,-1,0,unknown,yes
31,entrepreneur,single,unknown,yes,3986,no,no,telephone,30,jan,17,3,-1,0,unknown,no
35,unemployed,divorced,tertiary,no,6128,no,no,telephone,21,oct,88,8,-1,0,unknown,no
68,blue-collar,single,tertiary,no,-1075,no,no,telephone,22,mar,567,6,-1,0,unknown,yes
71,unknown,divorced,tertiary,no,2813,yes,no,cellular,15,apr,69,9,-1,0,unknown,no
26,unknown,divorced,secondary,no,4573,no,no,cellular,25,apr,1422,5,28,4,other,yes
74,self-employed,divorced,unknown,no,1456,yes,no,cellular,22,mar,76,1,-1,0,unknown,no
56,management,married,primary,no,-5447,yes,yes,telephone,24,mar,346,8,-1,0,unknown,yes
45,housemaid,divorced,secondary,no,2167,yes,no,cellular,31,jul,139,3,-1,0,unknown,no
20,admin.,single,tertiary,no,3714,no,yes,unknown,28,aug,37,5,-1,0,unknown,no
37,self-employed,divorced,primary,no,-1427,no,no,telephone,7,oct,76,2,-1,0,unknown,no
23,technician,divorced,secondary,no,658,yes,no,cellular,1,apr,290,7,98,2,success,no
44,management,divorced,primary,no,-2053,no,no,telephone,2,nov,106,5,-1,0,unknown,no
70,services,married,tertiary,no,-6310,yes,no,cellular,4,nov,239,7,-1,0,unknown,no
19,admin.,single,primary,no,4513,yes,no,telephone,16,aug,59,7,-1,0,unknown,no
46,retired,married,primary,no,1411,no,no,unknown,12,aug,153,5,-1,0,unknown,no
55,unemployed,single,tertiary,no,6230,yes,no,telephone,17,jun,185,5,-1,0,unknown,no
20,technician,married,primary,no,4002,yes,no,telephone,24,jan,137,9,272,1,success,no
33,retired,single,secondary,no,357,yes,no,telephone,4,jul,56,3,188,1,failure,no
47,blue-collar,married,primary,no,1172,no,no,cellular,16,jul,159,8,-1,0,unknown,no
57,self-employed,divorced,unknown,no,3126,yes,no,telephone,7,may,304,1,-1,0,unknown,no
19,unemployed,married,secondary,no,4332,no,no,cellular,23,jun,864,4,-1,0,unknown,yes
34,admin.,married,primary,no,2393,yes,no,telephone,8,sep,402,2,15,3,success,yes
58,unemployed,divorced,unknown,no,4749,no,no,cellular,25,mar,45,3,102,4,other,no
29,management,divorced,unknown,no,530,yes,no,cellular,9,dec,82,6,-1,0,unknown,no
52,entrepreneur,single,unknown,no,-1577,yes,no,cellular,14,apr,21,4,-1,0,unknown,no
60,management,single,primary,no,1227,yes,no,cellular,23,sep,37,1,-1,0,unknown,no
18,blue-collar,single,tertiary,no,2040,yes,yes,telephone,9,oct,74,5,-1,0,unknown,no
72,housemaid,married,unknown,no,-2192,yes,no,telephone,15,dec,57,3,-1,0,unknown,no
62,retired,single,tertiary,no,-2599,yes,no,cellular,21,feb,62,2,-1,0,unknown,no
32,student,married,secondary,no,2769,yes,no,cellular,26,sep,67,4,-1,0,unknown,no
43,management,married,tertiary,yes,200,yes,no,cellular,4,may,92,4,-1,0,unknown,no
54,entrepreneur,single,tertiary,no,923,no,yes,unknown,3,mar,34,3,-1,0,unknown,no
38,housemaid,single,tertiary,no,340,no,no,unknown,22,aug,83,5,-1,0,unknown,no
66,management,married,tertiary,no,5998,yes,no,telephone,10,sep,300,5,-1,0,unknown,no
48,services,divorced,tertiary,no,5219,yes,no,unknown,27,jan,69,8,270,1,success,no
42,entrepreneur,divorced,secondary,no,-2300,yes,no,unknown,25,may,48,7,-1,0,unknown,no
40,retired,married,secondary,no,-180,yes,no,cellular,4,sep,18,9,-1,0,unknown,no
41,technician,single,tertiary,no,3980,no,no,cellular,30,nov,178,7,-1,0,unknown,no
74,unknown,married,tertiary,no,3234,no,no,unknown,18,feb,476,2,205,2,other,yes
55,housemaid,married,unknown,no,1298,yes,no,unknown,11,jan,15,3,-1,0,unknown,no
45,services,single,secondary,no,-2000,yes,no,unknown,19,aug,201,6,-1,0,unknown,no
38,student,divorced,primary,no,-630,no,no,cellular,19,jun,271,1,138,4,success,no
71,technician,married,secondary,no,-131,yes,no,telephone,18,feb,231,8,17,3,failure,no
60,admin.,divorced,primary,no,2256,yes,no,unknown,13,mar,541,7,-1,0,unknown,yes
35,entrepreneur,divorced,unknown,no,6549,no,no,telephone,25,may,519,6,-1,0,unknown,yes
53,self-employed,single,tertiary,no,-643,no,no,telephone,4,jan,15,5,250,4,other,no
52,services,married,unknown,no,-1664,yes,no,unknown,3,feb,115,5,321,1,success,no
62,unemployed,married,tertiary,no,1096,no,no,telephone,16,nov,286,8,-1,0,unknown,no
72,admin.,divorced,secondary,no,4527,yes,yes,cellular,14,dec,785,8,-1,0,unknown,yes
26,admin.,divorced,tertiary,no,-2930,no,no,unknown,10,jan,421,3,-1,0,unknown,yes
70,student,single,primary,no,5796,yes,no,unknown,6,nov,50,9,-1,0,unknown,no
55,housemaid,divorced,primary,no,905,no,no,unknown,8,jul,84,3,-1,0,unknown,no
47,student,single,unknown,no,-786,no,no,unknown,27,jul,372,8,-1,0,unknown,no
61,entrepreneur,married,secondary,no,-3391,yes,no,cellular,24,oct,164,7,117,2,failure,no
51,student,single,primary,no,3548,no,no,cellular,16,may,204,9,-1,0,unknown,no
49,services,divorced,unknown,no,907,no,no,telephone,10,oct,242,9,142,2,failure,no
20,blue-collar,married,secondary,no,1936,yes,no,unknown,22,jun,28,1,330,3,success,no
20,self-employed,single,secondary,no,-1287,no,no,unknown,21,mar,499,1,22,2,failure,yes
45,services,married,unknown,no,462,no,no,telephone,27,nov,513,3,-1,0,unknown,yes
61,student,single,primary,no,-41,no,no,cellular,7,feb,162,7,-1,0,unknown,no
32,management,divorced,primary,no,1120,yes,no,unknown,19,oct,254,3,-1,0,unknown,no
58,admin.,divorced,unknown,no,-591,yes,no,telephone,28,sep,278,3,94,2,other,no
40,retired,married,primary,no,-3193,yes,no,cellular,26,feb,54,4,-1,0,unknown,no
57,admin.,married,unknown,no,9633,yes,no,telephone,18,jan,30,8,-1,0,unknown,no
28,admin.,married,primary,no,-2679,yes,no,telephone,13,sep,5,1,-1,0,unknown,no
65,unknown,single,primary,no,1969,yes,no,cellular,8,aug,629,4,-1,0,unknown,yes
49,self-employed,divorced,unknown,no,-3909,yes,no,unknown,27,aug,109,4,267,2,other,no
74,self-employed,married,unknown,no,-4586,yes,no,cellular,28,jul,23,8,-1,0,unknown,no
71,unemployed,married,primary,no,1717,yes,yes,unknown,14,sep,161,7,-1,0,unknown,no
53,student,married,unknown,no,1947,no,no,cellular,9,nov,20,4,-1,0,unknown,no
50,blue-collar,single,primary,no,5218,no,no,unknown,12,mar,22,8,169,3,success,no
41,technician,married,tertiary,no,2625,yes,yes,unknown,6,aug,173,3,-1,0,unknown,no
56,self-employed,married,secondary,no,972,yes,yes,telephone,20,jan,183,7,44,3,success,no
51,student,single,secondary,no,-1434,yes,no,telephone,22,jan,223,9,-1,0,unknown,no
73,technician,single,primary,no,5933,yes,no,unknown,28,nov,275,6,-1,0,unknown,no
45,self-employed,married,secondary,no,4217,yes,no,cellular,23,jun,284,4,-1,0,unknown,no
54,unemployed,married,primary,no,-2327,no,yes,unknown,12,dec,146,4,-1,0,unknown,no
24,admin.,single,unknown,no,1537,yes,no,cellular,24,aug,266,1,-1,0,unknown,no
21,technician,divorced,tertiary,no,1856,no,no,unknown,19,aug,93,6,-1,0,unknown,no
54,student,single,secondary,no,382,yes,yes,cellular,12,oct,150,3,-1,0,unknown,no
73,entrepreneur,divorced,secondary,no,3745,yes,no,telephone,22,jan,128,3,-1,0,unknown,no
18,blue-collar,married,unknown,no,3925,no,yes,cellular,30,nov,102,1,-1,0,unknown,no
18,technician,married,tertiary,no,849,no,no,telephone,26,jan,70,7,-1,0,unknown,no
64,unemployed,divorced,tertiary,no,577,no,no,cellular,22,sep,21,9,-1,0,unknown,no
37,management,single,tertiary,no,5933,no,no,telephone,26,sep,181,3,-1,0,unknown,no
36,technician,married,unknown,no,4229,yes,yes,cellular,7,jul,198,7,-1,0,unknown,no
46,student,divorced,secondary,no,1640,no,no,unknown,15,jan,105,9,-1,0,unknown,no
27,blue-collar,single,secondary,no,-3479,yes,no,cellular,16,oct,960,3,-1,0,unknown,yes
35,self-employed,divorced,tertiary,no,2458,no,no,telephone,30,feb,210,9,-1,0,unknown,no
45,housemaid,single,unknown,no,3523,yes,no,telephone,4,aug,567,2,-1,0,unknown,yes
52,self-employed,single,unknown,no,-6865,yes,yes,cellular,6,aug,217,3,-1,0,unknown,no
60,housemaid,single,unknown,no,2180,no,no,unknown,16,nov,54,4,35,4,success,no
64,entrepreneur,single,tertiary,no,169,yes,no,cellular,15,may,947,7,251,4,other,yes
48,services,divorced,unknown,no,758,yes,yes,cellular,2,feb,558,9,-1,0,unknown,yes
44,services,divorced,tertiary,no,-1307,yes,no,telephone,31,mar,164,1,-1,0,unknown,no
28,technician,divorced,tertiary,no,977,no,yes,unknown,24,may,71,9,-1,0,unknown,no
66,retired,divorced,tertiary,no,5611,no,no,unknown,3,mar,64,5,-1,0,unknown,no
66,student,divorced,primary,no,79,no,no,unknown,15,oct,423,4,-1,0,unknown,yes
55,management,single,tertiary,no,4328,no,no,unknown,31,jan,18,6,-1,0,unknown,no
22,unemployed,married,unknown,no,-1003,yes,no,cellular,25,jun,262,5,-1,0,unknown,no
25,management,married,primary,no,3706,yes,no,unknown,8,may,263,5,-1,0,unknown,no
51,housemaid,divorced,secondary,no,1427,yes,no,unknown,12,mar,51,5,-1,0,unknown,no
65,student,divorced,secondary,no,2482,yes,no,unknown,22,sep,314,8,266,1,other,no
69,student,married,unknown,no,1444,yes,yes,telephone,26,oct,315,8,-1,0,unknown,yes
73,technician,single,unknown,no,3353,yes,no,telephone,2,aug,111,4,-1,0,unknown,no
29,self-employed,divorced,unknown,no,-6302,yes,no,telephone,15,jul,170,9,-1,0,unknown,no
55,blue-collar,single,unknown,no,-2849,no,no,unknown,8,dec,461,8,-1,0,unknown,yes
18,unemployed,married,primary,no,2677,yes,no,cellular,27,nov,191,6,-1,0,unknown,no
48,management,married,unknown,no,-4726,no,yes,cellular,31,feb,248,2,-1,0,unknown,no
21,blue-collar,divorced,tertiary,no,-173,no,no,telephone,22,oct,137,9,-1,0,unknown,no
66,unemployed,single,secondary,no,1259,no,no,telephone,11,may,41,6,-1,0,unknown,no
62,management,divorced,unknown,no,-1068,no,no,unknown,17,may,1612,8,-1,0,unknown,yes
67,entrepreneur,married,tertiary,no,-657,yes,no,telephone,22,jun,195,6,234,1,success,no
22,housemaid,single,unknown,no,2240,no,no,telephone,29,jun,105,5,-1,0,unknown,no
47,admin.,divorced,tertiary,no,4459,no,no,telephone,21,mar,322,7,-1,0,unknown,no
73,unemployed,divorced,primary,no,-1460,no,no,telephone,22,nov,250,4,-1,0,unknown,no
41,housemaid,divorced,secondary,no,-307,no,no,cellular,29,apr,68,3,-1,0,unknown,no
20,student,married,secondary,no,-777,yes,no,unknown,1,jan,540,7,-1,0,unknown,yes
28,unknown,divorced,primary,no,-5862,no,yes,cellular,20,nov,18,2,-1,0,unknown,no
62,retired,single,tertiary,no,1849,yes,no,telephone,23,jan,240,3,-1,0,unknown,no
21,student,divorced,unknown,no,4235,no,no,unknown,29,may,167,1,-1,0,unknown,no
43,technician,married,tertiary,no,4482,no,no,unknown,15,dec,98,1,-1,0,unknown,no
44,unknown,divorced,secondary,no,-1197,no,no,cellular,21,apr,451,2,-1,0,unknown,yes
63,blue-collar,married,primary,no,-2343,no,no,cellular,22,jul,275,1,-1,0,unknown,no
71,student,married,primary,no,1488,yes,no,telephone,2,jul,367,2,-1,0,unknown,no
60,student,single,tertiary,no,3918,yes,no,cellular,24,apr,138,1,-1,0,unknown,no
44,unemployed,single,tertiary,no,1888,no,no,telephone,10,oct,736,3,-1,0,unknown,yes
59,technician,divorced,primary,no,2293,yes,no,telephone,20,feb,109,9,-1,0,unknown,no
68,technician,married,secondary,no,4858,yes,no,telephone,6,oct,195,9,-1,0,unknown,no
67,unknown,married,unknown,no,-801,no,no,unknown,3,apr,699,8,-1,0,unknown,yes
23,student,single,unknown,no,761,yes,no,unknown,25,aug,22,9,161,2,success,no
32,unknown,single,tertiary,no,6341,no,no,cellular,13,feb,29,4,70,3,other,no
70,admin.,divorced,primary,no,830,yes,no,cellular,24,may,1328,8,-1,0,unknown,yes
47,management,married,primary,no,-2390,no,no,unknown,30,jul,916,5,-1,0,unknown,yes
59,unemployed,single,primary,no,-591,no,no,cellular,31,oct,381,4,-1,0,unknown,no
54,housemaid,divorced,secondary,no,-1399,yes,no,telephone,15,jun,170,4,-1,0,unknown,no
54,services,married,tertiary,no,2497,yes,no,telephone,6,sep,181,2,-1,0,unknown,no
59,student,married,tertiary,no,-1272,yes,no,unknown,9,feb,76,9,-1,0,unknown,no
54,self-employed,single,tertiary,no,2238,no,no,cellular,10,apr,146,9,-1,0,unknown,no
52,unemployed,divorced,secondary,no,-791,yes,no,cellular,9,jul,145,1,-1,0,unknown,no
40,unemployed,single,tertiary,no,-4966,yes,no,unknown,18,dec,9,4,-1,0,unknown,no
23,unemployed,divorced,unknown,no,2345,no,yes,telephone,9,aug,155,9,-1,0,unknown,no
21,technician,married,tertiary,no,1869,yes,no,telephone,24,may,168,4,-1,0,unknown,no
35,blue-collar,divorced,tertiary,no,2980,no,no,cellular,31,may,282,2,-1,0,unknown,no
26,technician,divorced,tertiary,no,-602,no,no,unknown,18,apr,187,2,-1,0,unknown,no
66,blue-collar,divorced,secondary,no,-922,yes,no,unknown,9,sep,510,9,-1,0,unknown,yes
46,unknown,divorced,unknown,no,2631,no,no,telephone,5,dec,118,4,-1,0,unknown,no
30,services,divorced,unknown,no,5993,yes,no,telephone,13,oct,136,1,-1,0,unknown,no
64,technician,single,primary,no,1456,no,no,cellular,12,apr,218,1,-1,0,unknown,no
69,student,divorced,primary,yes,2700,no,no,unknown,9,mar,58,1,28,3,failure,no
34,blue-collar,divorced,unknown,no,455,yes,no,cellular,19,sep,129,8,-1,0,unknown,no
62,technician,married,tertiary,no,-3221,yes,no,cellular,20,jul,298,1,90,1,other,no
49,retired,divorced,tertiary,no,4333,no,no,unknown,1,sep,136,5,186,4,failure,no
65,technician,married,tertiary,no,4156,yes,no,unknown,11,apr,611,9,-1,0,unknown,yes
39,services,single,secondary,no,3561,no,no,telephone,5,mar,246,4,-1,0,unknown,no
21,services,single,tertiary,no,875,yes,no,unknown,31,oct,43,9,37,3,success,no
22,blue-collar,divorced,secondary,no,3219,yes,no,cellular,7,aug,172,5,-1,0,unknown,no
54,blue-collar,single,unknown,no,4112,no,no,cellular,13,apr,373,9,34,3,other,no
58,unknown,divorced,tertiary,no,6298,yes,yes,unknown,23,oct,265,2,-1,0,unknown,no
66,services,single,tertiary,yes,4397,no,no,cellular,6,mar,558,8,-1,0,unknown,yes
30,services,divorced,primary,no,1615,yes,no,unknown,13,dec,357,7,73,4,other,yes
51,student,divorced,unknown,no,-2513,yes,no,telephone,6,apr,16,7,-1,0,unknown,no
62,admin.,married,tertiary,no,1891,no,no,telephone,15,feb,30,3,-1,0,unknown,no
39,unemployed,married,secondary,yes,2195,no,no,unknown,8,dec,270,2,-1,0,unknown,no
70,entrepreneur,married,unknown,no,3556,no,no,cellular,11,nov,70,1,114,4,success,no
40,technician,married,primary,no,5496,no,no,unknown,10,apr,228,1,-1,0,unknown,no
68,management,divorced,unknown,no,1136,no,no,unknown,9,jul,405,7,-1,0,unknown,yes
20,unknown,single,secondary,no,7744,no,no,telephone,4,mar,221,9,-1,0,unknown,no
59,unemployed,divorced,primary,no,-3870,yes,no,unknown,14,jan,138,1,-1,0,unknown,no
51,entrepreneur,married,secondary,no,2684,no,yes,telephone,4,oct,268,4,-1,0,unknown,no
49,admin.,married,unknown,no,-979,yes,yes,telephone,24,aug,40,2,-1,0,unknown,no
62,management,single,primary,no,-4315,yes,yes,unknown,15,jun,331,8,-1,0,unknown,no
68,blue-collar,married,secondary,no,815,yes,no,unknown,21,mar,308,9,152,4,other,no
66,services,divorced,unknown,no,-2961,yes,no,unknown,10,aug,186,3,-1,0,unknown,no
38,retired,divorced,secondary,no,937,no,yes,unknown,14,jun,84,3,-1,0,unknown,no
63,unknown,divorced,tertiary,no,1527,yes,no,telephone,25,jan,412,7,160,2,failure,yes
61,housemaid,divorced,unknown,no,4788,yes,no,unknown,6,sep,184,9,-1,0,unknown,no
38,self-employed,divorced,primary,no,-3113,yes,no,telephone,16,nov,15,7,-1,0,unknown,no
61,services,single,primary,no,4156,yes,no,telephone,25,sep,647,7,170,1,failure,yes
28,retired,divorced,tertiary,no,1718,no,no,cellular,12,sep,376,2,-1,0,unknown,no
56,entrepreneur,married,secondary,no,4518,yes,yes,telephone,28,dec,226,1,-1,0,unknown,no
21,blue-collar,married,secondary,no,123,yes,no,cellular,4,jun,148,2,-1,0,unknown,no
68,management,married,primary,no,-2585,yes,no,unknown,1,jun,829,6,-1,0,unknown,yes
18,entrepreneur,married,secondary,no,-2240,yes,no,cellular,30,apr,384,8,389,1,other,yes
45,self-employed,single,unknown,no,-2464,no,yes,unknown,4,aug,197,8,-1,0,unknown,no
41,services,married,unknown,no,2860,yes,yes,telephone,25,sep,273,6,-1,0,unknown,no
52,services,single,primary,no,5867,yes,yes,cellular,13,dec,85,2,-1,0,unknown,no
30,management,married,unknown,no,-276,yes,no,unknown,7,jul,56,9,-1,0,unknown,no
64,housemaid,single,primary,no,3316,yes,no,unknown,15,jul,82,4,-1,0,unknown,no
51,retired,single,secondary,no,-3161,no,yes,cellular,31,feb,89,5,-1,0,unknown,no
28,entrepreneur,single,secondary,no,1965,yes,no,cellular,6,feb,347,1,-1,0,unknown,no
53,blue-collar,married,secondary,no,3434,no,no,unknown,30,dec,38,9,-1,0,unknown,no
68,services,single,tertiary,no,-2934,no,yes,unknown,14,oct,387,1,-1,0,unknown,yes
34,entrepreneur,divorced,primary,no,809,yes,no,telephone,18,nov,191,7,-1,0,unknown,no
52,student,divorced,unknown,no,3577,no,no,unknown,4,feb,125,9,-1,0,unknown,no
35,housemaid,married,secondary,no,-7404,no,no,cellular,1,apr,92,3,-1,0,unknown,no
57,entrepreneur,divorced,tertiary,no,5441,no,no,unknown,29,sep,185,2,-1,0,unknown,no
39,management,divorced,unknown,no,2487,yes,no,unknown,3,may,98,8,-1,0,unknown,no
74,self-employed,divorced,unknown,no,3579,yes,no,cellular,13,feb,144,4,-1,0,unknown,no
41,blue-collar,married,unknown,no,181,yes,no,telephone,18,apr,346,1,-1,0,unknown,no
36,admin.,married,secondary,no,-3760,yes,yes,unknown,29,jul,253,8,-1,0,unknown,no
54,management,divorced,unknown,no,3029,no,no,cellular,4,may,355,6,-1,0,unknown,yes
56,entrepreneur,married,primary,no,1174,no,no,cellular,4,nov,322,6,329,4,failure,no
38,admin.,single,tertiary,no,1519,yes,no,cellular,11,aug,435,4,-1,0,unknown,yes
25,services,divorced,unknown,no,4695,no,no,cellular,14,jan,58,6,-1,0,unknown,no
45,admin.,married,unknown,no,3716,no,no,telephone,25,may,1373,2,-1,0,unknown,yes
22,housemaid,married,primary,no,7204,yes,no,cellular,7,apr,166,6,-1,0,unknown,no
34,technician,divorced,unknown,no,1885,yes,no,unknown,29,mar,326,2,-1,0,unknown,yes
54,housemaid,married,secondary,no,-656,yes,yes,telephone,3,jul,292,6,348,1,success,no
53,management,divorced,secondary,no,856,no,no,cellular,7,oct,215,9,-1,0,unknown,no
71,technician,married,secondary,no,2673,no,no,unknown,8,nov,1412,7,-1,0,unknown,yes
36,management,single,unknown,no,4479,yes,yes,telephone,12,jan,63,4,-1,0,unknown,no
44,student,divorced,tertiary,no,-2991,no,no,unknown,7,jun,141,1,-1,0,unknown,no
70,self-employed,single,tertiary,no,1448,no,no,telephone,24,aug,35,9,-1,0,unknown,no
51,self-employed,divorced,unknown,no,6266,no,no,cellular,16,feb,51,1,-1,0,unknown,no
28,unknown,married,tertiary,no,700,yes,no,unknown,30,jun,322,5,268,4,other,no
71,blue-collar,single,tertiary,no,4224,yes,yes,cellular,25,nov,1,7,-1,0,unknown,no
62,self-employed,married,unknown,no,2906,no,yes,telephone,17,jan,569,6,205,2,success,yes
64,unemployed,divorced,secondary,no,4299,yes,no,cellular,26,jun,258,3,-1,0,unknown,no
29,services,divorced,unknown,no,-1013,yes,no,cellular,22,jun,150,8,-1,0,unknown,no
71,services,divorced,secondary,no,-1000,no,no,unknown,4,may,103,7,100,4,other,no
38,student,divorced,secondary,no,1483,yes,yes,cellular,17,jul,34,9,-1,0,unknown,no
71,unknown,divorced,tertiary,no,-3187,no,no,cellular,18,may,656,1,-1,0,unknown,yes
28,student,single,tertiary,no,611,yes,no,cellular,26,aug,321,8,-1,0,unknown,no
56,entrepreneur,divorced,secondary,no,2183,yes,no,telephone,4,feb,105,4,-1,0,unknown,no
45,retired,married,secondary,no,6792,yes,no,unknown,17,jun,18,7,-1,0,unknown,no
22,management,single,tertiary,no,2634,yes,no,unknown,15,may,101,7,-1,0,unknown,no
34,unemployed,married,primary,no,3304,yes,no,cellular,22,oct,52,4,-1,0,unknown,no
73,unemployed,divorced,secondary,no,4926,no,no,unknown,17,feb,398,8,67,1,other,no
37,housemaid,married,secondary,no,-1479,yes,no,telephone,13,nov,328,1,-1,0,unknown,no
58,housemaid,single,secondary,no,926,no,no,telephone,25,jul,177,5,-1,0,unknown,no
63,retired,single,tertiary,no,8721,yes,no,cellular,26,apr,559,4,-1,0,unknown,yes
29,student,single,unknown,no,1184,yes,no,cellular,3,jun,51,4,154,4,other,no
23,entrepreneur,married,secondary,no,4782,yes,no,telephone,12,may,155,3,-1,0,unknown,no
34,unknown,single,secondary,no,4322,no,no,telephone,27,apr,319,1,-1,0,unknown,no
68,admin.,married,secondary,no,-3024,yes,no,telephone,17,feb,18,5,378,3,other,no
36,housemaid,divorced,unknown,no,2357,yes,no,cellular,22,jul,120,8,-1,0,unknown,no
43,entrepreneur,divorced,unknown,no,1864,no,no,telephone,22,may,218,6,-1,0,unknown,no
65,blue-collar,married,secondary,no,2415,yes,no,cellular,7,mar,117,1,-1,0,unknown,no
61,services,single,secondary,no,-846,yes,no,telephone,7,jun,168,5,-1,0,unknown,no
61,services,married,primary,yes,-1937,yes,yes,telephone,26,aug,241,6,-1,0,unknown,no
69,entrepreneur,married,unknown,no,-9,no,yes,unknown,11,nov,118,9,125,3,other,no
49,retired,married,primary,no,1128,yes,no,telephone,16,oct,28,9,-1,0,unknown,no
23,unknown,divorced,secondary,no,4988,no,no,cellular,4,oct,38,5,-1,0,unknown,no
72,self-employed,married,secondary,no,6891,no,no,telephone,16,dec,193,3,-1,0,unknown,no
53,unemployed,divorced,secondary,no,5625,no,no,unknown,5,feb,49,6,-1,0,unknown,no
55,retired,married,secondary,no,4011,yes,no,telephone,19,nov,569,8,-1,0,unknown,yes
28,entrepreneur,divorced,tertiary,no,-1599,no,no,telephone,22,oct,463,5,162,3,other,yes
50,unknown,married,tertiary,no,192,yes,no,telephone,29,dec,110,8,398,3,failure,no
41,unknown,married,tertiary,no,2054,no,no,cellular,14,apr,458,1,-1,0,unknown,yes
40,management,single,primary,no,-480,yes,no,telephone,31,mar,196,8,-1,0,unknown,no
32,technician,single,unknown,no,3159,no,no,telephone,7,jul,44,2,-1,0,unknown,no
44,services,married,secondary,no,3590,yes,no,telephone,9,oct,245,7,192,1,other,no
28,entrepreneur,married,unknown,no,3036,yes,no,unknown,25,aug,293,2,-1,0,unknown,no
74,self-employed,married,tertiary,no,4507,no,no,cellular,28,aug,22,3,-1,0,unknown,no
68,unemployed,married,secondary,no,-1298,yes,yes,cellular,13,apr,97,5,-1,0,unknown,no
67,technician,single,secondary,no,4229,yes,no,unknown,16,oct,1,7,322,3,success,no
34,blue-collar,divorced,primary,no,-670,no,no,cellular,21,feb,98,9,-1,0,unknown,no
68,housemaid,married,unknown,yes,-1408,no,no,unknown,4,jun,105,5,-1,0,unknown,no
70,management,single,primary,no,3024,yes,no,telephone,7,mar,256,1,-1,0,unknown,no
31,housemaid,married,tertiary,no,5081,yes,no,cellular,30,aug,57,3,-1,0,unknown,no
44,technician,married,unknown,no,2891,no,yes,telephone,3,mar,7,5,-1,0,unknown,no
35,technician,divorced,tertiary,no,1485,no,yes,telephone,20,feb,97,3,-1,0,unknown,no
45,housemaid,married,primary,no,2356,yes,yes,cellular,15,sep,450,8,-1,0,unknown,yes
68,student,married,primary,no,1833,no,no,telephone,25,sep,131,8,-1,0,unknown,no
64,unemployed,divorced,secondary,no,-1964,yes,yes,telephone,21,sep,138,1,-1,0,unknown,no
64,unemployed,divorced,unknown,no,-2316,yes,no,unknown,26,mar,163,8,298,3,failure,no
21,admin.,divorced,unknown,no,1185,yes,no,cellular,14,feb,359,4,228,3,success,yes
24,self-employed,divorced,secondary,no,1663,yes,no,telephone,7,apr,168,6,-1,0,unknown,no
62,blue-collar,single,unknown,no,1457,no,no,unknown,18,feb,24,8,-1,0,unknown,no
52,unemployed,single,tertiary,no,3457,yes,no,cellular,25,aug,59,2,-1,0,unknown,no
65,self-employed,single,tertiary,no,774,yes,no,telephone,5,oct,53,8,-1,0,unknown,no
26,blue-collar,married,primary,no,3117,no,no,telephone,21,jan,182,7,-1,0,unknown,no
25,blue-collar,divorced,tertiary,no,987,yes,no,telephone,20,feb,7,4,-1,0,unknown,no
69,technician,divorced,unknown,no,6909,no,no,telephone,8,jun,86,5,-1,0,unknown,no
62,blue-collar,single,secondary,no,1665,yes,no,telephone,27,sep,241,6,-1,0,unknown,no
34,management,married,primary,no,8466,no,no,cellular,20,oct,112,3,-1,0,unknown,no
34,housemaid,married,secondary,no,2482,yes,no,cellular,18,dec,317,2,-1,0,unknown,yes
66,student,married,primary,no,780,yes,yes,unknown,21,may,128,2,-1,0,unknown,no
50,admin.,single,primary,no,-1283,no,no,unknown,19,may,999,4,208,4,success,yes
49,entrepreneur,married,secondary,no,-2918,no,no,unknown,20,mar,867,7,-1,0,unknown,yes
25,retired,married,tertiary,no,-1560,no,yes,cellular,3,aug,415,1,-1,0,unknown,yes
36,admin.,married,tertiary,no,-1223,no,no,cellular,23,dec,796,1,-1,0,unknown,yes
55,management,divorced,tertiary,no,2611,yes,no,cellular,30,jun,59,4,275,3,other,no
20,admin.,single,tertiary,no,-160,yes,no,telephone,6,oct,358,9,-1,0,unknown,yes
22,blue-collar,divorced,secondary,no,1985,no,yes,cellular,18,dec,100,5,28,1,success,no
30,technician,divorced,unknown,no,5280,no,no,cellular,27,feb,333,1,133,2,failure,yes
64,retired,single,primary,no,1158,no,yes,telephone,15,dec,120,3,-1,0,unknown,no
63,unemployed,divorced,secondary,no,7679,no,no,unknown,14,dec,88,6,-1,0,unknown,no
48,technician,married,tertiary,no,-2115,yes,yes,unknown,24,may,822,3,-1,0,unknown,yes
72,blue-collar,married,tertiary,no,969,yes,yes,unknown,21,apr,60,6,42,3,success,no
33,blue-collar,married,secondary,no,-199,yes,no,telephone,22,nov,366,6,-1,0,unknown,no
67,retired,married,primary,no,4240,no,no,telephone,8,oct,289,5,-1,0,unknown,yes
49,retired,single,secondary,no,-5316,no,no,telephone,11,sep,93,5,-1,0,unknown,no
39,services,divorced,secondary,no,-2919,yes,yes,cellular,11,apr,158,9,-1,0,unknown,no
46,unknown,divorced,unknown,no,1099,yes,yes,unknown,12,aug,39,3,39,3,other,no
39,unknown,married,secondary,no,6091,yes,no,telephone,16,jan,655,7,38,4,other,yes
60,self-employed,married,unknown,no,2102,no,no,telephone,7,may,889,4,271,4,failure,yes
20,student,divorced,primary,no,-2643,no,no,unknown,31,sep,340,2,-1,0,unknown,no
71,technician,single,secondary,no,-2179,yes,no,unknown,27,mar,488,3,-1,0,unknown,yes
27,unemployed,divorced,secondary,no,6457,no,no,cellular,3,nov,22,3,-1,0,unknown,no
59,admin.,married,tertiary,no,-445,yes,no,unknown,2,jun,124,3,-1,0,unknown,no
38,blue-collar,married,secondary,no,-1414,yes,no,telephone,3,nov,103,3,-1,0,unknown,no
33,blue-collar,single,tertiary,no,5868,no,no,cellular,31,oct,214,6,-1,0,unknown,no
29,services,divorced,tertiary,no,4465,no,no,unknown,8,jun,52,6,-1,0,unknown,no
19,technician,single,tertiary,no,5256,no,no,cellular,20,nov,213,9,-1,0,unknown,no
58,student,single,primary,no,-1435,yes,no,telephone,8,jun,274,8,-1,0,unknown,no
41,technician,married,unknown,yes,-3166,yes,no,telephone,31,apr,36,7,-1,0,unknown,no
52,housemaid,divorced,tertiary,no,1823,yes,no,telephone,4,jul,36,2,-1,0,unknown,no
73,self-employed,married,secondary,no,2431,yes,yes,telephone,31,mar,9,2,368,3,success,no
47,retired,divorced,secondary,no,2520,yes,no,cellular,23,jun,369,1,-1,0,unknown,no
74,unemployed,married,tertiary,no,5870,yes,no,cellular,13,oct,103,7,-1,0,unknown,no
47,student,married,tertiary,no,-3793,yes,no,telephone,22,may,65,7,-1,0,unknown,no
64,retired,divorced,secondary,no,4009,yes,no,cellular,26,mar,388,1,-1,0,unknown,yes
52,unemployed,divorced,tertiary,no,-1876,no,no,telephone,17,feb,39,6,137,2,other,no
36,management,married,unknown,no,3997,no,no,telephone,29,dec,143,7,-1,0,unknown,no
67,entrepreneur,divorced,unknown,no,-6,no,no,unknown,27,jan,352,1,158,4,success,yes
25,self-employed,married,primary,no,-1026,yes,no,cellular,24,aug,220,6,-1,0,unknown,no
43,unknown,divorced,tertiary,yes,-412,yes,no,unknown,22,jan,208,9,-1,0,unknown,no
66,self-employed,married,primary,no,-2926,yes,no,telephone,18,may,44,1,165,1,success,no
57,unknown,married,primary,no,1544,yes,no,unknown,5,may,51,2,-1,0,unknown,no
24,unemployed,married,primary,no,-901,yes,yes,telephone,12,jan,225,2,-1,0,unknown,no
47,unknown,single,tertiary,no,3788,yes,no,telephone,2,sep,6,3,206,2,failure,no
24,retired,divorced,primary,no,3348,no,no,telephone,10,may,524,4,-1,0,unknown,yes
20,self-employed,married,unknown,no,6502,no,no,cellular,7,sep,111,7,-1,0,unknown,no
18,blue-collar,single,primary,no,2525,yes,no,telephone,15,nov,139,3,18,3,other,no
53,retired,married,unknown,no,2989,no,yes,telephone,27,jun,77,7,-1,0,unknown,no
42,unemployed,single,unknown,no,5635,yes,yes,cellular,26,jul,539,5,-1,0,unknown,yes
54,student,married,tertiary,yes,-465,no,no,cellular,22,jul,265,5,217,3,success,yes
18,technician,married,primary,no,-3055,no,no,telephone,7,feb,154,7,-1,0,unknown,no
32,retired,single,tertiary,no,2025,no,yes,cellular,15,may,227,7,-1,0,unknown,no
54,unknown,single,unknown,no,-2857,yes,no,telephone,16,feb,123,7,274,3,other,no
30,services,divorced,secondary,no,8806,yes,no,unknown,22,apr,161,9,61,1,success,no
57,housemaid,divorced,primary,no,5802,yes,no,cellular,26,dec,114,1,-1,0,unknown,no
25,blue-collar,single,tertiary,no,7934,yes,yes,unknown,1,mar,136,1,78,4,success,no
22,unknown,divorced,secondary,no,1610,no,no,telephone,15,dec,97,3,-1,0,unknown,no
26,services,single,primary,no,3079,no,no,cellular,3,nov,20,6,-1,0,unknown,no
18,unemployed,divorced,primary,no,40,no,yes,cellular,31,jun,9,2,391,1,other,no
53,management,married,tertiary,no,4079,yes,no,telephone,10,nov,49,9,-1,0,unknown,no
52,services,divorced,secondary,no,-2234,no,yes,cellular,16,may,74,1,-1,0,unknown,no
19,entrepreneur,married,tertiary,no,-6229,yes,no,cellular,2,jan,570,5,-1,0,unknown,yes
57,management,married,primary,no,-956,yes,no,cellular,17,feb,243,7,-1,0,unknown,no
40,self-employed,divorced,primary,no,-2956,no,yes,unknown,1,jul,819,3,-1,0,unknown,yes
26,admin.,single,unknown,no,5870,yes,no,telephone,4,sep,107,2,266,2,success,no
51,blue-collar,married,primary,no,6886,yes,no,telephone,11,jan,132,3,137,1,other,no
63,unknown,married,primary,no,-2798,yes,no,telephone,17,apr,328,7,-1,0,unknown,no
31,self-employed,divorced,secondary,no,5309,no,no,cellular,2,nov,222,1,-1,0,unknown,no
21,self-employed,single,secondary,no,4285,no,yes,cellular,1,mar,193,8,-1,0,unknown,no
47,admin.,single,unknown,no,-3300,yes,no,cellular,29,dec,221,3,227,2,success,no
48,retired,divorced,unknown,no,248,no,no,telephone,28,dec,226,5,-1,0,unknown,no
55,unemployed,single,unknown,no,-322,no,no,unknown,28,nov,374,5,-1,0,unknown,yes
28,blue-collar,divorced,tertiary,no,3673,no,no,telephone,6,may,284,6,396,4,other,no
52,technician,divorced,tertiary,no,-2274,no,no,telephone,11,may,813,7,279,1,success,yes
25,self-employed,divorced,unknown,no,1125,no,no,unknown,4,dec,762,1,-1,0,unknown,yes
20,management,married,tertiary,no,-640,no,yes,cellular,24,oct,141,6,-1,0,unknown,no
31,self-employed,married,primary,no,2847,yes,yes,cellular,11,oct,9,2,-1,0,unknown,no
30,technician,married,unknown,no,770,yes,no,telephone,5,nov,2,3,-1,0,unknown,no
62,self-employed,divorced,unknown,no,-187,yes,no,unknown,30,feb,33,5,-1,0,unknown,no
49,admin.,married,tertiary,no,781,yes,no,telephone,10,may,20,1,-1,0,unknown,no
51,services,married,secondary,no,7549,yes,no,telephone,5,apr,120,7,-1,0,unknown,no
62,services,married,unknown,no,168,yes,no,unknown,27,jan,14,1,-1,0,unknown,no
36,student,divorced,tertiary,no,-1709,yes,no,unknown,27,dec,252,8,-1,0,unknown,no
55,unemployed,divorced,tertiary,no,3178,yes,no,cellular,24,jan,54,6,-1,0,unknown,no
33,admin.,divorced,secondary,no,991,yes,no,telephone,27,jan,186,1,-1,0,unknown,no
19,housemaid,married,unknown,no,-2835,no,no,unknown,26,aug,28,7,110,2,other,no
57,self-employed,single,secondary,no,8137,no,no,unknown,22,mar,453,3,121,1,failure,yes
